strongs	source	gloss
H1	bdb	father; father of individual; father of his people; head of household; ancestor; originator, patron; producer, generator; benevolence; respect, honor; ruler, chief
H1	strongs_he	father, in a literal and immediate, or figurative and remote application
H2	bdb	father
H2	strongs_he	father.
H3	bdb	freshness; fresh green; while in its freshness; green shoots
H3	strongs_he	a green plant
H4	bdb	fruit
H4	strongs_he	fruit.
H5	bdb	אֲבַגְתָא n.pr.m. (Pers. cf. בִּגְתָא) eunuch of Ahasuerus Est 1:10.
H5	strongs_he	Abagtha, a eunuch of Xerxes
H6	bdb	perish; perish, die, perish, be exterminated, perish, be ruined, destroyed, perish, vanish, be lost, strayed; perish, die, perish, be exterminated, perish, be ruined, destroyed; perish, vanish; be lost, strayed; cause to perish, destroy, kill, cause to vanish, blot out, do away with, cause to stray, lose; cause to perish, destroy, kill; cause to vanish, blot out, do away with; cause to stray, lose; destroy, put to death; destroy, put to death
H6	strongs_he	properly, to wander away, i.e. lose oneself; by implication to perish (causative, destroy)
H7	bdb	perish; they shall perish; destroy; be destroyed
H7	strongs_he	destroy, perish.
H8	bdb	destruction
H8	strongs_he	(concrete) wretched or (abstract) destruction
H9	bdb	a lost thing
H9	strongs_he	concrete, something lost; abstract, destruction, i.e. Hades
H10	bdb	Destruction; Ruin; ’Abaddôn
H10	strongs_he	a perishing
H11	bdb	Destruction; Ruin; ’Abaddôn
H11	strongs_he	abstract, a perishing; concrete, Hades
H12	bdb	destruction
H12	strongs_he	a perishing
H13	bdb	destruction
H13	strongs_he	a perishing
H14	bdb	be willing, consent, command, refuse, be willing; be willing, consent, yield to
H14	strongs_he	to breathe after, i.e. (figuratively) to be acquiescent
H15	bdb	entreat
H15	strongs_he	longing
H16	bdb	reed; papyrus
H16	strongs_he	the papyrus
H17	bdb	Oh!
H17	strongs_he	want
H18	bdb	crib; feeding-trough
H18	strongs_he	a manger or stall
H19	bdb	slaughter
H19	strongs_he	brandishing of a sword
H20	bdb	water-melons
H20	strongs_he	a melon (only plural)
H21	bdb	Yah, u, is, my, father
H21	strongs_he	Abi, Hezekiah's mother
H22	bdb	Ēl is, my, father
H22	strongs_he	Abiel, the name of two Israelites
H23	bdb	my father has gathered
H23	strongs_he	Abiasaph, an Israelite
H24	bdb	fresh, young ears; Abib
H24	strongs_he	green, i.e. a young ear of grain; hence, the name of the month Abib or Nisan
H25	bdb	גִּבְעוֹן n.pr.loc. Levitical city in tribe of Benjamin; cf. also as n.pr.m.
H25	strongs_he	Abi-Gibon, perhaps an Israelite
H26	bdb	my father is joy
H26	strongs_he	Abigail or Abigal, the name of two Israelitesses
H27	bdb	my father is judge
H27	strongs_he	Abidan, an Israelite
H28	bdb	my father took knowledge
H28	strongs_he	Abida, a son of Abraham by Keturah
H29	bdb	Yah, u, is, my, father
H29	strongs_he	Abijah, the name of several Israelite men and two Israelitesses
H30	bdb	he is father
H30	strongs_he	Abihu, a son of Aaron
H31	bdb	my father is majesty
H31	strongs_he	Abihud, the name of two Israelites
H32	bdb	my father is might
H32	strongs_he	Abihail or Abichail, the name of three Israelites and two Israelitesses
H33	bdb	אֲבִי הָעֶזְרִי adj.gent. Abiezrite Ju 6:11, 24 8:52 = אִיעֶזְרִי Nu 26:30.
H33	strongs_he	an Abiezrite or descendant of Abiezer
H34	bdb	in want; needy; poor; needy; poor; needing help
H34	strongs_he	destitute
H35	bdb	caper-berry; the poor soul
H35	strongs_he	provocative of desire; the caper berry (from its stimulative taste)
H36	bdb	my father is goodness
H36	strongs_he	Abitub, an Israelite
H37	bdb	my father is; the; dew
H37	strongs_he	Abital, a wife of King David
H38	bdb	Yah, u, is, my, father
H38	strongs_he	Abijam (or Abijah), a king of Judah
H39	bdb	a father is Ēl
H39	strongs_he	Abimael, a son of Joktan
H40	bdb	Melek, is father
H40	strongs_he	Abimelek, the name of two Philistine kings and of two Israelites
H41	bdb	my father is noble
H41	strongs_he	Abinadab, the name of four Israelites
H42	bdb	my father is delight
H42	strongs_he	Abinoam, an Israelite
H43	bdb	my father has gathered
H43	strongs_he	Ebjasaph, an Israelite
H44	bdb	my father is help
H44	strongs_he	Abiezer, the name of two Israelites
H45	bdb	אֲבִי־עַלְבוֹן n.pr.m. a hero of David
H45	strongs_he	Abialbon, an Israelite
H46	bdb	strong; the Strong
H46	strongs_he	mighty (spoken of God)
H47	bdb	mighty; valiant
H47	strongs_he	angel, bull, chiefest, mighty (one), stout(-hearted), strong (one), valiant.
H48	bdb	the, Exalted One is, my, father
H48	strongs_he	Abiram, the name of two Israelites
H49	bdb	my father is a wanderer
H49	strongs_he	Abishag, a concubine of David
H50	bdb	my father is rescue, is opulence
H50	strongs_he	Abishua, the name of two Israelites
H51	bdb	my father is a wall
H51	strongs_he	Abishur, an Israelite
H52	bdb	my father is Jesse
H52	strongs_he	Abishai, an Israelite
H53	bdb	my father is peace
H53	strongs_he	Abshalom, a son of David; also (the fuller form) a later Israelite
H54	bdb	the Great One is father
H54	strongs_he	Ebjathar, an Israelite
H55	bdb	turn; roll, roll up
H55	strongs_he	probably to coil upward
H56	bdb	mourn; mourn, lament; mourn; cause to mourn
H56	strongs_he	to bewail
H57	bdb	mourning; mourner
H57	strongs_he	lamenting
H58	bdb	meadow; acacia-meadow; vineyard-meadow; dance-meadow; meadow of Egypt
H58	strongs_he	a meadow
H59	bdb	meadow; acacia-meadow; vineyard-meadow; dance-meadow; meadow of Egypt
H59	strongs_he	Abel, the name of two places in Palestine.
H60	bdb	mourning
H60	strongs_he	lamentation
H61	bdb	verily, of a truth; howbeit, but
H61	strongs_he	nay, i.e. truly or yet
H62	bdb	meadow; acacia-meadow; vineyard-meadow; dance-meadow; meadow of Egypt
H62	strongs_he	Abel of Beth-maakah, a place in Palestine
H63	bdb	meadow; acacia-meadow; vineyard-meadow; dance-meadow; meadow of Egypt
H63	strongs_he	Abel hash-Shittim, a place in Palestine
H64	bdb	meadow; acacia-meadow; vineyard-meadow; dance-meadow; meadow of Egypt
H64	strongs_he	Abel-Keramim, a place in Palestine
H65	bdb	meadow; acacia-meadow; vineyard-meadow; dance-meadow; meadow of Egypt
H65	strongs_he	Abel-Mecholah, a place in Palestine
H66	bdb	meadow; acacia-meadow; vineyard-meadow; dance-meadow; meadow of Egypt
H66	strongs_he	Abel-Majim, a place in Palestine
H67	bdb	meadow; acacia-meadow; vineyard-meadow; dance-meadow; meadow of Egypt
H67	strongs_he	Abel-Mitsrajim, a place in Palestine
H68	bdb	stone; stone; precious stone; stone containing metal, ore; a weight; plummet
H68	strongs_he	a stone
H69	bdb	אֶ֫בֶן n.f. stone
H69	strongs_he	stone.
H70	bdb	wheel, disc; wheel; bearing-stool, midwife’s stool
H70	strongs_he	a pair of stones (only dual); a potter's wheel or a midwife's stool (consisting alike of two horizontal disks with a support between)
H71	bdb	constant
H71	strongs_he	Abanah, a river near Damascus
H72	bdb	stone; stone; precious stone; stone containing metal, ore; a weight; plummet
H72	strongs_he	Eben-ha-Ezer, a place in Palestine
H73	bdb	girdle
H73	strongs_he	a belt
H74	bdb	my father is Nêr; is a lamp
H74	strongs_he	Abner, an Israelite
H75	bdb	feed; fatten
H75	strongs_he	to fodder
H76	bdb	blisters; boils
H76	strongs_he	an inflammatory pustule (as eruption)
H77	bdb	[אֶ֫בֶץ] n.pr.loc. city in Issachar אָ֑בֶץ Jos 19:20.
H77	strongs_he	Ebets, a place in Palestine
H78	bdb	אִבְצָן n.pr.m. judge of Isr.
H78	strongs_he	Ibtsan, an Israelite
H79	bdb	wrestle
H79	strongs_he	to bedust, i.e. grapple
H80	bdb	dust
H80	strongs_he	light particles (as volatile)
H81	bdb	powders
H81	strongs_he	powder.
H82	bdb	fly; move pinions
H82	strongs_he	to soar
H83	bdb	pinions
H83	strongs_he	a pinion
H84	bdb	pinion
H84	strongs_he	feather, wing.
H85	bdb	exalted father; Abram; Abraham
H85	strongs_he	Abraham, the later name of Abram
H86	bdb	אַבְרֵךְ proclaimed before Joseph (mng. dub.)
H86	strongs_he	kneel
H87	bdb	exalted father; Abram; Abraham
H87	strongs_he	Abram, the original name of Abraham
H88	bdb	water-skins
H88	strongs_he	Oboth, a place in the Desert
H89	bdb	fugitive
H89	strongs_he	Age, an Israelite
H90	bdb	violent
H90	strongs_he	Agag, a title of Amalekitish kings
H91	bdb	אֲגָגִי adj.gent. of Haman (= Amalekite? so Jew. trad. & cf. Jos. Ant. xi.6.5)
H91	strongs_he	an Agagite or descendent (subject) of Agag
H92	bdb	band; bands, thongs; bunch; band; vault
H92	strongs_he	a band, bundle, knot, or arch
H93	bdb	nuts
H93	strongs_he	a nut
H94	bdb	hireling; gatherer
H94	strongs_he	Agur, a fanciful name for Solomon
H95	bdb	payment
H95	strongs_he	properly, something gathered, i.e. perhaps a grain or berry; used only of a small (silver) coin
H96	bdb	drop
H96	strongs_he	a reservoir
H97	bdb	אֶגְלַ֫יִם n.pr.loc. town in Moab
H97	strongs_he	Eglajim, a place in Moab
H98	bdb	troubled pool; troubled, muddy, pools, marshes; pool, pond; swamp-reed, rush
H98	strongs_he	a marsh; hence a rush (as growing in swamps); hence a stockade of reeds
H99	bdb	sad
H99	strongs_he	figuratively, sad
H100	bdb	rush, bulrush
H100	strongs_he	a rush (as growing there); collectively a rope of rushes
H101	bdb	bowl, basin; basins
H101	strongs_he	a bowl (as pounded out hollow)
H102	bdb	band; army; wing
H102	strongs_he	(only plural) wings of an army, or crowds of troops
H103	bdb	gather
H103	strongs_he	to harvest
H104	bdb	letter-missive
H104	strongs_he	an epistle (as carried by a state courier or postman)
H105	bdb	basin; basket
H105	strongs_he	a basin
H106	bdb	fist
H106	strongs_he	the clenched hand
H107	bdb	letter; letter-missive
H107	strongs_he	an epistle
H108	bdb	mist
H108	strongs_he	a fog
H109	bdb	grieve; to cause to grieve
H109	strongs_he	to languish
H110	bdb	אַדְבְּאֵל n.pr.m. 3rd son of Ishmael
H110	strongs_he	Adbeel, a son of Ishmael
H111	bdb	Hadad
H111	strongs_he	Adad (or Hadad), an Edomite
H112	bdb	אִדּוֹ n.pr.m. a chief Israelite Ezr 8:17, 17.
H112	strongs_he	Iddo, an Israelite
H113	bdb	lord
H113	strongs_he	sovereign, i.e. controller (human or divine)
H114	bdb	אַדּוֹן id. [a.be.ad] Ne 7:61.
H114	strongs_he	Addon, apparently an Israelite
H115	bdb	two hills
H115	strongs_he	Adorajim, a place in Palestine
H116	bdb	then; thereupon
H116	strongs_he	then (of time)
H117	bdb	majestic
H117	strongs_he	wide or (generally) large; figuratively, powerful
H118	bdb	אֲדַלְיָא n.pr.m. 5th son of Haman Est 9:8 (Pers.?).
H118	strongs_he	Adalja, a son of Haman
H119	bdb	be red; ruddy; reddened, dyed red; redden, grow, look red; emit, show, redness
H119	strongs_he	to show blood (in the face), i.e. flush or turn rosy
H120	bdb	man, mankind; a man; man, mankind; Adam; built
H120	strongs_he	ruddy i.e. a human being (an individual or the species, mankind, etc.)
H121	bdb	man, mankind; a man; man, mankind; Adam; built
H121	strongs_he	Adam the name of the first man, also of a place in Palestine
H122	bdb	אֱדֹם n.[m.] name of a condiment.; red
H122	strongs_he	rosy
H123	bdb	Edom; Edomites, Idumeans; land of Edom, Idumaea
H123	strongs_he	Edom, the elder twin-brother of Jacob; hence the region (Idumaea) occupied by him
H124	bdb	carnelian; redness
H124	strongs_he	redness, i.e. the ruby, garnet, or some other red gem
H125	bdb	reddish
H125	strongs_he	reddish
H126	bdb	אַדְמָה n.pr.loc. city in Vale of Siddim
H126	strongs_he	Admah, a place near the Dead Sea
H127	bdb	ground, land, tilled; ground; piece of ground; earth; ground; land, territory, country; earth
H127	strongs_he	soil (from its general redness)
H128	bdb	ground, land, tilled; ground; piece of ground; earth; ground; land, territory, country; earth
H128	strongs_he	Adamah, a place in Palestine
H129	bdb	אֲדָמִי הַנֶּ֫קֶב n.pr.loc. pass in Naphtali, Jos 19:33 v. נקב.
H129	strongs_he	Adami, a place in Palestine
H130	bdb	Edomite
H130	strongs_he	an Edomite, or descendants from (or inhabitants of) Edom
H131	bdb	ascent; ascent, Scorpion-pass
H131	strongs_he	Adummim, a pass in Palestine
H132	bdb	red; ruddy
H132	strongs_he	reddish (of the hair or the complexion)
H133	bdb	unrestrained
H133	strongs_he	Admatha, a Persian nobleman
H134	bdb	base, pedestal; pedestals; pedestals; pedestals, bases, sockets
H134	strongs_he	a basis (of a building, a column, etc.)
H135	bdb	אַדָּן n.pr.loc. in Babylonia Ezr 2:59 (v. כְּרוּב n.pr.)
H135	strongs_he	Addan, an Israelite
H136	bdb	lord
H136	strongs_he	the Lord (used as a proper name of God only)
H137	bdb	אֲדֹנִי־בֶ֫זֶק n.pr.m. (or title) king of Can. city Bezek Ju 1:7; without Maqq. v 5, 6.
H137	strongs_he	Adoni-Bezek; a Canaanitish king
H138	bdb	my Lord is Yahweh
H138	strongs_he	Adonijah, the name of three Israelites
H139	bdb	אֲדֹנִי־צֶ֫דֶק n.pr.m. Canaan. king of Jerusalem
H139	strongs_he	Adoni-Tsedek, a Canaanitish king
H140	bdb	my lord has risen
H140	strongs_he	Adonikam, the name of one or two Israelites
H141	bdb	my Lord is exalted
H141	strongs_he	Adoniram, an Israelite
H142	bdb	wide, great, high, noble; majestic, glorious; make glorious
H142	strongs_he	to expand, i.e. be great or (figuratively) magnificent
H143	bdb	אֲדָר n.pr.[m.] 12th (Babylonian) month = Feb.-Mar.
H143	strongs_he	Adar, the 12th Hebrew month
H144	bdb	אֲדָר n.pr. 12th month;—Ezr 6:15.
H144	strongs_he	Adar.
H145	bdb	glory, magnificence; mantle, cloak, wide
H145	strongs_he	amplitude, i.e. (concrete) a mantle; also (figuratively) splendor
H146	bdb	noble
H146	strongs_he	Addar, a place in Palestine; also an Israelite
H147	bdb	threshing-floor
H147	strongs_he	ample, i.e. a threshing-floor
H148	bdb	counsellor
H148	strongs_he	a chief diviner, or astrologer
H149	bdb	correctly; exactly
H149	strongs_he	quickly or carefully
H150	bdb	drachma; daric
H150	strongs_he	a daric or Persian coin
H151	bdb	אֲדֹרָם (contr. or corrupt, cf. foregoing [a.be.aj]) same official, under David, & Rehob.
H151	strongs_he	Adoram (or Adoniram), an Israelite
H152	bdb	Adar is prince, Adar-malik
H152	strongs_he	Adrammelek, the name of an Assyrian idol, also of a son of Sennacherib
H153	bdb	force
H153	strongs_he	an arm, i.e. (figuratively) power
H154	bdb	אֶדְרֶ֫עִי n.pr.loc. a chief city of Bashan
H154	strongs_he	Edrei, the name of two places in Palestine
H155	bdb	glory, cloak; glory, magnificence; cloak, mantle
H155	strongs_he	something ample (as a large vine, a wide dress)
H156	bdb	אדשׁ only Inf abs. אָדוֹשׁ v. דושׁ
H156	strongs_he	to tread out (grain)
H157	bdb	love; lovely, loveable; friends, lovers; friends; lovers
H157	strongs_he	to have affection for (sexually or otherwise)
H158	bdb	love
H158	strongs_he	affection (in a good or a bad sense)
H159	bdb	amours
H159	strongs_he	love.
H160	bdb	love
H160	strongs_he	love.
H161	bdb	אֹ֫הַד n.pr.m. son of Simeon Gn 46:10 Ex 6:16.
H161	strongs_he	Ohad, an Israelite
H162	bdb	alas!
H162	strongs_he	Oh!
H163	bdb	אַהֲוָא n.pr.loc. town or district in Babylonia, by which a stream is designated, also the stream
H163	strongs_he	Ahava, a river of Babylonia
H164	bdb	אֵהוּד n.pr.m. a Benjamite, son of Gera, deliverer of Isr. fr. Moab a Benjamite, son of Bilhan
H164	strongs_he	Ehud, the name of two or three Israelites
H165	bdb	where?
H165	strongs_he	where
H166	bdb	be clear; shine
H166	strongs_he	to be clear
H167	bdb	tent, move tent; pitch one’s tent
H167	strongs_he	to tent
H168	bdb	tent; tent; dwelling, habitation; the sacred tent
H168	strongs_he	a tent (as clearly conspicuous from a distance)
H169	bdb	tent; tent; dwelling, habitation; the sacred tent
H169	strongs_he	Ohel, an Israelite
H170	bdb	Ohŏla; she who has a tent; tent-woman
H170	strongs_he	Oholah, a symbolic name for Samaria
H171	bdb	Ohŏliab; Father’s tent
H171	strongs_he	Oholiab, an Israelite
H172	bdb	Ohŏliba; tent in her
H172	strongs_he	Oholibah, a symbolic name for Judah
H173	bdb	Ohŏlibama, tent of high place
H173	strongs_he	Oholibamah, a wife of Esau
H174	bdb	aloe
H174	strongs_he	aloe wood (i.e. sticks)
H175	bdb	Aaron
H175	strongs_he	Aharon, the brother of Moses
H176	bdb	desire; or; or rather; or, or if; if perchance; except
H176	strongs_he	desire (and so probably in Proverbs 31:4); hence (by way of alternative) or, also if
H177	bdb	will of God
H177	strongs_he	Uel, and Israelite
H178	bdb	skin-bottle, necromancer; skin-bottle; necromancer; ghost; necromancy
H178	strongs_he	properly, a mumble, i.e. a water-skin (from its hollow sound); hence a necromancer (ventriloquist, as from a jar)
H179	bdb	camel-driver
H179	strongs_he	Obil, an Ishmaelite
H180	bdb	stream; river
H180	strongs_he	a stream
H181	bdb	brand; firebrand
H181	strongs_he	a poker (for turning or gathering embers)
H182	bdb	cause; circumstance
H182	strongs_he	turnings (i.e. occasions); (adverb) on account of
H183	bdb	incline, desire; desire; desire, long for, lust after
H183	strongs_he	to wish for
H184	bdb	sign; mark; describe with a mark; mark you out; measure
H184	strongs_he	to extend or mark out
H185	bdb	desire
H185	strongs_he	longing
H186	bdb	אוּזַי n.pr.m. a Judæan, Ne 3:25.
H186	strongs_he	Uzai, an Israelite
H187	bdb	אוּזָל n.pr.m. 6th son of Joktan
H187	strongs_he	Uzal, a son of Joktan
H188	bdb	woe!
H188	strongs_he	lamentation; also interjectionally Oh!
H189	bdb	desire
H189	strongs_he	Evi, a Midianitish chief
H190	bdb	אוֹיָה = אוֹי ψ 120:5 א֣וֹיָה לִּ֭י.
H190	strongs_he	woe.
H191	bdb	foolish
H191	strongs_he	(figuratively) silly
H192	bdb	man of Merodach
H192	strongs_he	Evil-Merodak, a Babylonian king
H193	bdb	body; belly; their front; prominent part; leading man; noble
H193	strongs_he	the body (as being rolled together); also powerful
H194	bdb	peradventure, perhaps; if peradventure; unless
H194	strongs_he	if not; hence perhaps
H195	bdb	Ulai; Eulaeus
H195	strongs_he	the Ulai (or Eulaeus), a river of Persia
H196	bdb	אֱוִלִי adj. id. [a.bw.ab] Zc 11:15.
H196	strongs_he	silly, foolish; hence (morally) impious
H197	bdb	porch
H197	strongs_he	a vestibule (as bound to the building)
H198	bdb	אוּלָם n.pr.m. only geneal.
H198	strongs_he	Ulam, the name of two Israelites
H199	bdb	but; but indeed
H199	strongs_he	however or on the contrary
H200	bdb	folly
H200	strongs_he	silliness
H201	bdb	eloquent
H201	strongs_he	Omar, a grandson of Esau
H202	bdb	vigour, wealth; manly vigor; strength; wealth
H202	strongs_he	ability, power, (figuratively) wealth
H203	bdb	vigour
H203	strongs_he	On, an Israelite
H204	bdb	On
H204	strongs_he	On, a city of Egypt
H205	bdb	trouble, sorrow, wickedness; trouble, sorrow; idolatry; trouble of iniquity, wickedness
H205	strongs_he	strictly nothingness; also trouble, vanity, wickedness; specifically an idol
H206	bdb	trouble, sorrow, wickedness; trouble, sorrow; idolatry; trouble of iniquity, wickedness
H206	strongs_he	Aven, the contemptuous synonym of three places, one in Coele-Syria, one in Egypt (On), and one in Palestine (Bethel)
H207	bdb	vigorous
H207	strongs_he	Ono, a place in Palestine
H208	bdb	vigorous
H208	strongs_he	Onam, the name of an Edomite and of an Israelite
H209	bdb	vigorous
H209	strongs_he	Onan, a son of Judah
H210	bdb	אוּפָז (n.pr.loc. unknown & dub.) whence came gold; but 𝔊 δόκιμος
H210	strongs_he	Uphaz, a famous gold region
H211	bdb	Ophir
H211	strongs_he	Ophir, the name of a son of Joktan, and of a gold region in the East
H212	bdb	wheel
H212	strongs_he	a wheel
H213	bdb	press, be pressed, make haste; press, hasten, be pressed, confined, narrow, hasten, make haste; press, hasten; be pressed, confined, narrow; hasten, make haste; hasten
H213	strongs_he	to press; (by implication) to be close, hurry, withdraw
H214	bdb	treasure; store; treasury; storehouse
H214	strongs_he	a depository
H215	bdb	be, become light; become light, shine; lighted up; give light, light up, cause to shine, shine, light, lighten, make shine; give light; light up, cause to shine, shine; light; lighten; make shine
H215	strongs_he	to be (causative, make) luminous (literally and metaphorically)
H216	bdb	light; light; morning light, dawn; light; daylight; lightning; light; light of life; light of prosperity; light of instruction; light
H216	strongs_he	illumination or (concrete) luminary (in every sense, including lightning, happiness, etc.)
H217	bdb	flame; region of light; East
H217	strongs_he	flame; hence (in the plural) the East (as being the region of light)
H218	bdb	Ur; flame
H218	strongs_he	Ur, a place in Chaldaea; also an Israelite
H219	bdb	herb; light; light; light
H219	strongs_he	luminousness, i.e. (figuratively) prosperity; also a plant (as being bright)
H220	bdb	manger; crib
H220	strongs_he	a stall
H221	bdb	fiery
H221	strongs_he	Uri, the name of three Israelites
H222	bdb	flame of Ēl, my light is Ēl
H222	strongs_he	Uriel, the name of two Israelites
H223	bdb	flame of Yah, my light is Yah; flame of Yahweh; my light is Yahweh
H223	strongs_he	Urijah, the name of one Hittite and five Israelites
H224	bdb	Urim
H224	strongs_he	Urim, the oracular brilliancy of the figures in the high-priest's breastplate
H225	bdb	consent; agree
H225	strongs_he	properly, to come, i.e. (implied) to assent
H226	bdb	sign; sign, pledge, token; signs, omens; sign, symbol; signs, miracles; signs, memorials; sign, pledge; ensigns, standards; signs, tokens
H226	strongs_he	a signal (literally or figuratively), as a flag, beacon, monument, omen, prodigy, evidence, etc.
H227	bdb	at that time, then; from that time
H227	strongs_he	at that time or place; also as a conjunction, therefore
H228	bdb	make hot; heat
H228	strongs_he	to kindle; (by implication) to heat
H229	bdb	אֶזְבָּ֑י n.pr.m. father of one of David’s men 1 Ch 11:37
H229	strongs_he	Ezbai, an Israelite
H230	bdb	sure; assured
H230	strongs_he	firm
H231	bdb	hyssop
H231	strongs_he	hyssop
H232	bdb	waistcloth
H232	strongs_he	something girt; a belt, also a band
H233	bdb	then; in that case
H233	strongs_he	at that time
H234	bdb	memorial-offering
H234	strongs_he	a reminder; specifically remembrance-offering
H235	bdb	go; go away, go about, be gone, exhausted, used up; yarn, spin
H235	strongs_he	to go away, hence, to disappear
H236	bdb	go; go off
H236	strongs_he	to depart
H237	bdb	[אֶזֶל] onlyהָאָ֑זֶל 1 S 20:19 rd. הַלָּ(א)ז q.v.
H237	strongs_he	Ezel, a memorial stone in Palestine
H238	bdb	give ear, listen, hear; hear; listening, with favour
H238	strongs_he	to broaden out the ear (with the hand), i.e. (by implication) to listen
H239	bdb	weigh; test; prove
H239	strongs_he	to weigh, i.e. (figuratively) ponder
H240	bdb	implements; tools
H240	strongs_he	a spade or paddle (as having a broad end)
H241	bdb	ear; ear; organ of hearing; open ears of, reveal to
H241	strongs_he	broadness. i.e. (concrete) the ear (from its form in man)
H242	bdb	portion; of She’ĕra
H242	strongs_he	Uzzen-Sheerah, a place in Palestine
H243	bdb	peaks
H243	strongs_he	Aznoth-Tabor, a place in Palestine
H244	bdb	my hearing; my ear; אָזְנִי adj.gent. fr. same, הָאָזְנִי Nu 26:16.
H244	strongs_he	Ozni, an Israelite; also an Oznite (collectively), his descendant
H245	bdb	Yahweh hath heard
H245	strongs_he	Azanjah, an Israelite
H246	bdb	manacle; manacles
H246	strongs_he	manacles
H247	bdb	gird, encompass, equip; gird, gird on; girded with might; gird; gird oneself
H247	strongs_he	to belt
H248	bdb	arm
H248	strongs_he	the arm
H249	bdb	a native; one arising from the soil
H249	strongs_he	a spontaneous growth, i.e. native (tree or persons)
H250	bdb	אֶזְרָחִי adj.gent. i.e. of family of זֶרַח
H250	strongs_he	an Ezrachite or descendant of Zerach
H251	bdb	brother; brother; one … another
H251	strongs_he	a brother (used in the widest sense of literal relationship and metaphorical affinity or resemblance [like 1])
H252	bdb	brother
H252	strongs_he	brother.
H253	bdb	ah!; alas!
H253	strongs_he	Oh! (expressive of grief or surprise)
H254	bdb	fire-pot; brasier
H254	strongs_he	a fire-pot or chafing dish
H255	bdb	jackal
H255	strongs_he	a howler or lonesome wild animal
H256	bdb	Ahab, father’s brother
H256	strongs_he	Achab, the name of a king of Israel and of a prophet at Babylon
H257	bdb	brother of an intelligent one
H257	strongs_he	Achban, an Israelite
H258	bdb	be sharp, keen; are keener than evening wolves; sharpeneth; be sharpened
H258	strongs_he	to unify, i.e. (figuratively) collect (one's thoughts)
H259	bdb	one; one; each, every; a certain; only, once; one, another, one, the other; first
H259	strongs_he	properly, united, i.e. one; or (as an ordinal) first
H260	bdb	reeds; rushes
H260	strongs_he	a bulrush or any marshy grass (particularly that along the Nile)
H261	bdb	union
H261	strongs_he	Echud, the name of three Israelites
H262	bdb	declaration
H262	strongs_he	an utterance
H263	bdb	a declaring
H263	strongs_he	solution (of riddles)
H264	bdb	brotherhood
H264	strongs_he	fraternity
H265	bdb	אֲחוֹחַ n.pr.m. a Benjamite 1 Ch 8:4
H265	strongs_he	Achoach, an Israelite
H266	bdb	אֲחוֹחִי (אֲחֹחִי) adj.gent. 2 S 23:9
H266	strongs_he	an Achochite or descendant of Achoach
H267	bdb	אֲחוּמַי n.pr.m. descendant of Judah 1 Ch 4:2.
H267	strongs_he	Achumai, an Israelite
H268	bdb	the hinder side; back part
H268	strongs_he	the hinder part; hence (adverb) behind, backward; also (as facing north) the West
H269	bdb	sister; sister; another
H269	strongs_he	a sister (used very widely [like 251number 250, corrected to 251], literally and figuratively)
H270	bdb	grasp, take hold of, take possession; grasp, take hold of; be caught; enclose, overlay; fastened
H270	strongs_he	to seize (often with the accessory idea of holding in possession)
H271	bdb	he has grasped
H271	strongs_he	Achaz, the name of a Jewish king and of an Israelite
H272	bdb	possession
H272	strongs_he	something seized, i.e. a possession (especially of land)
H273	bdb	Yah, u, hath grasped
H273	strongs_he	Achzai, an Israelite
H274	bdb	Yah, u, hath grasped
H274	strongs_he	Achazjah, the name of a Jewish and an Israelite king
H275	bdb	possessor
H275	strongs_he	Achuzzam, an Israelite
H276	bdb	possession
H276	strongs_he	Achuzzath, a Philistine
H277	bdb	brother of Yah, u
H277	strongs_he	Achi, the name of two Israelites
H278	bdb	אֵחִי n.pr.m. a son of Benjamin Gn 46:21 (P)
H278	strongs_he	Echi, an Israelite
H279	bdb	אֲחִיאָם n.pr.m. one of David’s heroes 2 S 23:33 1 Ch 11:35.
H279	strongs_he	Achiam, an Israelite
H280	bdb	riddle
H280	strongs_he	an enigma
H281	bdb	brother of Yah, u
H281	strongs_he	Achijah, the name of nine Israelites
H282	bdb	brother of majesty
H282	strongs_he	Achihud, an Israelite
H283	bdb	fraternal
H283	strongs_he	Achio, the name of three Israelites
H284	bdb	אֲחִיחֻד n.pr.m. son of Ehud, a Benjamite 1 Ch 8:7.
H284	strongs_he	Achichud, an Israelite
H285	bdb	my brother is goodness
H285	strongs_he	Achitub, the name of several priests
H286	bdb	child’s brother
H286	strongs_he	Achilud, an Israelite
H287	bdb	my brother is death
H287	strongs_he	Achimoth, an Israelite
H288	bdb	brother of Melek
H288	strongs_he	Achimelek, the name of an Israelite and of a Hittite
H289	bdb	my brother is a gift
H289	strongs_he	Achiman, the name of an Anakite and of an Israelite
H290	bdb	my brother is wrath
H290	strongs_he	Achimaats, the name of three Israelites
H291	bdb	fraternal
H291	strongs_he	Achjan, an Israelite
H292	bdb	my brother is noble
H292	strongs_he	Achinadab, an Israelite
H293	bdb	my brother is delight
H293	strongs_he	Achinoam, the name of two Israelitesses
H294	bdb	my brother has supported
H294	strongs_he	Achisamak, an Israelite
H295	bdb	my brother is help
H295	strongs_he	Achiezer, the name of two Israelites
H296	bdb	my brother has arisen
H296	strongs_he	Achikam, an Israelite
H297	bdb	brother of; the; lofty
H297	strongs_he	Achiram, an Israelite
H298	bdb	אֲחִירָמִי adj.gent. הָא׳ as n. coll. Nu 26:38.
H298	strongs_he	an Achiramite or descendant (collectively) of Achiram
H299	bdb	my brother is evil
H299	strongs_he	Achira, an Israelite
H300	bdb	brother of; the; dawn
H300	strongs_he	Achishachar, an Israelite
H301	bdb	my brother has sung
H301	strongs_he	Achishar, an Israelite
H302	bdb	my brother is folly
H302	strongs_he	Achithophel, an Israelite
H303	bdb	אַחְלָב n.pr.loc. town assigned to Asher Ju 1:31, site unknown
H303	strongs_he	Achlab, a place in Palestine
H304	bdb	אַחְלָ֑י n.pr. f. daughter of Sheshan m. father of one of David’s mighty men
H304	strongs_he	Achlai, the name of an Israelitess and of an Israelite
H305	bdb	ah that!
H305	strongs_he	would that!
H306	bdb	amethyst
H306	strongs_he	a gem, probably the amethyst
H307	bdb	Ecbatana
H307	strongs_he	Achmetha (i.e. Ecbatana), the summer capital of Persia
H308	bdb	אֲחַסְבַּי n.pr.m. father of Eliphelet, one of David’s heroes 2 S 23:34.
H308	strongs_he	Achasbai, an Israelite
H309	bdb	to remain behind, delay, tarry; and I have tarried; delay, tarry, cause one to delay, hinder, keep back, bring late; delay, tarry; cause one to delay, hinder, keep back, bring late
H309	strongs_he	to loiter (i.e. be behind); by implication to procrastinate
H310	bdb	the hinder, following part; behind, afterwards; behind; afterwards; behind, after, after; behind, after; after; after that; backwards
H310	strongs_he	properly, the hind part; generally used as an adverb or conjunction, after (in various senses)
H311	bdb	after
H311	strongs_he	after
H312	bdb	another
H312	strongs_he	properly, hinder; generally, next, other, etc.
H313	bdb	אַחֵר n.pr.m. 1 Ch 7:12 (ident. & meaning quite dub.)
H313	strongs_he	Acher, an Israelite
H314	bdb	coming after, behind; behind, hindermost; latter, last
H314	strongs_he	hinder; generally, late or last; specifically (as facing the east) western
H315	bdb	אַחֲרַח n.pr.m. a son of Benjamin 1 Ch 8:1
H315	strongs_he	Achrach, an Israelite
H316	bdb	אֲחַרְחֵל n.pr.m. app. a descendant of Judah 1 Ch 4:8 (deriv. & mng. dub.)
H316	strongs_he	Acharchel, an Israelite
H317	bdb	another
H317	strongs_he	other
H318	bdb	and unto the last
H318	strongs_he	last
H319	bdb	after-part; end
H319	strongs_he	the last or end, hence, the future; also posterity
H320	bdb	end
H320	strongs_he	later
H321	bdb	another
H321	strongs_he	other
H322	bdb	backwards
H322	strongs_he	backwards
H323	bdb	satraps
H323	strongs_he	a satrap or governor of a main province (of Persia)
H324	bdb	satraps
H324	strongs_he	prince.
H325	bdb	Ahasuerus
H325	strongs_he	Achashverosh (i.e. Ahasuerus or Artaxerxes, but in this case Xerxes), the title (rather than name) of a Persian king
H326	bdb	אֲחַשְׁתָּרִי n.pr.m. but in form adj. gent. 1 Ch 4:6
H326	strongs_he	an achastarite (i.e. courier); the designation (rather than name) of an Israelite
H327	bdb	royal
H327	strongs_he	a mule
H328	bdb	gentleness; mutterer; mutterers
H328	strongs_he	(as a noun) a necromancer (from their soft incantations), (as an adverb) gently
H329	bdb	bramble; buck-thorn
H329	strongs_he	a thorn-tree (especially the buckthorn)
H330	bdb	thread; yarn
H330	strongs_he	properly, twisted (yarn), i.e. tapestry
H331	bdb	shut, shut up; shut, stop
H331	strongs_he	to close (the lips or ears); by analology to contract (a window by bevelled jambs)
H332	bdb	shut up, close, bind
H332	strongs_he	to close up
H333	bdb	binder
H333	strongs_he	Ater, the name of three Israelites
H334	bdb	shut up; bound
H334	strongs_he	shut up, i.e. impeded (as to the use of the right hand)
H335	bdb	where?
H335	strongs_he	where? hence how?
H336	bdb	not
H336	strongs_he	not
H337	bdb	alas!
H337	strongs_he	alas!
H338	bdb	jackal; howler
H338	strongs_he	a howler (used only in the plural), i.e. any solitary wild creature
H339	bdb	coast; region
H339	strongs_he	properly, a habitable spot (as desirable); dry land, a coast, an island
H340	bdb	be hostile to; enemy
H340	strongs_he	to hate (as one of an opposite tribe or party); hence to be hostile
H341	bdb	be hostile to; enemy
H341	strongs_he	hating; an adversary
H342	bdb	enmity
H342	strongs_he	hostility
H343	bdb	distress, calamity
H343	strongs_he	oppression; by implication misfortune, ruin
H344	bdb	hawk; falcon; kite
H344	strongs_he	the screamer, i.e. a hawk
H345	bdb	falcon
H345	strongs_he	Ajah, the name of two Israelites
H346	bdb	Where?
H346	strongs_he	where?
H347	bdb	Job
H347	strongs_he	Ijob, the patriarch famous for his patience
H348	bdb	אִיזֶבֶל n.pr.f. queen of Ahab, daughter of Ethbaal, king of Tyre
H348	strongs_he	Izebel, the wife of king Ahab
H349	bdb	How?; How!; In what manner?; How!; Where?; How?
H349	strongs_he	how? or how!; also where
H350	bdb	inglorious
H350	strongs_he	Ikabod, a son of Phineas
H351	bdb	where
H351	strongs_he	where
H352	bdb	leader; chief; terebinth; projecting pillar; pilaster; ram
H352	strongs_he	properly, strength; hence, anything strong; specifically a chief (politically); also a ram (from his strength); a pilaster (as a strong support); an oak or other strong tree
H353	bdb	help
H353	strongs_he	strength
H354	bdb	hart; stag; deer
H354	strongs_he	a stag or male deer
H355	bdb	hind; doe
H355	strongs_he	a doe or female deer
H356	bdb	אֵלוֹן n.pr.m. son of Zebulun a Hittite, father-in-law of Esau a judge of Isr., of tribe of Zeb. n.pr.loc. a town of Dan
H356	strongs_he	Elon, the name of a place in Palestine, and also of one Hittite, two Israelites
H357	bdb	Deer, Aijalon
H357	strongs_he	Ajalon, the name of five places in Palestine
H358	bdb	בֵּית חָנָן n.pr.loc. in Dan (Judah? Philistine territory) 1 K 4:9
H358	strongs_he	Elon of Beth-chanan, a place in Palestine
H359	bdb	grove of lofty trees; lofty tree; s
H359	strongs_he	Eloth or Elath, a place on the Red Sea
H360	bdb	[אֱיָלוּת] n.f. id. [אֱיָל]
H360	strongs_he	power; by implication, protection
H361	bdb	porch
H361	strongs_he	a pillar-space (or colonnade), i.e. a pale (or portico)
H362	bdb	terebinths
H362	strongs_he	Elim, a place in the Desert
H363	bdb	tree
H363	strongs_he	a tree
H364	bdb	terebinth of Paran
H364	strongs_he	El-Paran, a portion of the district of Paran
H365	bdb	hind; doe
H365	strongs_he	a doe
H366	bdb	terrible; dreadful
H366	strongs_he	frightful
H367	bdb	terror; dread
H367	strongs_he	fright; concrete, an idol (as a bugbear)
H368	bdb	Emim; terrors
H368	strongs_he	Emim, an early Canaanitish (or Maobitish) tribe
H369	bdb	nothing, nought; to nothing, as nothing; is not, are not, was not, were not; there is (was) not to, have, has, had, not; it is not to
H369	strongs_he	a nonentity; generally used as a negative particle
H370	bdb	whence?
H370	strongs_he	where? (only in connection with prepositional prefix, whence)
H371	bdb	אִין 1 S 21:9 prob. irreg. for אֵין
H371	strongs_he	is it not?
H372	bdb	my father is help
H372	strongs_he	Iezer, an Israelite
H373	bdb	אֲבִי הָעֶזְרִי adj.gent. Abiezrite Ju 6:11, 24 8:52 = אִיעֶזְרִי Nu 26:30.
H373	strongs_he	an Iezrite or descendant of Iezer
H374	bdb	ephah
H374	strongs_he	an ephah or measure for grain; hence, a measure in general
H375	bdb	where?; of what kind?
H375	strongs_he	what place?; also (of time) when?; or (of means) how?
H376	bdb	man
H376	strongs_he	a man as an individual or a male person; often used as an adjunct to a more definite term (and in such cases frequently not expressed in translation)
H377	bdb	[אשׁשׁ] Hithpo. Is 46:8
H377	strongs_he	to be a man, i.e. act in a manly way
H378	bdb	Ishbosheth
H378	strongs_he	Ish-Bosheth, a son of King Saul
H379	bdb	man of majesty
H379	strongs_he	Ishod, an Israelite
H380	bdb	pupil
H380	strongs_he	the little man of the eye; the pupil or ball; hence, the middle (of night)
H381	bdb	man
H381	strongs_he	Ishchail (or Ish-chai), an Israelite
H382	bdb	man
H382	strongs_he	Ish-Tob, a place in Palestine
H383	bdb	there is; are
H383	strongs_he	properly, entity; used only as a particle of affirmation, there is
H384	bdb	אִיתִיאֵל in MT n.pr.m. usually take as name of a son or pupil of Agur a Benjamite
H384	strongs_he	Ithiel, the name of an Israelite, also of a symbolical person
H385	bdb	is; land of palms
H385	strongs_he	Ithamar, a son of Aaron
H386	bdb	perennial; ever-flowing; permanent; steady flow; permanence
H386	strongs_he	permanence; hence (concrete) permanent; specifically a chieftain
H387	bdb	אֵיתָן n.pr.m. a wise man
H387	strongs_he	Ethan, the name of four Israelites
H388	bdb	perennial; ever-flowing; permanent; steady flow; permanence
H388	strongs_he	Ethanim, the name of a month
H389	bdb	surely
H389	strongs_he	a particle of affirmation, surely; hence (by limitation) only
H390	bdb	Akkad
H390	strongs_he	Accad, a place in Babylon
H391	bdb	deceptive; disappointing
H391	strongs_he	falsehood; by implication treachery
H392	bdb	אַכְזִיב n.pr.loc. in lowland of Judah in Asher
H392	strongs_he	Akzib, the name of two places in Palestine
H393	bdb	cruel; fierce
H393	strongs_he	violent; by implication deadly; also (in a good sense) brave
H394	bdb	cruel
H394	strongs_he	terrible
H395	bdb	cruelty; fierceness
H395	strongs_he	fierceness
H396	bdb	an eating; a meal
H396	strongs_he	something eatable, i.e. food
H397	bdb	אָכִישׁ n.pr.m. king of Gath
H397	strongs_he	Akish, a Philistine king
H398	bdb	eat; eat, eat, devour, devour, consume, devour, slay, devour, consume, destroy, devour; eat; eat, devour; devour, consume; devour, slay; devour, consume, destroy; devour; be eaten, be devoured, consumed, be wasted, destroyed; be eaten; be devoured, consumed; be wasted, destroyed; be consumed; cause to eat, feed with, cause to devoure; cause to eat, feed with; cause to devoure
H398	strongs_he	to eat (literally or figuratively)
H399	bdb	eat; devour
H399	strongs_he	accuse, devour, eat.
H400	bdb	food
H400	strongs_he	food
H401	bdb	וְאֻכָֿל Pr 30:1 rd. וָאֵכֶל & v. כלה.
H401	strongs_he	Ucal, a fancy name
H402	bdb	food, eating; devouring; consuming
H402	strongs_he	food
H403	bdb	surely, truly; but indeed, but in fact
H403	strongs_he	firmly; figuratively, surely; also (adversative) but
H404	bdb	press; urge
H404	strongs_he	to urge
H405	bdb	pressure
H405	strongs_he	a load; by implication, a stroke (others dignity)
H406	bdb	ploughman; husbandman
H406	strongs_he	a farmer
H407	bdb	אַכְשָׁף n.pr.loc. in (Northern) Canaan, with a king; situated on the border of Asher
H407	strongs_he	Acshaph, a place in Palestine
H408	bdb	אַל adv. of negation, denying however, not objectively as a fact, but subjectively as a wish, expressing therefore a deprecation or prohibition
H408	strongs_he	not (the qualified negation, used as a deprecative); once (Job 24:25) as a noun, nothing
H409	bdb	do not; let not
H409	strongs_he	not.
H410	bdb	god; men of might and rank; angels; gods of the nations; Ēl; God; strength, power
H410	strongs_he	strength; as adjective, mighty; especially the Almighty (but used also of any deity)
H411	bdb	these
H411	strongs_he	these or those
H412	bdb	these
H412	strongs_he	these.
H413	bdb	motion to, direction towards; to, unto; into; towards; against; Unto, in addition to; in regard to, concerning, on account of; according to; against, at, by; motion, direction to
H413	strongs_he	near, with or among; often in general, to
H414	bdb	אֵלָא n.pr.m. father of an officer of Solomon 1 K 4:18
H414	strongs_he	Ela, an Israelite
H415	bdb	god; men of might and rank; angels; gods of the nations; Ēl; God; strength, power
H415	strongs_he	El-Elohi-Jisrael, the title given to a consecrated spot by Jacob
H416	bdb	god; men of might and rank; angels; gods of the nations; Ēl; God; strength, power
H416	strongs_he	El-Bethel, the title given to a consecrated spot by Jacob
H417	bdb	hail
H417	strongs_he	hail (as if a great pearl)
H418	bdb	sandal-wood
H418	strongs_he	sticks of algum wood
H419	bdb	God has loved
H419	strongs_he	Eldad, an Israelite
H420	bdb	God has called
H420	strongs_he	Eldaah, a son of Midian
H421	bdb	wail
H421	strongs_he	to bewail
H422	bdb	swear, curse; swear, take oath, curse; swear, take oath; curse; adjure, put under oath
H422	strongs_he	properly, to adjure, i.e. (usually in a bad sense) imprecate
H423	bdb	oath; oath; oath; curse; execration
H423	strongs_he	an imprecation
H424	bdb	terebinth
H424	strongs_he	an oak or other strong tree
H425	bdb	terebinth
H425	strongs_he	Elah, the name of an Edomite, of four Israelites, and also of a place in Palestine
H426	bdb	god; God
H426	strongs_he	God
H427	bdb	oak
H427	strongs_he	oak.
H428	bdb	these; these, those
H428	strongs_he	these or those
H429	bdb	these
H429	strongs_he	these.
H430	bdb	rulers, judges, divine ones, angels, gods; rulers, judges; divine ones; angels; gods; god, goddess, godlike one, God; god, goddess; godlike one; God; the (true) God; God
H430	strongs_he	gods in the ordinary sense; but specifically used (in the plural thus, especially with the article) of the supreme God; occasionally applied by way of deference to magistrates; and sometimes as a superlative
H431	bdb	lo!
H431	strongs_he	lo!
H432	bdb	if; though
H432	strongs_he	nay, i.e. (softened) if
H433	bdb	god, God; a heathen god; God
H433	strongs_he	a deity or the Deity
H434	bdb	אֱלוּל Je 14:14 Kt, i.q. אֱלִיל, q.v.
H434	strongs_he	good for nothing
H435	bdb	אֱלוּל n.pr. of 6th month, Aug.-Sept. Ne 6:15
H435	strongs_he	Elul, the sixth Jewish month
H436	bdb	terebinth
H436	strongs_he	an oak or other strong tree
H437	bdb	oak
H437	strongs_he	oak.
H438	bdb	oak
H438	strongs_he	Allon, an Israelite, also a place in Palestine
H439	bdb	weeping; mourning oak
H439	strongs_he	Allon-Bakuth, a monumental tree
H440	bdb	אֵלֹנִי adj.gent. of אֵלוֹן 1. (as n. coll.) Nu 26:26.
H440	strongs_he	an Elonite or descendant (collectively) of Elon
H441	bdb	tame; tame, docile; friend, intimate; chief; chiliarch
H441	strongs_he	familiar; a friend, also gentle; hence, a bullock (as being tame; applied, although masculine, to a cow); and so, a chieftain (as notable, like neat cattle)
H442	bdb	אָלוּשׁ n.pr.loc. a station of Israel in the wilderness Nu 33:13, 14.
H442	strongs_he	Alush, a place in the Desert
H443	bdb	God has given
H443	strongs_he	Elzabad, the name of two Israelites
H444	bdb	be corrupt; tainted
H444	strongs_he	to muddle, i.e. (figuratively and intransitive) to turn (morally) corrupt
H445	bdb	God has been gracious
H445	strongs_he	Elchanan, an Israelite
H446	bdb	God is father
H446	strongs_he	Eliab, the name of six Israelites
H447	bdb	Ēl is God, my God is God
H447	strongs_he	Eliel, the name of nine Israelites
H448	bdb	God has come
H448	strongs_he	Eliathah, an Israelite
H449	bdb	אֶלְדָּד v. אֶלְדָּד supr.
H449	strongs_he	Elidad, an Israelite
H450	bdb	God knows
H450	strongs_he	Eljada, the name of two Israelites and of an Aramaean leader
H451	bdb	fat tail
H451	strongs_he	the stout part, i.e. the fat tail of the Oriental sheep
H452	bdb	Yah, u, is God; Elijah
H452	strongs_he	Elijah, the name of the famous prophet and of two other Israelites
H453	bdb	He is, my, God
H453	strongs_he	Elihu, the name of one of Job's friends, and of three Israelites
H454	bdb	unto י׳ are mine eyes; אֶלְיוֹעֵינַי n.pr.m. (id. [a.di.ab]) a descendant of David a Simeonite a Benjamite priests in time of Ezra
H454	strongs_he	Eljehoenai or Eljoenai, the name of seven Israelites
H455	bdb	God hides
H455	strongs_he	Eljachba, an Israelite
H456	bdb	Autumn God
H456	strongs_he	Elichoreph, an Israelite
H457	bdb	insufficiency, worthlessness; worthlessness; worthless gods, idols
H457	strongs_he	good for nothing, by analogy vain or vanity; specifically an idol
H458	bdb	God is king
H458	strongs_he	Elimelek, an Israelite
H459	bdb	these
H459	strongs_he	these
H460	bdb	God has added
H460	strongs_he	Eljasaph, the name of two Israelites
H461	bdb	God is help
H461	strongs_he	Eliezer, the name of a Damascene and of ten Israelites
H462	bdb	אֶלְיוֹעֵינַי n.pr.m. (id. [a.di.ab]) a descendant of David a Simeonite a Benjamite priests in time of Ezra
H462	strongs_he	Elienai, an Israelite
H463	bdb	God is kinsman
H463	strongs_he	Eliam, an Israelite
H464	bdb	God of fine gold
H464	strongs_he	Eliphaz, the name of one of Job's friends, and of a son of Esau
H465	bdb	God has judged
H465	strongs_he	Eliphal, an Israelite
H466	bdb	may God distinguish him
H466	strongs_he	Eliphelehu, an Israelite
H467	bdb	God is deliverance
H467	strongs_he	Eliphelet or Elpelet, the name of six Israelites
H468	bdb	Rock is God
H468	strongs_he	Elitsur, an Israelite
H469	bdb	God has protected
H469	strongs_he	Elitsaphan or Eltsaphan, an Israelite
H470	bdb	אֱלִיקָא n.pr.m. one of David’s heroes 2 S 23:25.
H470	strongs_he	Elika, an Israelite
H471	bdb	God sets up
H471	strongs_he	Eljakim, the name of four Israelites
H472	bdb	God is an oath
H472	strongs_he	Elisheba, the wife of Aaron
H473	bdb	son of Javan
H473	strongs_he	Elishah, a son of Javan
H474	bdb	God is salvation; is opulence
H474	strongs_he	Elishua, the son of King David
H475	bdb	God restores
H475	strongs_he	Eljashib, the name of six Israelites
H476	bdb	God has heard
H476	strongs_he	Elishama, the name of seven Israelites
H477	bdb	God is salvation
H477	strongs_he	Elisha, the famous prophet
H478	bdb	God has judged
H478	strongs_he	Elishaphat, an Israelite
H479	bdb	these
H479	strongs_he	these
H480	bdb	alas!; woe!
H480	strongs_he	alas!
H481	bdb	bind; be bound, be dumb; bind
H481	strongs_he	to tie fast; hence (of the mouth) to be tongue-tied
H482	bdb	silence
H482	strongs_he	silence (i.e. mute justice)
H483	bdb	dumb; unable to speak
H483	strongs_he	speechless
H484	bdb	אַלְמֻגִּים n.[m.]pl. id. [a.dg.ac]
H484	strongs_he	almug (i.e. probably sandle-wood) sticks
H485	bdb	sheaf
H485	strongs_he	something bound; a sheaf
H486	bdb	אַלְמוֹדָד n.pr. of South-Arab. people
H486	strongs_he	Almodad, a son of Joktan
H487	bdb	אַלַּמֶּלֶךְ n.pr.loc. in Asher Jos 19:26
H487	strongs_he	Allammelek, a place in Palestine
H488	bdb	forsaken
H488	strongs_he	discarded (as a divorced person)
H489	bdb	widowhood
H489	strongs_he	bereavement
H490	bdb	widow
H490	strongs_he	a widow; also a desolate place
H491	bdb	widowhood
H491	strongs_he	concrete, a widow; abstract, widowhood
H492	bdb	some one; a certain; unspoken
H492	strongs_he	some one (i.e. so and so, without giving the name of the person or place)
H493	bdb	God is pleasantness
H493	strongs_he	Elnaam, an Israelite
H494	bdb	God has given
H494	strongs_he	Elnathan, the name of four Israelites
H495	bdb	Ellasar
H495	strongs_he	Ellasar, an early country of Asia
H496	bdb	God has testified
H496	strongs_he	Elad, an Israelite
H497	bdb	God has adorned
H497	strongs_he	Eladah, an Israelite
H498	bdb	God is my strength
H498	strongs_he	Eluzai, an Israelite
H499	bdb	God has helped
H499	strongs_he	Elazar, the name of seven Israelites
H500	bdb	God doth ascend
H500	strongs_he	Elale or Elaleh, a place east of the Jordan
H501	bdb	God has made
H501	strongs_he	Elasah, the name of four Israelites
H502	bdb	learn; teach
H502	strongs_he	hence, to learn (and causatively to teach)
H503	bdb	thousand
H503	strongs_he	causative, to make a thousandfold
H504	bdb	cattle
H504	strongs_he	a family; also (from the sense of yoking or taming) an ox or cow
H505	bdb	thousand
H505	strongs_he	hence (the ox's head being the first letter of the alphabet, and this eventually used as a numeral) a thousand
H506	bdb	1,000
H506	strongs_he	thousand.
H507	bdb	אֶ֫לֶף n.pr.loc. city in Benj. Jos 18:28
H507	strongs_he	Eleph, a place in Palestine
H508	bdb	God of doing
H508	strongs_he	Elpaal, an Israelite
H509	bdb	urge
H509	strongs_he	to press
H510	bdb	band of soldiers
H510	strongs_he	a non-rising (i.e. resistlessness)
H511	bdb	God has created, taken possession
H511	strongs_he	Elkanah, the name of several Israelites
H512	bdb	Elkoshite
H512	strongs_he	an Elkoshite or native of Elkosh
H513	bdb	אֶלְתּוֹלַד n.pr.loc. city in southern Judah
H513	strongs_he	Eltolad, a place in Palestine
H514	bdb	אֶלְתְּקֵא, אֶלְתְּקֵה n.pr.loc. Levitical city in the tribe of Dan, between Ekron & Timna
H514	strongs_he	Eltekeh or Elteke, a place in Palestine
H515	bdb	אֶלְתְּקֹן n.pr.loc. a city in the tribe of Judah north of Hebron Jos 15:59.
H515	strongs_he	Eltekon, a place in Palestine
H516	bdb	go to ruin; be marred, spoiled; spoil, ruin, pervert, corrupt; spoil, ruin; pervert, corrupt; spoil, ruin, pervert, corrupt; spoil, ruin; pervert, corrupt; spoiled, ruined
H516	strongs_he	'Thou must not destroy'; probably the opening words to a popular song
H517	bdb	mother; mother; dam; point of departure, division
H517	strongs_he	a mother (as the bond of the family); in a wide sense (both literally and figuratively [like father])
H518	bdb	if; that if, for if; that if; for if; except, but rather, but, surely; except; but rather, but; surely
H518	strongs_he	used very widely as demonstrative, lo!; interrogative, whether?; or conditional, if, although; also Oh that!, when; hence, as a negative, not
H519	bdb	maid, handmaid; maidservant
H519	strongs_he	a maid-servant or female slave
H520	bdb	foundation; ell, cubit; cubit; measure
H520	strongs_he	properly, a mother (i.e. unit of measure, or the fore-arm (below the elbow), i.e. a cubit; also a door-base (as a bond of the entrance)
H521	bdb	[אַמָּה] n.f. cubit
H521	strongs_he	cubit.
H522	bdb	אַמָּה n.pr.loc. hill near Gibeon, 2 S 2:24.
H522	strongs_he	Ammah, a hill in Palestine
H523	bdb	tribe; people
H523	strongs_he	a collection, i.e. community of persons
H524	bdb	nation
H524	strongs_he	nation.
H525	bdb	artificer; architect; master-workman
H525	strongs_he	skilled, i.e. an architect
H526	bdb	master-workman
H526	strongs_he	Amon, the name of three Israelites
H527	bdb	artificer; architect; master-workman
H527	strongs_he	a throng of people
H528	bdb	Amon
H528	strongs_he	Amon (i.e. Ammon or Amn), a deity of Egypt
H529	bdb	trusting; faithfulness
H529	strongs_he	established, i.e. (figuratively) trusty; also (abstractly) trustworthiness
H530	bdb	firmness, steadfastness, fidelity; firmness, steadiness; steadfastness; faithfulness, trust
H530	strongs_he	literally firmness; figuratively security; morally fidelity
H531	bdb	אָמוֹץ n.pr.m. father of Isaiah (= following [אָמֹץ])
H531	strongs_he	Amots, an Israelite
H532	bdb	אָמִי n.pr.m. Ezr 2:57 = III. אָמוֹן Ne 7:59.
H532	strongs_he	Ami, an Israelite
H533	bdb	mighty
H533	strongs_he	strong or (abstractly) strength
H534	bdb	top; summit
H534	strongs_he	a summit (of a tree or mountain)
H535	bdb	be weak, languish; how weak is thy heart!; be, grow feeble, languish
H535	strongs_he	to droop; by implication to be sick, to mourn
H536	bdb	אֻמְלַל adj. id. [אֲמֵלָל] ψ 6:3
H536	strongs_he	sick
H537	bdb	feeble
H537	strongs_he	languid
H538	bdb	אֲמָם n.pr.loc. in southern Judah Jos 15:26
H538	strongs_he	Amam, a place in Palestine
H539	bdb	confirm, support; support, nourish, foster-father, foster-mother, nurse, pillars, supporters of the door; support, nourish; foster-father; foster-mother, nurse; pillars, supporters of the door; carried by nurse, made firm, sure, lasting, confirmed, established, sure, verified, confirmed, reliable, faithful, trusty; carried by nurse; made firm, sure, lasting; confirmed, established, sure; verified, confirmed; reliable, faithful, trusty; stand firm, trust, believe; stand firm; trust, believe
H539	strongs_he	properly, to build up or support; to foster as a parent or nurse; figuratively to render (or be) firm or faithful, to trust or believe, to be permanent or quiet; morally to be true or certain;
H540	bdb	trust
H540	strongs_he	believe, faithful, sure.
H541	bdb	go to; choose the right; use the right hand
H541	strongs_he	to take the right hand road
H542	bdb	master-workman; artist
H542	strongs_he	an expert
H543	bdb	verily; truly
H543	strongs_he	sure; abstract, faithfulness; adverb, truly
H544	bdb	faithfulness
H544	strongs_he	verity
H545	bdb	bringing up; nourishment
H545	strongs_he	tutelage
H546	bdb	verily; truly; indeed
H546	strongs_he	adverb, surely
H547	bdb	confirm, support; support, nourish, foster-father, foster-mother, nurse, pillars, supporters of the door; support, nourish; foster-father; foster-mother, nurse; pillars, supporters of the door; carried by nurse, made firm, sure, lasting, confirmed, established, sure, verified, confirmed, reliable, faithful, trusty; carried by nurse; made firm, sure, lasting; confirmed, established, sure; verified, confirmed; reliable, faithful, trusty; stand firm, trust, believe; stand firm; trust, believe
H547	strongs_he	a column
H548	bdb	faith; support
H548	strongs_he	something fixed, i.e. a covenant. an allowance
H549	bdb	constant
H549	strongs_he	Amanah, a mountain near Damascus
H550	bdb	faithful
H550	strongs_he	Amnon (or Aminon), a son of David
H551	bdb	verily; truly
H551	strongs_he	verily
H552	bdb	verily; truly; indeed
H552	strongs_he	in (very) deed; of a surety.
H553	bdb	be stout, strong, bold, alert; be strong, be bold; be strong; be bold; make firm, strengthen, assure, secure, harden, make obstinate; make firm, strengthen; assure, secure; harden, make obstinate; strengthen oneself, confirm oneself, be determined, make oneself alert; strengthen oneself; confirm oneself, be determined; make oneself alert; exhibit strength, be strong
H553	strongs_he	to be alert, physically (on foot) or mentally (in courage)
H554	bdb	strong
H554	strongs_he	of a strong color, i.e. red (others fleet)
H555	bdb	strength
H555	strongs_he	strength
H556	bdb	strength
H556	strongs_he	force
H557	bdb	אַמְצִי n.pr.m. a Levite man of priestly line
H557	strongs_he	Amtsi, an Israelite
H558	bdb	has been mighty
H558	strongs_he	Amatsjah, the name of four Israelites
H559	bdb	utter, say; Say, Say in the heart, Promise, Command; Say; Say in the heart; Promise; Command; be said, told; avow, avouch, cause to declare; act proudly, boast
H559	strongs_he	to say (used with great latitude)
H560	bdb	say; tell; command
H560	strongs_he	command, declare, say, speak, tell.
H561	bdb	utterance; speech; word
H561	strongs_he	something said
H562	bdb	utterance; speech; word
H562	strongs_he	promise, speech, thing, word.
H563	bdb	lamb
H563	strongs_he	a lamb
H564	bdb	אִמֵּר n.pr.m. a priest assigned to Dvd’s time ancestor of priest priest in Jerem.’s time father of Zadok n.pr.loc. (?)
H564	strongs_he	Immer, the name of five Israelites
H565	bdb	utternace; speech; word; [אֶמְרָה] n.f. id. [a.ea.ac] La 2:17.
H565	strongs_he	commandment, speech, word.
H566	bdb	tall, eloquent
H566	strongs_he	Imri, the name of two Israelites
H567	bdb	Amorites, mountain-dwellers
H567	strongs_he	an Emorite, one of the Canaanitish tribes
H568	bdb	Yah, u, hath promised
H568	strongs_he	Amarjah, the name of nine Israelites
H569	bdb	אַמְרָפֶל n.pr.m. king of Shinar
H569	strongs_he	Amraphel, a king of Shinar
H570	bdb	yesterday
H570	strongs_he	yesterday or last night
H571	bdb	firmness, faithfulness; reliability, sureness; stability, continuance; faithfulness, reliableness; truth; in truth, truly
H571	strongs_he	stability; (figuratively) certainty, truth, trustworthiness
H572	bdb	sack
H572	strongs_he	properly, something expansive, i.e. a bag
H573	bdb	true
H573	strongs_he	Amittai, an Israelite
H574	bdb	terrible
H574	strongs_he	well-loined (i.e. burly) or mighty
H575	bdb	where?; whither?
H575	strongs_he	where?; hence, whither?, when?; also hither and thither
H576	bdb	אֲנָא: v. אֲנָה; I
H576	strongs_he	I
H577	bdb	ah; now!; I; we; beseech thee!
H577	strongs_he	oh now!
H578	bdb	mourn
H578	strongs_he	to groan
H579	bdb	be opportune, meet, encounter opportunely; cause, allow, to meet; be allowed to meet, be sent; cause oneself to meet, seek occasion
H579	strongs_he	to approach; hence, to meet in various senses
H580	bdb	we
H580	strongs_he	we
H581	bdb	they; those; they
H581	strongs_he	they
H582	bdb	man, mankind; men; man, mankind
H582	strongs_he	properly, a mortal (and thus differing from the more dignified 120); hence, a man in general (singly or collectively)
H583	bdb	אֱנוֹשׁ n.pr.m. son of Seth
H583	strongs_he	Enosh, a son of Seth
H584	bdb	sigh, groan; sigh; groan
H584	strongs_he	to sigh
H585	bdb	sighing; groaning
H585	strongs_he	sighing
H586	bdb	we
H586	strongs_he	we
H587	bdb	we
H587	strongs_he	we
H588	bdb	אֲנָֽחֲרָ֑ת n.pr.loc. city in Naphtali Jos 19:19.
H588	strongs_he	Anacharath, a place in Palestine
H589	bdb	I
H589	strongs_he	I
H590	bdb	ships; fleet
H590	strongs_he	a ship or (collectively) a fleet
H591	bdb	a ship
H591	strongs_he	a ship
H592	bdb	mourning
H592	strongs_he	groaning
H593	bdb	lament of people
H593	strongs_he	Aniam, an Israelite
H594	bdb	plummet
H594	strongs_he	according to most a plumb-line, and to others a hook
H595	bdb	I
H595	strongs_he	I
H596	bdb	complain; murmur
H596	strongs_he	to mourn, i.e. complain
H597	bdb	compel; constrain
H597	strongs_he	to insist
H598	bdb	oppress
H598	strongs_he	figuratively, to distress
H599	bdb	be angry
H599	strongs_he	to breathe hard, i.e. be enraged
H600	bdb	face
H600	strongs_he	the face
H601	bdb	אֲנָפָה n.f. an unclean bird
H601	strongs_he	an unclean bird, perhaps the parrot (from its irascibility)
H602	bdb	cry; groan
H602	strongs_he	to shriek
H603	bdb	crying; groaning
H603	strongs_he	shrieking
H604	bdb	ferret; shrew-mouse
H604	strongs_he	some kind of lizard, probably the gecko (from its wail)
H605	bdb	be weak, sick; incurable; be sick
H605	strongs_he	to be frail, feeble, or (figuratively) melancholy
H606	bdb	man; mankind
H606	strongs_he	a man
H607	bdb	thou
H607	strongs_he	thou
H608	bdb	ye; you
H608	strongs_he	ye
H609	bdb	healer
H609	strongs_he	Asa, the name of a king and of a Levite
H610	bdb	flask; for pouring; anointing
H610	strongs_he	anointed, i.e. an oil-flask
H611	bdb	mischief; evil; harm
H611	strongs_he	hurt
H612	bdb	band; bond
H612	strongs_he	a bond (especially manacles of a prisoner)
H613	bdb	band; bond
H613	strongs_he	band, imprisonment.
H614	bdb	ingathering; harvest
H614	strongs_he	gathered, i.e. (abstractly) a gathering in of crops
H615	bdb	bondman; prisoner
H615	strongs_he	bound, i.e. a captive
H616	bdb	prisoners
H616	strongs_he	prisoner.
H617	bdb	אַסִּיר n.pr.m. son of Korah; called son of Ebiasaph
H617	strongs_he	Assir, the name of two Israelites
H618	bdb	storehouse
H618	strongs_he	a storehouse (only in the plural)
H619	bdb	thorn-bush
H619	strongs_he	Asnah, one of the Nethinim
H620	bdb	Asnappar
H620	strongs_he	Osnappar, an Assyrian king
H621	bdb	אָֽסְנַת n.pr.f. wife of Joseph
H621	strongs_he	Asenath, the wife of Joseph
H622	bdb	gather, remove; gather, collect, gather, bring up the rear of, gather and take away, remove, withdraw; gather, collect; gather; bring up the rear of; gather and take away, remove, withdraw; assemble, be gathered, be taken away, removed, perish; assemble, be gathered; be taken away, removed, perish; gather, take in, receive into, rearguard, rearward; gather; take in, receive into; rearguard, rearward; be gathered; gather themselves
H622	strongs_he	to gather for any purpose; hence, to receive, take away, i.e. remove (destroy, leave behind, put up, restore, etc.)
H623	bdb	gatherer
H623	strongs_he	Asaph, the name of three Israelites, and of the family of the first
H624	bdb	store
H624	strongs_he	collected (only in the plural), i.e. a collection of offerings
H625	bdb	gathering
H625	strongs_he	a collection (of fruits)
H626	bdb	a collecting; gathering
H626	strongs_he	a collection of people (only adverbial)
H627	bdb	collection
H627	strongs_he	a collection of (learned) men (only in the plural)
H628	bdb	collection; rabble
H628	strongs_he	gathered up together, i.e. a promiscuous assemblage (of people)
H629	bdb	thoroughly; with; diligence
H629	strongs_he	diligently
H630	bdb	אַסְפָּ֑תָא n.pr.m. 3rd son of Haman Est 9:7
H630	strongs_he	Aspatha, a son of Haman
H631	bdb	tie, bind, imprison; tie, bind, tie, harness, bind, gird, begin the battle, make the attack; tie, bind; tie, harness; bind; gird; begin the battle, make the attack; be bound, imprisoned; be taken prisoner
H631	strongs_he	to yoke or hitch; by analogy, to fasten in any sense, to join battle
H632	bdb	bond; binding obligation
H632	strongs_he	an obligation or vow (of abstinence)
H633	bdb	interdict; binding
H633	strongs_he	an interdict
H634	bdb	Esarhaddon
H634	strongs_he	Esarchaddon, an Assyrian king
H635	bdb	Esther
H635	strongs_he	Ester, the Jewish heroine
H636	bdb	wood
H636	strongs_he	a tree or wood
H637	bdb	also; yea
H637	strongs_he	meaning accession (used as an adverb or conjunction); also or yea; adversatively though
H638	bdb	also
H638	strongs_he	also.
H639	bdb	nostril, nose, face, anger; nostril; face; anger
H639	strongs_he	properly, the nose or nostril; hence, the face, and occasionally a person; also (from the rapid breathing in passion) ire
H640	bdb	gird on ephod
H640	strongs_he	to gird on (the ephod)
H641	bdb	אֵפֹד n.pr.m. father of chief of Manasseh Nu 34:23.
H641	strongs_he	Ephod, an Israelite
H642	bdb	ephod
H642	strongs_he	a girding on (of the ephod); hence, generally, a plating (of metal)
H643	bdb	palace
H643	strongs_he	a pavilion or palace-tent
H644	bdb	bake
H644	strongs_he	to cook, especially to bake
H645	bdb	then
H645	strongs_he	strictly a demonstrative particle, here; but used of time, now or then
H646	bdb	ephod; ephod; ephod used in consulting; ephod of gold; ephod of gold
H646	strongs_he	a girdle; specifically the ephod or highpriest's shoulder-piece; also generally, an image
H647	bdb	אֲפִיחַ n.pr.m. an ancestor of Saul 1 S 9:1 (etymology & meaning dubious).
H647	strongs_he	Aphiach, an Israelite
H648	bdb	late
H648	strongs_he	unripe
H649	bdb	אַפַּיִם n.pr.m. a son of Nadab
H649	strongs_he	Appajim, an Israelite
H650	bdb	channel
H650	strongs_he	properly, containing, i.e. a tube; also a bed or valley of a stream; also a strong thing or a hero
H651	bdb	gloomy
H651	strongs_he	dusky
H652	bdb	darkness, gloom; darkness; calamity
H652	strongs_he	dusk
H653	bdb	darkness; gloominess; calamity
H653	strongs_he	duskiness, figuratively, misfortune; concrete, concealment
H654	bdb	אֶפְלָל n.pr.m. in Judah
H654	strongs_he	Ephlal, an Israelite
H655	bdb	circumstance; condition; turning
H655	strongs_he	a turn, i.e. a season
H656	bdb	cease; fail; come to an end
H656	strongs_he	to disappear, i.e. cease
H657	bdb	ceasing; end, extremity; non-existence; the soles; the ankles
H657	strongs_he	cessation, i.e. an end (especially of the earth); often used adverb, no further; also the ankle (in the dual), as being the extremity of the leg or foot
H658	bdb	אֶ֫פֶס דַּמִּים n.pr.loc. in Judah, c. 16 miles SW. of Jerusalem, called in 1 Ch 11:13 פַּס דַּמִּים, only 1 S 17:1.
H658	strongs_he	Ephes-Dammim, a place in Palestine
H659	bdb	[אֶ֫פַע] מֵאָ֑פַע Is 41:24 txt. err. for מֵאָ֑פֶס v. אפס
H659	strongs_he	properly, a breath, i.e. nothing
H660	bdb	viper
H660	strongs_he	an asp or other venomous serpent
H661	bdb	surround; encompass
H661	strongs_he	to surround
H662	bdb	hold, be strong; force, compel oneself; restrain oneself, refrain
H662	strongs_he	to contain, i.e. (reflex.) abstain
H663	bdb	Aphek, enclosure, fortress
H663	strongs_he	Aphek (or Aphik), the name of three places in Palestine
H664	bdb	אֲפֵקָה n.pr.loc. (mng. perh. id. [a.ff.ac]) one of a group of cities including Hebron Jos 15:53.
H664	strongs_he	Aphekah, a place in Palestine
H665	bdb	ashes; light; flying
H665	strongs_he	ashes
H666	bdb	covering; bandage
H666	strongs_he	a turban
H667	bdb	young one; young ones; young
H667	strongs_he	the brood of a bird
H668	bdb	sedan; litter; palanquin
H668	strongs_he	a palanquin
H669	bdb	Ephraim
H669	strongs_he	Ephrajim, a son of Joseph; also the tribe descended from him, and its territory
H670	bdb	Persians
H670	strongs_he	an Apherasite or inhabitant of an unknown region of Assyria
H671	bdb	אֲפָֽרְסְכָיֵא = אֲפָֽרְסַתְּכָיֵא (acc. to most); Persians
H671	strongs_he	an Apharsekite or Apharsathkite, an unknown Assyrian tribe
H672	bdb	אֶפְרָ֫תָה n.pr. n. pr. loc. place near Bethel, where Rachel died & was buried id., a name of Bethlehem id., perh. applied to district where Kitjath Jearim lay, on the border of Judah & Benjamin n. pr. f. name given to wife of Caleb
H672	strongs_he	Ephrath, another name for Bethlehem;
H673	bdb	Ephrathite
H673	strongs_he	an Ephrathite or an Ephraimite
H674	bdb	in the end
H674	strongs_he	revenue; others at the last
H675	bdb	אֶצְבּוֹן n.pr.m. a son of Gad a grandson of Benjamin
H675	strongs_he	Etsbon, the name of two Israelites
H676	bdb	finger
H676	strongs_he	something to sieze with, i.e. a finger; by analogy, a toe
H677	bdb	finger; toe
H677	strongs_he	finger, toe.
H678	bdb	side, corner, chief; sides; nobles, sides, supports
H678	strongs_he	an extremity (Isaiah 41:9), also a noble
H679	bdb	joining; joint
H679	strongs_he	a joint of the hand (i.e. knuckle); also (according to some) a party-wall (Ezekiel 41:8)
H680	bdb	lay aside, reserve, withdraw, withhold; reserve, withdraw, set apart, withhold; be withdrawn, shortened, narrowed
H680	strongs_he	properly, to join; used only as a denominative from 681; to separate; hence, to select, refuse, contract
H681	bdb	conjunction; proximity
H681	strongs_he	a side; (as a preposition) near
H682	bdb	אָצֵל, in pause אָצַ֑ל n.pr.m. a descendant of Jonathan; [אָצֵל], in pause אָצַ֒ל Zc 14:5, n.pr.loc. near Jerusalem
H682	strongs_he	Atsel, the name of an Israelite, and of a place in Palestine
H683	bdb	Yahweh hath reserved; set apart
H683	strongs_he	Atsaljah, an Israelite
H684	bdb	אֹ֫צֶם n.pr.m. elder brother of David a descendant of Judah
H684	strongs_he	Otsem, the name of two Israelites
H685	bdb	אֶצְעָדָה n.f. id. [r.cy.ab]
H685	strongs_he	properly, a step-chain; by analogy, a bracelet
H686	bdb	lay up, store up; store up; be stored up; and I appointed treasurer
H686	strongs_he	to store up
H687	bdb	treasure; covenant
H687	strongs_he	Etser, an Idumaean
H688	bdb	fiery glow; sparkle
H688	strongs_he	burning, i.e. a carbuncle or other fiery gem
H689	bdb	wild goat
H689	strongs_he	slender, i.e. the ibex
H690	bdb	אֲרָא n.pr.m. a descendant of Asher 1 Ch 7:38.
H690	strongs_he	Ara, an Israelite
H691	bdb	heroes
H691	strongs_he	a hero (collectively)
H692	bdb	אַרְאֵלִי n.pr.m. a son of Gad; also adj.gent. c. art. as n.pr.coll.
H692	strongs_he	Areli (or an Arelite, collectively), an Israelite and his descendants
H693	bdb	lie in wait; lie in wait; liers-in-wait
H693	strongs_he	to lurk
H694	bdb	אֲרָב n.pr.loc. city near Hebron Jos 15:52
H694	strongs_he	Arab, a place in Palestine
H695	bdb	a lying-in-wait; covert, lair
H695	strongs_he	ambuscade
H696	bdb	ambuscade; their intrigue
H696	strongs_he	wait.
H697	bdb	locust
H697	strongs_he	a locust (from its rapid increase)
H698	bdb	artifice; tricks of his hands
H698	strongs_he	ambuscades
H699	bdb	lattice; window; sluice
H699	strongs_he	a lattice; (by implication) a window, dovecot (because of the pigeon-holes), chimney (with its apertures for smoke), sluice (with openings for water)
H700	bdb	אֲרֻבּוֹת n.pr.loc. 1 K 4:10
H700	strongs_he	Arubboth, a place in Palestine
H701	bdb	אַרְבִּי adj.gent. הָא׳ 2 S 23:35 (but cf. Dr).
H701	strongs_he	an Arbite or native of Arab
H702	bdb	four
H702	strongs_he	four
H703	bdb	four
H703	strongs_he	four.
H704	bdb	fourfold city
H704	strongs_he	Arba, one of the Anakim
H705	bdb	forty
H705	strongs_he	forty
H706	bdb	four
H706	strongs_he	fourfold
H707	bdb	weave
H707	strongs_he	to plait or weave
H708	bdb	loom
H708	strongs_he	a weaving; a braid; also a shuttle
H709	bdb	measured region of Argōb
H709	strongs_he	Argob, a district of Palestine
H710	bdb	purple; purple thread
H710	strongs_he	purple
H711	bdb	purple; red-purple
H711	strongs_he	purple.
H712	bdb	box; cheat
H712	strongs_he	a box (as a pannier)
H713	bdb	purple; red-purple; purple thread; cloth
H713	strongs_he	purple (the color or the dyed stuff)
H714	bdb	אַרְדְּ n.pr.m. son of Benjamin
H714	strongs_he	Ard, the name of two Israelites
H715	bdb	אַרְדּוֹן n.pr.m. son of Caleb, of tribe of Judah 1 Ch 2:18.
H715	strongs_he	Ardon, an Israelite
H716	bdb	אַרְדִּי adj.gent. c. art. as n.pr.coll., Nu 26:40.
H716	strongs_he	an Ardite (collectively) or descendant of Ard
H717	bdb	pluck; gather
H717	strongs_he	to pluck
H718	bdb	lo
H718	strongs_he	lo!
H719	bdb	אַרְוָד n.pr.loc. city of Phenicia on an island near main land, northward fr. Tripolis, mentioned with Sidon
H719	strongs_he	Arvad, an island-city of Palestine
H720	bdb	אֲרוֹד n.pr.m. son of Gad
H720	strongs_he	Arod, an Israelite
H721	bdb	אַרְוָדִי adj.gent. mentioned among Canaanites
H721	strongs_he	an Arvadite or citizen of Arvad
H722	bdb	אֲרוֹדִי adj.gent. c. art. as n.pr.coll.
H722	strongs_he	an Arodite or descendant of Arod
H723	bdb	manger; crib
H723	strongs_he	a herding-place for an animal
H724	bdb	healing; restoration
H724	strongs_he	wholeness (literally or figuratively)
H725	bdb	[אֲרוּמָה] n.pr.loc. home of Abimelek
H725	strongs_he	Arumah, a place in Palestine
H726	bdb	Edomite
H726	strongs_he	an Edomite (as in the margin)
H727	bdb	chest, ark; chest; sarcophagus, mummy-case; chest, ark
H727	strongs_he	a box
H728	bdb	Araunah
H728	strongs_he	Aravnah (or Arnijah or Ornah), a Jebusite
H729	bdb	firm; strong
H729	strongs_he	of cedar
H730	bdb	cedar; cedar-tree; cedar-timber, cedar-wood; cedar-wood
H730	strongs_he	a cedar tree (from the tenacity of its roots)
H731	bdb	cedar-panels; cedar-work
H731	strongs_he	cedar wainscoating
H732	bdb	wander, journey, go; journey, go; wandering, wayfaring, journeying, wanderer, wayfarer, traveller
H732	strongs_he	to travel
H733	bdb	traveller
H733	strongs_he	Arach, the name of three Israelites
H734	bdb	way, path; path, way; way; traveller, wayfarer
H734	strongs_he	a well-trodden road (literally or figuratively); also a caravan
H735	bdb	way
H735	strongs_he	a road
H736	bdb	travelling company; caravan
H736	strongs_he	a caravan
H737	bdb	meal; allowance
H737	strongs_he	a ration of food
H738	bdb	lion; lion
H738	strongs_he	a lion
H739	bdb	Ariel, lioness of Ēl; two sons of Ariel of Moab
H739	strongs_he	lion of God; i.e. heroic
H740	bdb	Ariel, lioness of Ēl; two sons of Ariel of Moab
H740	strongs_he	Ariel, a symbolical name for Jerusalem, also the name of an Israelite
H741	bdb	hearth; altar-hearth
H741	strongs_he	the altar of the temple
H742	bdb	אֲרִידַי n.pr.m. a son of Haman Est 9:9
H742	strongs_he	Aridai, a son of Haman
H743	bdb	אֲרִידָ֑תָא n.pr.m. a son of Haman Est 9:8
H743	strongs_he	Aridatha, a son of Haman
H744	bdb	lion
H744	strongs_he	lion.
H745	bdb	אַרְיֵה n.pr.m. so appar. 2 K 15:25 an officer of Pekahiah
H745	strongs_he	Arjeh, an Israelite
H746	bdb	אַרְיוֹךְ n.pr.m. king of Ellasar; אֲרְיוֹךְ n.pr.m. in Bab.
H746	strongs_he	Arjok, the name of two Babylonians
H747	bdb	אֲרִיסַי n.pr.m. son of Haman Est 9:9
H747	strongs_he	Arisai, a son of Haman
H748	bdb	be long; be long; prolong, grow long, continue long; prolong; grow long, continue long
H748	strongs_he	to be (causative, make) long (literally or figuratively)
H749	bdb	fitting; proper
H749	strongs_he	to suit
H750	bdb	long
H750	strongs_he	long
H751	bdb	אֶ֫רֶךְ n.pr.loc. city in Babylonia
H751	strongs_he	Erek, a place in Babylon
H752	bdb	long
H752	strongs_he	long
H753	bdb	length; length; forbearance, self-restraint
H753	strongs_he	length
H754	bdb	a lengthening; prolonging
H754	strongs_he	length
H755	bdb	[אַרְכֻבָּה] n.f. id. [xb.am.ab];—pl. sf. Dn 5:6
H755	strongs_he	the knee
H756	bdb	אַרְכְּוָיֵ n.pr.gent. people of Erech;—pl. emph. Ezr 4:9
H756	strongs_he	an Arkevite (collectively) or native of Erek
H757	bdb	אַרְכִּי adj.gent. (deriv. unknown)
H757	strongs_he	an Arkite or native of Erek
H758	bdb	Aram; the Aramæans; Mesopotamia, Paddan-Aram
H758	strongs_he	Aram or Syria, and its inhabitants; also the name of the son of Shem, a grandson of Nahor, and of an Israelite
H759	bdb	citadel; citadel; castle; palace
H759	strongs_he	a citadel (from its height)
H760	bdb	Aram; the Aramæans; Mesopotamia, Paddan-Aram
H760	strongs_he	Aram of Tsoba (or Coele-Syria)
H761	bdb	Aramæan
H761	strongs_he	an Aramite or Aramaean
H762	bdb	in Aramaic
H762	strongs_he	(only adverbial) in Aramæan
H763	bdb	Aram; the Aramæans; Mesopotamia, Paddan-Aram
H763	strongs_he	Aram of (the) two rivers (Euphrates and Tigris) or Mesopotamia
H764	bdb	palatinus
H764	strongs_he	Armoni, an Israelite
H765	bdb	wild-goat
H765	strongs_he	Aran, an Edomite
H766	bdb	fir; cedar
H766	strongs_he	the ash tree (from its toughness)
H767	bdb	fir-tree
H767	strongs_he	Oren, an Israelite
H768	bdb	hare
H768	strongs_he	the hare
H769	bdb	Arnon
H769	strongs_he	the Arnon, a river east of the Jordan, also its territory
H770	bdb	אַרְנָן n.pr.m. a descendant of David 1 Ch 3:21.
H770	strongs_he	Arnan, an Israelite
H771	bdb	אָרְנָן n.pr.m. a Jebusite, whose threshing-floor was bought by David to erect an altar
H771	strongs_he	Ornan, a Jebusite
H772	bdb	earth
H772	strongs_he	the earth; by implication (figuratively) low
H773	bdb	bottom
H773	strongs_he	the bottom
H774	bdb	אַרְפַּד n.pr.loc. city in northern Syria
H774	strongs_he	Arpad, a place in Syria
H775	bdb	אַרְפַּכְשַׁד n.pr.m. 3rd son of Shem
H775	strongs_he	Arpakshad, a son of Noah; also the region settled by him
H776	bdb	earth, land; earth, earth, earth; earth; earth; earth; land, land; land; ground, soil; ground; soil; people of the land, the country of the plain, level, plain country, land of the living, end(s) of the earth; people of the land; the country of the plain, level, plain country; land of the living; end(s) of the earth; lands, countries, lands of the nations
H776	strongs_he	the earth (at large, or partitively a land)
H777	bdb	אַרְצָא n.pr.m. chamberlain of Zimri 1 K 16:9.
H777	strongs_he	Artsa, an Israelite
H778	bdb	earth
H778	strongs_he	the earth
H779	bdb	curse; curse; cursed; curse, lay under a curse; be cursed
H779	strongs_he	to execrate
H780	bdb	Ararat
H780	strongs_he	Ararat (or rather Armenia)
H781	bdb	betroth; betroth; be betrothed
H781	strongs_he	to engage for matrimony
H782	bdb	desire; request
H782	strongs_he	a longing for
H783	bdb	Artaxerxes; אַרְתַּחְשַׁשְׂתְּא n.pr.m. of king
H783	strongs_he	Artachshasta (or Artaxerxes), a title (rather than name) of several Persian kings
H784	bdb	fire; fire
H784	strongs_he	fire (literally or figuratively)
H785	bdb	fire
H785	strongs_he	flame.
H786	bdb	there is; are
H786	strongs_he	entity, used only adverbially, there is or are
H787	bdb	foundation
H787	strongs_he	a foundation
H788	bdb	אַשְׁבֵּל n.pr.m. 2nd son of Benjamin
H788	strongs_he	Ashbel, an Israelite
H789	bdb	אַשְׁבֵּלִי adj.gent. הָא׳ as n.coll. Nu 26:38.
H789	strongs_he	an Ashbelite (collectively) or descendant of Ashbel
H790	bdb	אֶשְׁבָּן n.pr.m. a chief of Edom
H790	strongs_he	Eshban, an Idumaean
H791	bdb	אַשְׁבֵּעַ v. שׁבע.
H791	strongs_he	Asbea, an Israelite
H792	bdb	אֶשְׁבַּעַל v. אִישׁ־בֹ֫שֶׁת.
H792	strongs_he	Eshbaal (or Ishbosheth), a son of Saul
H793	bdb	foundation; bottom; lower part
H793	strongs_he	an outpouring
H794	bdb	foundation; slope
H794	strongs_he	a ravine
H795	bdb	Ashdod
H795	strongs_he	Ashdod, a place in Palestine
H796	bdb	Ashdodite
H796	strongs_he	an Ashdodite (often collectively) or inhabitant of Asdod
H797	bdb	in the language of Ashdod
H797	strongs_he	(only adverb) in the language of Ashdod
H798	bdb	Pisgah; cleft
H798	strongs_he	Ashdoth-Pisgah, a place east of the Jordan
H799	bdb	fire; fire
H799	strongs_he	a fire-law
H800	bdb	from their fire
H800	strongs_he	fire
H801	bdb	an offering made by fire
H801	strongs_he	properly, a burnt-offering; but occasionally of any sacrifice
H802	bdb	woman, wife, female; woman; Wife; Female; each woman from her neighbor, each one
H802	strongs_he	a woman
H803	bdb	buttress
H803	strongs_he	foundation
H804	bdb	Asshur; Assyria
H804	strongs_he	Ashshur, the second son of Shem; also his descendants and the country occupied by them (i.e. Assyria), its region and its empire
H805	bdb	אֲשׁוּרִי adj. gent.; אַשּׁוּרִם n.pr.gent.pl. an Arab tribe traced back to Abraham & Keturah Gn 25:3 cf. Di.
H805	strongs_he	an Ashurite (collectively) or inhabitant of Ashur, a district in Palestine
H806	bdb	אַשְׁחוּר n.pr.m. in Judah
H806	strongs_he	Ashchur, an Israelite
H807	bdb	אֲשִׁימָא n.pr.[m.] a god of Hamath 2 K 17:30, otherwise wholly unknown.
H807	strongs_he	Ashima, a deity of Hamath
H808	bdb	raisin-cake
H808	strongs_he	a (ruined) foundation
H809	bdb	raisin-cake
H809	strongs_he	something closely pressed together, i.e. a cake of raisins or other comfits
H810	bdb	testicle
H810	strongs_he	a testicle (as a lump)
H811	bdb	cluster; cluster; cluster
H811	strongs_he	a bunch of grapes or other fruit
H812	bdb	valley of Eshcol, valley of a cluster
H812	strongs_he	Eshcol, the name of an Amorite, also of a valley in Palestine
H813	bdb	אַשְׁכְּנַז n.pr.m. a descendant of Japhet a northern people
H813	strongs_he	Ashkenaz, a Japhethite, also his descendants
H814	bdb	gift
H814	strongs_he	a gratuity
H815	bdb	tamarisk-tree
H815	strongs_he	a tamarisk tree; by extension, a grove of any kind
H816	bdb	offend, be guilty; commit an offence, a trespass, do a wrong, an injury, be, become guilty, be held guilty, bear punishment; commit an offence, a trespass, do a wrong, an injury; be, become guilty; be held guilty, bear punishment; suffer punishment; declare them guilty
H816	strongs_he	to be guilty; by implication to be punished or perish
H817	bdb	offence, guilt; offence, trespass, fault; guilt; compensation; trespass-offering
H817	strongs_he	guilt; by implication, a fault; also a sin-offering
H818	bdb	guilty
H818	strongs_he	guilty; hence, presenting a sin-offering
H819	bdb	wrong-doing, guiltiness; doing wrong, committing a trespass of offence; becoming guilty; bringing a trespass-offering
H819	strongs_he	guiltiness, a fault, the presentation of a sin-offering
H820	bdb	among the stout; lusty; like dead men; in; vigour
H820	strongs_he	a fat field
H821	bdb	watch
H821	strongs_he	a night watch
H822	bdb	window-lattice
H822	strongs_he	a latticed window
H823	bdb	the firm
H823	strongs_he	Ashnah, the name of two places in Palestine
H824	bdb	אֶשְׁעָ֑ן n.pr.loc. in hills of Judah Jos 15:52
H824	strongs_he	Eshan, a place in Palestine
H825	bdb	conjurer; necromancer
H825	strongs_he	a conjurer
H826	bdb	conjurer; enchanter
H826	strongs_he	astrologer.
H827	bdb	quiver
H827	strongs_he	a quiver or arrow-case
H828	bdb	אַשְׁפְּנַז n.pr.m. the chief of eunuchs, of Nebuchadrezzar Dn 1:3 (meaning unknown).
H828	strongs_he	Ashpenaz, a Babylonian eunuch
H829	bdb	cake; roll
H829	strongs_he	a measured portion
H830	bdb	ash-heap; refuse-heap; dung; fire-place stones
H830	strongs_he	a heap of rubbish or filth
H831	bdb	אַשְׁקְלוֹן n.pr.loc. a city of the Philistines
H831	strongs_he	Ashkelon, a place in Palestine
H832	bdb	אֶשְׁקְלוֹנִי adj.gent. c. art. as subst. Jos 13:3
H832	strongs_he	Ashkelonite (collectively) or inhabitant of Ashkelon
H833	bdb	go straight, go on, advance; go straight on in the way of understanding; go straight on, advance, lead on, set right, righten, pronounce happy, call blessed; go straight on, advance; lead on; set right, righten; pronounce happy, call blessed; be led on, be made happy, blessed; be led on; be made happy, blessed
H833	strongs_he	to be straight (used in the widest sense, especially to be level, right, happy); figuratively, to go forward, be honest, prosper
H834	bdb	אֲשֶׁר part. of relation A sign of relation, bringing the clause introduced by it into relation with an antecedent clause.; in, which; in, where; in that, inasmuch as; on account of; according as, as, when; according to that which, according as, as; in so far as, since; when; from, than, that which; from, where; from, that, since
H834	strongs_he	who, which, what, that; also (as an adverb and a conjunction) when, where, how, because, in order that, etc.
H835	bdb	happiness; blessedness
H835	strongs_he	happiness; only in masculine plural construction as interjection, how happy!
H836	bdb	Asher, happy one, Felix; the tribe
H836	strongs_he	Asher, a son of Jacob, and the tribe descended from him, with its territory; also a place in Palestine
H837	bdb	happiness
H837	strongs_he	happiness
H838	bdb	step; going; step; going
H838	strongs_he	a step
H839	bdb	אֲשֻׁרִים, in Ez 27:6
H839	strongs_he	the cedar tree or some other light elastic wood
H840	bdb	אֲשַׂרְאֵל n.pr.m. a descendant of Judah 1 Ch 4:16
H840	strongs_he	Asarel, an Israelite
H841	bdb	אֲשַׂרְאֵ֫לָה n.pr.m. a son of Asaph 1 Ch 25:2
H841	strongs_he	Asarelah, an Israelite
H842	bdb	Ashera
H842	strongs_he	Asherah (or Astarte) a Phoenician goddess; also an image of the same
H843	bdb	אָשֵׁרִי adj.gent. c. art. הָא׳ as n.coll. Ju 1:32.
H843	strongs_he	an Asherite (collectively) or descendant of Asher
H844	bdb	אַשְׂרִיאֵל n.pr.m. a Manassite
H844	strongs_he	Asriel, the name of two Israelites
H845	bdb	אַשְׂרִיאֵלִי adj.gent. הָא׳ as n.coll. Nu 26:31.
H845	strongs_he	an Asrielite (collectively) or descendant of Asriel
H846	bdb	wall
H846	strongs_he	a wall (from its uprightness)
H847	bdb	אֶשְׁתָּאוֹל, אֶשְׁתָּאֹל n.pr.loc. city of Danites
H847	strongs_he	Eshtaol, a place in Palestine
H848	bdb	אֶשְׁתָּאֻלִי adj.gent. c. art. הָא׳ as n.coll. 1 Ch 2:53.
H848	strongs_he	an Eshtaolite (collectively) or inhabitant of Eshtaol
H849	bdb	revolt
H849	strongs_he	rebellion
H850	bdb	אֶשְׁתּוֹן n.pr.m. a man of Judah
H850	strongs_he	Eshton, an Israelite
H851	bdb	אֶשְׁתְּמוֹעַ, אֶשְׁתְּמֹעַ, אֶשְׁתְּמֹה n.pr.loc. Levitical city in mountain-country of Judah, south of Hebron
H851	strongs_he	Eshtemoa or Eshtemoh, a place in Palestine
H852	bdb	sign
H852	strongs_he	a portent
H853	bdb	mark of the accusative
H853	strongs_he	properly, self (but generally used to point out more definitely the object of a verb or preposition, even or namely)
H854	bdb	with, proximity, from the surroundings, belongings of, from close proximity to; together with; from proximity with
H854	strongs_he	properly, nearness (used only as a preposition or an adverb), near; hence, generally, with, by, at, among, etc.
H855	bdb	ploughshare
H855	strongs_he	a hoe or other digging implement
H856	bdb	Ethbaal
H856	strongs_he	Ethbaal, a Phoenician king
H857	bdb	come; come; bring
H857	strongs_he	to arrive
H858	bdb	come; come; bring; be brought
H858	strongs_he	(be-) come, bring.
H859	bdb	thou; thou; thou; you; you
H859	strongs_he	thou and thee, or (plural) ye and you
H860	bdb	she-ass
H860	strongs_he	a female donkey (from its docility)
H861	bdb	furnace
H861	strongs_he	probably a fire-place, i.e. furnace
H862	bdb	gallery; porch; אַתִּיק n.m. id. [a.gp.ag]
H862	strongs_he	a ledge or offset in a building
H863	bdb	אִתַּי n.pr.m. one of David’s captains, a native of Gath one of David’s 30 mighty men, a Benjamite
H863	strongs_he	Ittai or Ithai, the name of a Gittite and of an Israelite
H864	bdb	אֵתָם n.pr.loc. (perh. = Egypt. Chetem) in Egypt, place on edge of desert
H864	strongs_he	Etham, a place in the Desert
H865	bdb	yesterday; recently; formerly
H865	strongs_he	heretofore; definitely yesterday
H866	bdb	hire
H866	strongs_he	a present (as the price of harlotry)
H867	bdb	אֶתְנִי n.pr.m. an ancestor of Asaph 1 Ch 6:26
H867	strongs_he	Ethni, an Israelite
H868	bdb	hire
H868	strongs_he	a gift (as the price of harlotry or idolatry)
H869	bdb	אֶתְנַן n.pr.m. son of Helah, 1 Ch 4:7.
H869	strongs_he	Ethnan, an Israelite
H870	bdb	place
H870	strongs_he	a place; (adverb) after
H871	bdb	אֲתָרִים n.pr.loc. only Nu 21:1
H871	strongs_he	Atharim, a place near Palestine
H872	bdb	entrance; entry
H872	strongs_he	an entrance to a building
H873	bdb	bad
H873	strongs_he	wicked
H874	bdb	make distinct; plain
H874	strongs_he	to dig; by analogy, to engrave; figuratively, to explain
H875	bdb	well, pit; a well; pit
H875	strongs_he	a pit; especially a well
H876	bdb	well, pit; a well; pit
H876	strongs_he	Beer, a place in the Desert, also one in Palestine
H877	bdb	cistern; pit; well
H877	strongs_he	a cistern
H878	bdb	בְּאֵרָא n.pr.m. a man of Asher 1 Ch 7:37.
H878	strongs_he	Beera, an Israelite
H879	bdb	well, pit; a well; pit
H879	strongs_he	Beer-Elim, a place in the Desert
H880	bdb	בְּאֵרָה n.pr.m. a Reubenite 1 Ch 5:6.
H880	strongs_he	Beerah, an Israelite
H881	bdb	בְאֵרוֹת n.pr.loc. city of Gibeonites
H881	strongs_he	Beeroth, a place in Palestine
H882	bdb	my well
H882	strongs_he	Beeri, the name of a Hittite and of an Israelite
H883	bdb	well; living One that seeth me
H883	strongs_he	Beer-Lachai-Roi, a place in the Desert
H884	bdb	Beersheba
H884	strongs_he	Beer-Sheba, a place in Palestine
H885	bdb	בְּאֵרֹת בְּנֵי־יַעֲקָן n.pr.loc. a station of Isr. in desert, prob. in country of Horites
H885	strongs_he	Beeroth-Bene-Jaakan, a place in the Desert
H886	bdb	בְאֵרֹתִי adj.gent. always c. art.
H886	strongs_he	a Beerothite or inhabitant of Beeroth
H887	bdb	have a bad smell, stink; stink; make oneself odious, become odious; emit a stinking odour, cause to stink; emit a stinking odour; cause to stink; they had made thmselves odious
H887	strongs_he	to smell bad; figuratively, to be offensive morally
H888	bdb	be evil; bad; it was evil; displeasing; to him
H888	strongs_he	displease.
H889	bdb	stench
H889	strongs_he	a stench
H890	bdb	stinking; noxious weeds
H890	strongs_he	stink-weed or any other noxious or useless plant
H891	bdb	stinking; worthless; wild grapes
H891	strongs_he	poison-berries
H892	bdb	the apple of his eye
H892	strongs_he	something hollowed (as a gate), i.e. pupil of the eye
H893	bdb	בֵּבַי n.pr.m. a chief of returning exiles
H893	strongs_he	Bebai, an Israelite
H894	bdb	Babel; Babylon
H894	strongs_he	Babel (i.e. Babylon), including Babylonia and the Babylonian empire
H895	bdb	Babylon
H895	strongs_he	Babylon.
H896	bdb	the Babylonians
H896	strongs_he	a Babylonian
H897	bdb	spoiling, robbery, spoil, booty; spoiling, robbery; spoil, booty, plunder
H897	strongs_he	food
H898	bdb	act; deal treacherously
H898	strongs_he	to cover (with a garment); figuratively, to act covertly; by implication, to pillage
H899	bdb	garment; covering; treachery
H899	strongs_he	a covering, i.e. clothing; also treachery or pillage
H900	bdb	men of treachery
H900	strongs_he	treacheries
H901	bdb	treacherous
H901	strongs_he	treacherous
H902	bdb	happy
H902	strongs_he	Bigvai, an Israelite
H903	bdb	בִּגְתָא n.pr.m. a eunuch of Ahasuerus Es 1:10.
H903	strongs_he	Bigtha, a eunuch of Xerxes
H904	bdb	gift of God
H904	strongs_he	Bigthan or Bigthana, a eunuch of Xerxes
H905	bdb	separation, part; in a state of separation, alone, by itself; part; parts, extended from something
H905	strongs_he	properly, separation; by implication, a part of the body, branch of a tree, bar for carrying; figuratively, chief of a city; especially (with prepositional prefix) as an adverb, apart, only, besides
H906	bdb	white linen
H906	strongs_he	flaxen thread or yarn; hence, a linen garment
H907	bdb	empty, idle talk; empty talkers, praters
H907	strongs_he	a brag or lie; also a liar
H908	bdb	devise; invent
H908	strongs_he	(figuratively) to invent
H909	bdb	be separate; isolated
H909	strongs_he	to divide, i.e. (reflex.) be solitary
H910	bdb	isolation; separation
H910	strongs_he	separate; adverb, separately
H911	bdb	בְּדַד n.pr.m. father of an Edom. ruler
H911	strongs_he	Bedad, an Edomite
H912	bdb	בֵּֽדְיָה n.pr.m. an Israelite Ezr 10:35.
H912	strongs_he	Bedejah, an Israelite
H913	bdb	alloy, tin, dross; alloy; tin, plumbum album; plummet
H913	strongs_he	alloy (because removed by smelting); by analogy, tin
H914	bdb	be divided, separate; divide, separate, divide, separate, separate, set apart, make a distinction, divide into parts; divide, separate; separate, set apart; make a distinction; divide into parts; be separated; be separated
H914	strongs_he	to divide (in variation senses literally or figuratively, separate, distinguish, differ, select, etc.)
H915	bdb	piece; severed piece
H915	strongs_he	a part
H916	bdb	bdellium
H916	strongs_he	something in pieces, i.e. bdellium, a (fragrant) gum (perhaps amber); others a pearl
H917	bdb	בְדָן n.pr.m. a judge of Israel a Manassite
H917	strongs_he	Bedan, the name of two Israelites
H918	bdb	mend; repair
H918	strongs_he	to mend a breach
H919	bdb	fissure; rent; breach
H919	strongs_he	a gap or leak (in a building or a ship)
H920	bdb	בִּדְקַר n.pr.m. Isr. officer 2 K 9:25 (v. בֵּן).
H920	strongs_he	Bidkar, an Israelite
H921	bdb	scatter
H921	strongs_he	to scatter
H922	bdb	emptiness
H922	strongs_he	a vacuity, i.e. (superficially) an undistinguishable ruin
H923	bdb	porphyry
H923	strongs_he	white marble or perhaps alabaster
H924	bdb	haste
H924	strongs_he	a hurry; only adverb, hastily
H925	bdb	bright; brilliant
H925	strongs_he	shining
H926	bdb	be disturbed, dismayed, terrified, be in haste, hasty; be disturbed, dismayed, terrified; be in haste, hasty; dismay, terrify, hasten, make haste, act hastily; dismay, terrify; hasten, make haste, act hastily; hastened, hastily gained; dismay, terrify, hasten, hurry; dismay, terrify; hasten, hurry
H926	strongs_he	to tremble inwardly (or palpitate), i.e. (figuratively) be (causative, make) (suddenly) alarmed or agitated; by implication to hasten anxiously
H927	bdb	alarm, dismay; hasten; alarmed
H927	strongs_he	to terrify, hasten
H928	bdb	dismay; sudden terror; ruin
H928	strongs_he	panic, destruction
H929	bdb	beast, animal, cattle; wild beasts
H929	strongs_he	properly, a dumb beast; especially any large quadruped or animal (often collective)
H930	bdb	behemoth; hippopotamus
H930	strongs_he	a water-ox, i.e. the hippopotamus or Nile-horse
H931	bdb	thumb; great toe
H931	strongs_he	the thumb of the hand or great toe of the foot
H932	bdb	closing; covering
H932	strongs_he	thumb, Bohan, an Israelite
H933	bdb	בֹּ֫הַק n.m. a harmless eruption on the skin Lv 13:39.
H933	strongs_he	white scurf
H934	bdb	brightness; bright spot
H934	strongs_he	a whitish spot on the skin
H935	bdb	come in, come, go in, go; come in, come, go, walk, associate with, go; come in; come; go, walk, associate with; go; cause to come in, bring in, cause to come, bring, bring near; cause to come in, bring in; cause to come, bring, bring near; be brought in, be brought, be introduced, put; be brought in; be brought; be introduced, put
H935	strongs_he	to go or come (in a wide variety of applications)
H936	bdb	despise
H936	strongs_he	to disrespect
H937	bdb	contempt; contempt
H937	strongs_he	disrespect
H938	bdb	בּוּז n.pr.m. 2nd son of Nahor. Abraham's brother a Gadite
H938	strongs_he	Buz, the name of a son of Nahor, and of an Israelite
H939	bdb	contempt
H939	strongs_he	something scorned; an object of contempt
H940	bdb	בּוּזִי adj.gent. of Elihu’s father
H940	strongs_he	a Buzite or descendant of Buz
H941	bdb	בוּזִי n.pr.m. father of Ezekiel Ez 1:3.
H941	strongs_he	Buzi, an Israelite
H942	bdb	בַּוַּי n.pr.m. a Jew of Nehem.’s time
H942	strongs_he	Bavvai, an Israelite
H943	bdb	perplex; confuse; be confused; in confusion
H943	strongs_he	to involve (literally or figuratively)
H944	bdb	produce; outgrowth
H944	strongs_he	produce (of the earth, etc.)
H945	bdb	Bul
H945	strongs_he	Bul, the eighth Hebrew month
H946	bdb	intelligence
H946	strongs_he	Bunah, an Israelite
H947	bdb	tread down, trample; tread down, trample; tread down; kick out; trodden down
H947	strongs_he	to trample (literally or figuratively)
H948	bdb	byssus
H948	strongs_he	probably cotton (of some sort)
H949	bdb	בּוֹצֵץ n.pr.loc. a rock by Michmash 1 S 14:4
H949	strongs_he	Botsets, a rock near Michmash
H950	bdb	emptiness
H950	strongs_he	emptiness (as adjective)
H951	bdb	herdsman
H951	strongs_he	a cattle-tender
H952	bdb	make clear; clear up; explain
H952	strongs_he	to bore, i.e. (figuratively) examine
H953	bdb	pit, cistern, well; cistern; well; pit; dungeon; pit of the grave; cistern of Sirah
H953	strongs_he	a pit hole (especially one used as a cistern or a prison)
H954	bdb	be ashamed; feel shame, be ashamed of, disconcerted, disappointed by reason of, I am ashamed to ask; feel shame; be ashamed of, disconcerted, disappointed by reason of; I am ashamed to ask; delay; put to shame, put to shame, act shamefully, to be put to shame, be ashamed; put to shame; put to shame, act shamefully, to be put to shame, be ashamed; put to shame; act shamefully; to be put to shame; be ashamed; ashamed before one another
H954	strongs_he	properly, to pale, i.e. by implication to be ashamed; also (by implication) to be disappointed or delayed
H955	bdb	shame
H955	strongs_he	shame
H956	bdb	lodge; pass the night
H956	strongs_he	to lodge over night
H957	bdb	spoiling, robbery, spoil, booty; spoiling, robbery; spoil, booty, plunder
H957	strongs_he	plunder
H958	bdb	divide; cut through
H958	strongs_he	probably to cleave
H959	bdb	despise; despise, regard with contempt; despised, vile, worthless, despicable, contemptible; despised; vile, worthless; despicable, contemptible; so as to cause to despise their lords
H959	strongs_he	to disesteem
H960	bdb	despise; despise, regard with contempt; despised, vile, worthless, despicable, contemptible; despised; vile, worthless; despicable, contemptible; so as to cause to despise their lords
H960	strongs_he	scorned
H961	bdb	spoil; booty
H961	strongs_he	booty
H962	bdb	spoil, plunder; spoil; be spoiled, plundered; be taken as spoil
H962	strongs_he	to plunder
H963	bdb	contempt
H963	strongs_he	disesteem
H964	bdb	בִּזְיוֹתְיָה n.pr.loc. acc. to MT place near Beersheba
H964	strongs_he	Bizjothjah, a place in Palestine
H965	bdb	lightning flash
H965	strongs_he	a flash of lightning
H966	bdb	בֶּ֫זֶק n.pr.loc. rendezvous of Israel under Saul and Sam.; home of Adoni-Bezek
H966	strongs_he	Bezek, a place in Palestine
H967	bdb	scatter
H967	strongs_he	to disperse
H968	bdb	בִּזְּתָא n.pr.m. a eunuch of Ahasuerus, Est 1:10
H968	strongs_he	Biztha, a eunuch of Xerxes
H969	bdb	assayer
H969	strongs_he	an assayer or metals
H970	bdb	young man
H970	strongs_he	properly, selected, i.e. a youth (often collective)
H971	bdb	their siege-towers
H971	strongs_he	a watch-tower of besiegers
H972	bdb	chosen
H972	strongs_he	select
H973	bdb	gotten by greed; feel loathing
H973	strongs_he	to loath
H974	bdb	examine, try; examine, scrutinize, try, prove, test, try; examine, scrutinize, try; prove, test, try; to be tried, proved; the trial has been made
H974	strongs_he	to test (especially metals); generally and figuratively, to investigate
H975	bdb	watch-tower
H975	strongs_he	a watch-tower
H976	bdb	testing
H976	strongs_he	trial
H977	bdb	choose; divine choice, man’s choice, divine choice, man’s choice, choose some one or something for, choose, select from, divine choice, man’s choice, for this hast thou chosen rather than affliction, chosen, test, try; divine choice, man’s choice; divine choice; man’s choice; divine choice, man’s choice; divine choice; man’s choice; choose some one or something for; choose, select from; divine choice, man’s choice; divine choice; man’s choice; for this hast thou chosen rather than affliction; chosen; test, try; to be chosen; chosen, selected
H977	strongs_he	properly, to try, i.e. (by implication) select
H978	bdb	Baharumite
H978	strongs_he	a Bacharumite or inhabitant of Bachurim
H979	bdb	youth
H979	strongs_he	youth (collectively and abstractly)
H980	bdb	young men’s village
H980	strongs_he	Bachurim, a place in Palestine
H981	bdb	speak rashly, thoughtlessly; one that babbleth; speak rashly, unadvisedly
H981	strongs_he	to babble; hence, to vociferate angrily
H982	bdb	trust; trust, be confident; trust; be confident; cause to trust, make secure
H982	strongs_he	properly, to hie for refuge (but not so precipitately as 2620); figuratively, to trust, be confident or sure
H983	bdb	security
H983	strongs_he	properly, a place of refuge; abstract, safety, both the fact (security) and the feeling (trust); often (adverb with or without preposition) safely
H984	bdb	בֶּ֫טַח n.pr.loc. city of Hadadezer king of Zobah 2 S 8:8
H984	strongs_he	Betach, a place in Syria
H985	bdb	trusting
H985	strongs_he	trust
H986	bdb	trust; hope
H986	strongs_he	trust
H987	bdb	security; safety
H987	strongs_he	security
H988	bdb	cease
H988	strongs_he	to desist from labor
H989	bdb	cease; make to cease
H989	strongs_he	to stop
H990	bdb	belly; body; womb
H990	strongs_he	the belly, especially the womb; also the bosom or body of anything
H991	bdb	בֶּ֫טֶן n.pr.loc. city in Asher Jos 19:25
H991	strongs_he	Beten. a place in Palestine
H992	bdb	pistachio
H992	strongs_he	(only in plural) a pistachio-nut (from its form)
H993	bdb	בְּטֹנִים n.pr.loc. city of Gad, E. of Jordan Jos 13:26
H993	strongs_he	Betonim, a place in Palestine
H994	bdb	I pray; excuse me
H994	strongs_he	oh that!; with leave, or if it please
H995	bdb	discern; perceive, understand, know, observe, mark, give heed to, distinguish, consider, have discernment, insight, understanding; perceive; understand, know; observe, mark, give heed to, distinguish, consider; have discernment, insight, understanding; be intelligent, discreet, discerning, distinguish, have understanding; he attentively considereth him; understand, give heed to, attend to, observe, discern, give understanding, make understand, teach; understand; give heed to, attend to, observe, discern; give understanding, make understand, teach; shew oneself attentive, consider diligently, get understanding, understand, shew oneself to have understanding; shew oneself attentive, consider diligently; get understanding, understand; shew oneself to have understanding
H995	strongs_he	to separate mentally (or distinguish), i.e.(generally) understand
H996	bdb	interval, space between; in the interval of, between; space between two armies
H996	strongs_he	between (repeated before each noun, often with other particles); also as a conjunction, either...or
H997	bdb	between
H997	strongs_he	among, between.
H998	bdb	understanding; the act; the faculty; the object
H998	strongs_he	understanding
H999	bdb	understanding
H999	strongs_he	knowledge.
H1000	bdb	egg
H1000	strongs_he	an egg (from its whiteness)
H1001	bdb	castle
H1001	strongs_he	a palace
H1002	bdb	castle, palace; temple
H1002	strongs_he	a castle or palace
H1003	bdb	fortress; fortified place
H1003	strongs_he	a fortress
H1004	bdb	between; house; house; place; receptacle; household, family; household affairs; housewards, inwards; on the inside, within; on the inside; within
H1004	strongs_he	a house (in the greatest variation of applications, especially family, etc.)
H1005	bdb	house
H1005	strongs_he	house.
H1006	bdb	בַ֫יִת c. art. Is 15:2 n.pr.loc. but abbrev.
H1006	strongs_he	Bajith, a place in Palestine
H1007	bdb	house of iniquity; idolatry; house of wealth; strength
H1007	strongs_he	Beth-Aven, a place in Palestine
H1008	bdb	Bethel
H1008	strongs_he	Beth-El, a place in Palestine
H1009	bdb	Arbel
H1009	strongs_he	Beth-Arbel, a place in Palestine
H1010	bdb	בֵּית בַּ֫עַל מְעוֹן n.pr.loc. = בְּעֹן Nu 32:3; city assigned to Reuben; possessed by Moab
H1010	strongs_he	Beth-Baal-Meon, a place in Palestine
H1011	bdb	place of lioness
H1011	strongs_he	Beth-Biri, a place in Palestine
H1012	bdb	place of ford
H1012	strongs_he	Beth-Barah, a place in Palestine
H1013	bdb	place of a wall
H1013	strongs_he	Beth-Gader, a place in Palestine
H1014	bdb	place of recompense
H1014	strongs_he	Beth-Gamul, a place East of the Jordan
H1015	bdb	בֵּית דִּבְלָתָ֑יִם n.pr.loc. in Moab Je 48:22
H1015	strongs_he	Beth-Diblathajim, a place East of the Jordan
H1016	bdb	house, temple of Dagon
H1016	strongs_he	Beth-Dagon, the name of two places in Palestine
H1017	bdb	the Bethelite
H1017	strongs_he	a Beth-elite, or inhabitant of Bethel
H1018	bdb	אֵ֫צֶל in n.pr.[m.] בֵּית־הָאֵ֫צֶל
H1018	strongs_he	Beth-ha-Etsel, a place in Palestine
H1019	bdb	circle
H1019	strongs_he	Beth-hag-Gilgal, a place in Palestine
H1020	bdb	place of the desert
H1020	strongs_he	Beth-ha-Jeshimoth, a town East of the Jordan
H1021	bdb	vineyard place
H1021	strongs_he	Beth-hak-Kerem, a place in Palestine
H1022	bdb	בֵּית הַלַּחְמִי adj.gent. the Bethlehemite
H1022	strongs_he	a Beth-lechemite, or native of Bethlechem
H1023	bdb	בֵּית הַמֶּרְחָק possibly n.pr.loc. house or settlement on bank of Kidron 2 S 15:17
H1023	strongs_he	Beth-ham-Merchak, a place in Palestine
H1024	bdb	place of chariots
H1024	strongs_he	Beth-ham-Markaboth or Beth-Markaboth, a place in Palestine
H1025	bdb	valley-house
H1025	strongs_he	Beth-ha-Emek, a place in Palestine
H1026	bdb	place of the depression
H1026	strongs_he	Beth-ha-Arabah, a place in Palestine
H1027	bdb	בֵּית הָרָם n.pr.loc. in Gad Jos 13:27 = בֵּית הָרָן Nu 32:36
H1027	strongs_he	Beth-ha-Ram, a place East of the Jordan
H1028	bdb	בֵּית הָרָם n.pr.loc. in Gad Jos 13:27 = בֵּית הָרָן Nu 32:36
H1028	strongs_he	Beth-ha-Ran, a place East of the Jordan
H1029	bdb	place of the acacia
H1029	strongs_he	Beth-hash-Shittah, a place in Palestine
H1030	bdb	בֵּית־הַשִּׁמְשִׁי adj.gent. of foregoing [b.bp.bx] 1. c. art.
H1030	strongs_he	a Beth-shimshite, or inhabitant of Bethshemesh
H1031	bdb	place of partridge
H1031	strongs_he	Beth-Choglah, a place in Palestine
H1032	bdb	place of a hole; hollow
H1032	strongs_he	Beth-Choron, the name of two adjoining places in Palestine
H1033	bdb	place of lamb
H1033	strongs_he	Beth-Car, a place in Palestine
H1034	bdb	place of lioness
H1034	strongs_he	Beth-Lebaoth, a place in Palestine
H1035	bdb	בֵּית לֶ֫חֶם 41 n.pr.loc. in Judah, 2 hours south of Jerusalem; birth-place of David in Zeb., 7 m. NW. of Nazareth
H1035	strongs_he	Beth-Lechem, a place in Palestine
H1036	bdb	בֵּית לְעַפְרָה n.pr.loc. appar. in Philistine territory Mi 1:10; site unknown, & txt. dub.
H1036	strongs_he	Beth-le-Aphrah, a place in Palestine
H1037	bdb	fill
H1037	strongs_he	Beth-Millo, the name of two citadels
H1038	bdb	Abel of Beth Maacah
H1038	strongs_he	Beth-Maakah, a place in Palestine
H1039	bdb	place of leopard
H1039	strongs_he	Beth-Nimrah, a place east of the Jordan
H1040	bdb	בֵּית עֶ֑דֶן n.pr.loc. Am 1:5 Aramaean city, or land
H1040	strongs_he	Beth-Eden, a place in Syria
H1041	bdb	בֵּית־עַזְמָ֫וֶת n.pr.loc. near Jerusalem
H1041	strongs_he	house of Azmaveth, a place in Palestine
H1042	bdb	בֵּית־עֲנוֹת n.pr.loc. in Judah Jos 15:59
H1042	strongs_he	Beth-Anoth, a place in Palestine
H1043	bdb	בֵּית־עֲנָת n.pr.loc. in Naphtali
H1043	strongs_he	Beth-Anath, a place in Palestine
H1044	bdb	binding-house of the shepherds
H1044	strongs_he	Beth-Eked, a place in Palestine
H1045	bdb	‛Aštōreth; ‛Aštart; ‛Aštéreth
H1045	strongs_he	Beth-Ashtaroth, a place in Palestine
H1046	bdb	place of escape
H1046	strongs_he	Beth-Palet, a place in Palestine
H1047	bdb	בֵּית פְּעוֹר n.pr.loc. E. of Jordan, in land of Amorites (where assigned to Reuben); in land of Moab
H1047	strongs_he	Beth-Peor, a place East of the Jordan
H1048	bdb	place of dispersion
H1048	strongs_he	Beth-Patstsets, a place in Palestine
H1049	bdb	house of rock
H1049	strongs_he	Beth-Tsur, a place in Palestine
H1050	bdb	place of street; market
H1050	strongs_he	Beth-Rechob, a place in Palestine
H1051	bdb	בֵּית רָפָא n.pr.loc.? in Judah; as n.pr.m. 1 Ch 4:12.
H1051	strongs_he	Beth-Rapha, an Israelite
H1052	bdb	place of quiet
H1052	strongs_he	Beth-Shean or Beth-Shan, a place in Palestine
H1053	bdb	sun-temple
H1053	strongs_he	Beth-Shemesh, a place in Palestine
H1054	bdb	place of apples
H1054	strongs_he	Beth-Tappuach, a place in Palestine
H1055	bdb	house; palace
H1055	strongs_he	a palace (i.e. large house)
H1056	bdb	balsam-tree
H1056	strongs_he	Baca, a valley in Palestine
H1057	bdb	balsam-tree
H1057	strongs_he	the weeping tree (some gum-distilling tree, perhaps the balsam)
H1058	bdb	weep, bewail; weep, weep bitterly, weep upon, bewail; weep; weep bitterly; weep upon; bewail; lament, bewail
H1058	strongs_he	to weep; generally to bemoan
H1059	bdb	a weeping
H1059	strongs_he	a weeping
H1060	bdb	first-born; men and women; animals; figurative
H1060	strongs_he	first-born; hence, chief
H1061	bdb	first-fruits
H1061	strongs_he	the first-fruits of the crop
H1062	bdb	right of first-born
H1062	strongs_he	the firstling of man or beast; abstractly primogeniture
H1063	bdb	first ripe fig; early fig
H1063	strongs_he	the early fig
H1064	bdb	first-born
H1064	strongs_he	Bekorath, an Israelite
H1065	bdb	weeping
H1065	strongs_he	a weeping; by analogy, a dripping
H1066	bdb	בֹּכִים n.pr.loc. near Bethel
H1066	strongs_he	Bo-kim, a place in Palestine
H1067	bdb	first-born
H1067	strongs_he	the eldest daughter
H1068	bdb	weeping
H1068	strongs_he	a weeping
H1069	bdb	bear early, new fruit, make, constitute as first-born; bear early, new fruit; make, constitute as first-born; born, made a firstling; one bearing her first child
H1069	strongs_he	to give the birthright
H1070	bdb	young camel; dromedary
H1070	strongs_he	a young camel
H1071	bdb	young camel
H1071	strongs_he	Beker, the name of two Israelites
H1072	bdb	young camel; dromedary
H1072	strongs_he	a young she-camel
H1073	bdb	first ripe fig; early fig
H1073	strongs_he	a first-ripe fig
H1074	bdb	בֹּֽכְרוּ n.pr.m. a Benjamite 1 Ch 8:38 = 9:44.
H1074	strongs_he	Bokeru, an Israelite
H1075	bdb	youthful; the Bichrites
H1075	strongs_he	Bikri, an Israelite
H1076	bdb	בַּכְרִי adj.gent. c. art. as n.coll. Nu 26:35.
H1076	strongs_he	a Bakrite (collectively) or descendants of Beker
H1077	bdb	not
H1077	strongs_he	properly, a failure; by implication nothing; usually (adverb) not at all; also lest
H1078	bdb	Merodach
H1078	strongs_he	Bel, the Baal of the Babylonians
H1079	bdb	mind
H1079	strongs_he	properly, anxiety, i.e. (by implication) the heart (as its seat)
H1080	bdb	wear away; out
H1080	strongs_he	to afflict
H1081	bdb	abal-idinna; he has given a son
H1081	strongs_he	Baladan, the name of a Babylonian prince
H1082	bdb	gleam, smile; shew a smile, look cheerful; cause to burst, flash
H1082	strongs_he	to break off or loose (in a favorable or unfavorable sense), i.e. desist (from grief) or invade (with destruction)
H1083	bdb	cheerfulness
H1083	strongs_he	Bilgah, the name of two Israelites
H1084	bdb	בִּלְגַּי n.pr.m. (id. [b.bs.ab]) priest with Neh. Ne 10:9.
H1084	strongs_he	Bilgai, an Israelite
H1085	bdb	בִּלְדַּד n.pr.m. 2nd friend of Job
H1085	strongs_he	Bildad, one of Job's friends
H1086	bdb	become old and worn out; wear out; wear out, wear out by use, use to the full, enjoy; wear out; wear out by use, use to the full, enjoy
H1086	strongs_he	to fail; by implication to wear out, decay (causatively, consume, spend)
H1087	bdb	worn out
H1087	strongs_he	worn out
H1088	bdb	בָּלָה n.pr.loc. in Simeon Jos 19:3.
H1088	strongs_he	Balah, a place in Palestine
H1089	bdb	trouble; troubled them in building
H1089	strongs_he	to palpitate; hence, (causatively) to terrify
H1090	bdb	בִּלְהָה n.pr.loc. a city of Simeon 1 Ch 4:29; בִּלְהָה n.pr.f. (etym. dub.) handmaid of Rachel, concubine of Jacob
H1090	strongs_he	Bilhah, the name of one of Jacob's concubines; also of a place in Palestine
H1091	bdb	terror, dreadful event, calamity, destruction; terrors; calamity
H1091	strongs_he	alarm; hence, destruction
H1092	bdb	בִּלְהָן n.pr.m. descendant of Esau a Benjamite
H1092	strongs_he	Bilhan, the name of an Edomite and of an Israelite
H1093	bdb	tribute
H1093	strongs_he	excise (on articles consumed)
H1094	bdb	worn out things; rags
H1094	strongs_he	(only in plural construction) rags
H1095	bdb	בֵּלְטְשַׁאצַּר n.pr.m. name given to Daniel by Neb.
H1095	strongs_he	Belteshatstsar, the Babylonian name of Daniel
H1096	bdb	בֵּלְטְשַׁאצַּר 8 n.pr.m. Bab. name of Daniel
H1096	strongs_he	Belteshazzar.
H1097	bdb	wearing out; destruction; defect, failure
H1097	strongs_he	properly, failure, i.e. nothing or destruction; usually (with preposition) without, not yet, because not, as long as, etc.
H1098	bdb	fodder
H1098	strongs_he	mixed, i.e. (specifically) feed (for cattle)
H1099	bdb	nothingness
H1099	strongs_he	(as indefinitely) nothing whatever
H1100	bdb	worthlessness; ruin, destruction
H1100	strongs_he	without profit, worthlessness; by extension, destruction, wickedness
H1101	bdb	to give provender; mingle, mix, confuse, confound; mingle, confuse, mix; mingle, confuse; mix; Ephraim, among the peoples doth he mix himself; and we faded away
H1101	strongs_he	to overflow (specifically with oil.); by implication, to mix; to fodder
H1102	bdb	curb; hold in
H1102	strongs_he	to muzzle
H1103	bdb	gather figs
H1103	strongs_he	to pinch sycamore figs (a process necessary to ripen them)
H1104	bdb	swallow down, swallow up, engulf; swallow down, swallow up, engulf; swallow down; swallow up, engulf; swallowed up; swallow, swallow up, engulf; swallow; swallow up, engulf; be swallowed up
H1104	strongs_he	to make away with (specifically by swallowing); generally, to destroy
H1105	bdb	swallowing, devouring, thing swallowed; swallowing, destruction; thing swallowed
H1105	strongs_he	a gulp; figuratively, destruction
H1106	bdb	בֶּ֫לַע n.pr.loc. city = צֹעַר q.v. Gn 14:2, 6.; בֶ֫לַע n.pr.m. a king of Edom 1st son of Benjamin a Reubenite
H1106	strongs_he	Bela, the name of a place, also of an Edomite and of two Israelites
H1107	bdb	not unto; apart from; except; without
H1107	strongs_he	except, without, besides
H1108	bdb	בַּלְעִי adj.gent. of 2, הַבּ׳ n.coll. Nu 26:38.
H1108	strongs_he	a Belaite (collectively) or descendants of Bela
H1109	bdb	Balaam; בִּלְעָם n.pr.loc. town in Manasseh 1 Ch 6:55
H1109	strongs_he	Bilam, a Mesopotamian prophet; also a place in Palestine
H1110	bdb	waste; lay waste
H1110	strongs_he	to annihilate
H1111	bdb	devastator
H1111	strongs_he	Balak, a Moabitish king
H1112	bdb	Bel, protect the king
H1112	strongs_he	Belshatstsar, a Babylonian king
H1113	bdb	בֵּלְשַׁאצַּר n.pr.m. king of Bab.
H1113	strongs_he	Belshazzar.
H1114	bdb	inquirer
H1114	strongs_he	Bilshan, an Israelite
H1115	bdb	failure, not, except; not; not, except
H1115	strongs_he	properly, a failure of, i.e. (used only as a negative particle, usually with a prepositional prefix) not, except, without, unless, besides, because not, until, etc.
H1116	bdb	high place; high place, mountain; high places, battle-fields; high places; funereal mound
H1116	strongs_he	an elevation
H1117	bdb	high place; high place, mountain; high places, battle-fields; high places; funereal mound
H1117	strongs_he	Bamah, a place in Palestine
H1118	bdb	בִּמְהָל n.pr.m. descendant of Asher 1 Ch 7:33.
H1118	strongs_he	Bimhal, an Israelite
H1119	bdb	בְּמוֹ poet. for בְּ
H1119	strongs_he	in, with, by, etc.
H1120	bdb	high place; great high place
H1120	strongs_he	Bamoth or Bamoth-Baal, a place East of the Jordan
H1121	bdb	son; son; children; youth, young men; the young; sparks, stars, arrows; member, son of (the) herd; member; son of (the) herd; his son; his son
H1121	strongs_he	a son (as a builder of the family name), in the widest sense (of literal and figurative relationship, including grandson, subject, nation, quality or condition, etc., (like father or brother), etc.)
H1122	bdb	בֵּן n.pr.m. a Levite 1 Ch 15:18
H1122	strongs_he	Ben, an Israelite
H1123	bdb	son
H1123	strongs_he	child, son, young.
H1124	bdb	build; build; be built
H1124	strongs_he	to build
H1125	bdb	son of Abinadab
H1125	strongs_he	Ben-Abinadab, an Israelite
H1126	bdb	son of my sorrow
H1126	strongs_he	Ben-Oni, the original name of Benjamin
H1127	bdb	son of a man; of Geber
H1127	strongs_he	Ben-Geber, an Israelite
H1128	bdb	son of Deker
H1128	strongs_he	Ben-Deker, an Israelite
H1129	bdb	build; build; be built, be rebuilt, established, established; be built, be rebuilt; be built; be rebuilt; established, established; established; established
H1129	strongs_he	to build (literally and figuratively)
H1130	bdb	son of, god, Hadad
H1130	strongs_he	Ben-Hadad, the name of several Syrian kings
H1131	bdb	בִּנּוּי n.pr.m. head of family that returned with Zerubbabel a Levite of Ezra’s time Israelites of Ezra’s time
H1131	strongs_he	Binnui, an Israelite
H1132	bdb	בֶּן־זוֹחֵת n.pr.m. one of tribe of Judah, 1 Ch 4:20
H1132	strongs_he	Ben-Zocheth, an Israelite
H1133	bdb	son of Chur
H1133	strongs_he	Ben-Chur, an Israelite
H1134	bdb	son; man; of might
H1134	strongs_he	Ben-Chail, an Israelite
H1135	bdb	בֶּן־חָנָן n.pr.m. one of tribe of Judah 1 Ch 4:20.
H1135	strongs_he	Ben-Chanan, an Israelite
H1136	bdb	son of mercy
H1136	strongs_he	Ben-Chesed, an Israelite
H1137	bdb	בָּנִי n.pr.m. one of David’s heroes Levites a man of Judah rd. heads of families of Isr. an Israelite
H1137	strongs_he	Bani, the name of five Israelites
H1138	bdb	בֻּנִּי n.pr.m. Levites a chief of people
H1138	strongs_he	Bunni or Buni, an Israelite
H1139	bdb	בְּנֵי־בְרַק n.pr.loc. city of Dan Jos 19:45
H1139	strongs_he	sons of lightning, Bene-berak, a place in Palestine
H1140	bdb	structure; building
H1140	strongs_he	a structure
H1141	bdb	Yah hath built up
H1141	strongs_he	Benajah, the name of twelve Israelites
H1142	bdb	בְּנֵי יַעֲקָ֑ן n.pr.loc. a station of Israel in wilderness
H1142	strongs_he	Bene-Jaakan, a place in the Desert
H1143	bdb	interval, space between; in the interval of, between; space between two armies
H1143	strongs_he	a double interval, i.e. the space between two armies
H1144	bdb	son of, the, right hand
H1144	strongs_he	Binjamin, youngest son of Jacob; also the tribe descended from him, and its territory
H1145	bdb	בֶּן־יְמִינִי adj.gent.
H1145	strongs_he	a Benjaminite, or descendent of Benjamin
H1146	bdb	structure
H1146	strongs_he	an edifice
H1147	bdb	a building
H1147	strongs_he	building.
H1148	bdb	our son
H1148	strongs_he	Beninu, an Israelite
H1149	bdb	be angry
H1149	strongs_he	to be enraged
H1150	bdb	בִּנְעָא n.pr.m. a descendant of Jonathan
H1150	strongs_he	Bina or Binah, an Israelite
H1151	bdb	son of my people
H1151	strongs_he	Ben-Ammi, a son of Lot
H1152	bdb	in the secret of Yah
H1152	strongs_he	Besodejah, an Israelite
H1153	bdb	בֵּסַי n.pr.m. head of family of Nethinim
H1153	strongs_he	Besai, one of the Nethinim
H1154	bdb	unripe; sour grapes
H1154	strongs_he	an immature grape
H1155	bdb	unripe; sour grapes
H1155	strongs_he	sour grape.
H1156	bdb	ask, seek; ask, request, seek; ask, request; seek; resort
H1156	strongs_he	to seek or ask
H1157	bdb	separation; in separation from; away from; behind; about; on behalf of
H1157	strongs_he	in up to or over against; generally at, beside, among, behind, for, etc.
H1158	bdb	inquire, cause to swell, boil up; seek, inquire, cause to boil up; seek, inquire; cause to boil up; searched out, swelling, swelling out
H1158	strongs_he	to gush over, i.e. to swell; (figuratively) to desire earnestly; by implication to ask
H1159	bdb	petition
H1159	strongs_he	a request
H1160	bdb	a burning, torch
H1160	strongs_he	Beor, the name of the father of an Edomitish king; also of that of Balaam
H1161	bdb	terrors; alarms
H1161	strongs_he	alarms
H1162	bdb	quickness
H1162	strongs_he	Boaz, the ancestor of David; also the name of a pillar in front of the temple
H1163	bdb	kick
H1163	strongs_he	to trample down, i.e. (figuratively) despise
H1164	bdb	ruin; heap of ruins
H1164	strongs_he	a prayer
H1165	bdb	beasts; cattle
H1165	strongs_he	cattle
H1166	bdb	marry, rule over; marry, rule over; marry; rule over; be married
H1166	strongs_he	to be master; hence, to marry
H1167	bdb	owner, lord; owner, husband, citizens, inhabitants, rulers, lords; owner; husband; citizens, inhabitants; rulers, lords; lord, Baal
H1167	strongs_he	a master; hence, a husband, or (figuratively) owner (often used with another noun in modifications of this latter sense)
H1168	bdb	בַּ֫עַל n.pr.loc. city in tribe of Simeon n.pr.m. a Reubenite a Gibeonite; owner, lord; owner, husband, citizens, inhabitants, rulers, lords; owner; husband; citizens, inhabitants; rulers, lords; lord, Baal
H1168	strongs_he	Baal, a Phoenician deity
H1169	bdb	owner; lord
H1169	strongs_he	chancellor.
H1170	bdb	owner, lord; owner, husband, citizens, inhabitants, rulers, lords; owner; husband; citizens, inhabitants; rulers, lords; lord, Baal
H1170	strongs_he	Baal-Berith, a special deity of the Shechemites
H1171	bdb	בַ֫עַל גַּד n.pr.loc. where Baal was worshipped as Gad, god of fortune
H1171	strongs_he	Baal-Gad, a place in Syria
H1172	bdb	mistress
H1172	strongs_he	a mistress
H1173	bdb	city of Baal
H1173	strongs_he	Baalah, the name of three places in Palestine
H1174	bdb	possessor of abundance
H1174	strongs_he	Baal-Hamon, a place in Palestine
H1175	bdb	בְּעָלוֹת n.pr.loc. a city in the south of Judah
H1175	strongs_he	Bealoth, a place in Palestine
H1176	bdb	owner, lord; owner, husband, citizens, inhabitants, rulers, lords; owner; husband; citizens, inhabitants; rulers, lords; lord, Baal
H1176	strongs_he	Baal-Zebub, a special deity of the Ekronites
H1177	bdb	Baal is gracious
H1177	strongs_he	Baal-Chanan, the name of an Edomite, also of an Israelite
H1178	bdb	possessor of a court
H1178	strongs_he	Baal-Chatsor, a place in Palestine
H1179	bdb	בַ֫עַל חֶרְמוֹן n.pr.loc. a city so named as seat of the worship of Baal.
H1179	strongs_he	Baal-Chermon, a place in Palestine
H1180	bdb	owner, lord; owner, husband, citizens, inhabitants, rulers, lords; owner; husband; citizens, inhabitants; rulers, lords; lord, Baal
H1180	strongs_he	Baali, a symbolical name for Jehovah
H1181	bdb	owner, lord; owner, husband, citizens, inhabitants, rulers, lords; owner; husband; citizens, inhabitants; rulers, lords; lord, Baal
H1181	strongs_he	Baale-Bamoth, a place East of the Jordan
H1182	bdb	Baal knows
H1182	strongs_he	Beeljada, an Israelite
H1183	bdb	Yah is lord
H1183	strongs_he	Bealjah, an Israelite
H1184	bdb	city of Baal
H1184	strongs_he	Baale-Jehudah, a place in Palestine
H1185	bdb	בַּעֲלִיס n.pr.m. king of Ammonites Je 40:14
H1185	strongs_he	Baalis, an Ammonitish king
H1186	bdb	בַּ֫עַל מְעוֹן n.pr.loc.
H1186	strongs_he	Baal-Meon, a place East of the Jordan
H1187	bdb	Baal of Peor; Baal-P.
H1187	strongs_he	Baal-Peor, a Moabitish deity
H1188	bdb	possessor of breaches
H1188	strongs_he	Baal-Peratsim, a place in Palestine
H1189	bdb	בַ֫עַל צְפוֹן n.pr.loc. near Red Sea in Egypt
H1189	strongs_he	Baal-Tsephon, a place in Eqypt
H1190	bdb	בַ֫עַל שָׁלִשָׁה n.pr.loc. 2 K 4:42, place in Ephraim near Gilgal
H1190	strongs_he	Baal of Shalishah, Baal-Shalishah, a place in Palestine
H1191	bdb	בַּעֲלָת n.pr.loc. a city of Dan
H1191	strongs_he	Baalath, a place in Palestine
H1192	bdb	mistress of a well; Ramath Negeb
H1192	strongs_he	Baalath-Beer, a place in Palestine
H1193	bdb	possessor of palms; Baal of Tamar
H1193	strongs_he	Baal-Tamar, a place in Palestine
H1194	bdb	בֵּית בַּ֫עַל מְעוֹן n.pr.loc. = בְּעֹן Nu 32:3; city assigned to Reuben; possessed by Moab
H1194	strongs_he	Beön, a place East of the Jordan
H1195	bdb	son of distress
H1195	strongs_he	Baana, the name of four Israelite
H1196	bdb	בַּעֲנָה n.pr.m. (?id. [b.ci.az]) a Benjamite, one of the murderers of Ishbosheth father of one of David’s heroes head of family of returning exiles a chief of the people
H1196	strongs_he	Baanah, the name of four Israelites
H1197	bdb	be brutish; be stupid, dull-hearted, unreceptive; brutish, stupid; feed, graze; cause to be grazed over; burn, consume; burn; kindle, burn, consume; kindle; burn; consume; burn; kindle, burn up; kindle; burn up
H1197	strongs_he	to kindle, i.e. consume (by fire or by eating); to be (-come) brutish
H1198	bdb	brutishness
H1198	strongs_he	properly, foot (as consumed); i.e. (by exten.) of cattle brutishness; (concretely) stupid
H1199	bdb	בַּעֲרָא n.pr.f. wife of a Benjamite 1 Ch 8:8.
H1199	strongs_he	Baara, an Israelitish woman
H1200	bdb	burning
H1200	strongs_he	a burning
H1201	bdb	בַּעְשָׁא n.pr.m. a king of Israel
H1201	strongs_he	Basha, a king of Israel
H1202	bdb	בַּעֲשֵׂיָה n.pr.m. a Levite 1 Ch 6:25
H1202	strongs_he	Baasejah, an Israelite
H1203	bdb	house of Ashtoreth
H1203	strongs_he	Beeshterah, a place East of the Jordan
H1204	bdb	fall upon, startle, terrify; be terrified; fall upon, overwhelm, assail, terrify; fall upon, overwhelm, assail; terrify
H1204	strongs_he	to fear
H1205	bdb	terror; dismay
H1205	strongs_he	fear
H1206	bdb	mire
H1206	strongs_he	mud (as whitish clay)
H1207	bdb	swamp
H1207	strongs_he	a swamp
H1208	bdb	vintage
H1208	strongs_he	inaccessible, i.e. lofty
H1209	bdb	בֵּצָ֑י n.pr.m. one of the chiefs of the people; i.e. a family
H1209	strongs_he	Betsai, the name of two Israelites
H1210	bdb	vintage
H1210	strongs_he	clipped, i.e. the grape crop
H1211	bdb	onion
H1211	strongs_he	an onion
H1212	bdb	in the shadow, protection, of Ēl
H1212	strongs_he	Betsalel, the name of two Israelites
H1213	bdb	stripping
H1213	strongs_he	Batsluth or Batslith, an Israelite
H1214	bdb	cut off, break off, gain by violence; cut off, break off; cut off, dis, sever, finish, complete, accomplish, violently make gain of
H1214	strongs_he	to break off, i.e. (usually) plunder; figuratively, to finish, or (intransitively) stop
H1215	bdb	gain made by violence; unjust gain; profit
H1215	strongs_he	plunder; by extension, gain (usually unjust)
H1216	bdb	swell
H1216	strongs_he	perhaps to swell up, i.e. blister
H1217	bdb	dough; dough
H1217	strongs_he	dough (as swelling by fermentation)
H1218	bdb	בָּצְקַת n.pr.loc. city of Judah toward Philistines
H1218	strongs_he	Botscath, a place in Palestine
H1219	bdb	cut off, make inaccessible, enclose; cut off, grape-gathering, -gatherer, cut off; be withheld; fortify
H1219	strongs_he	to gather grapes; also to be isolated (i.e. inaccessible by height or fortification)
H1220	bdb	precious ore
H1220	strongs_he	strictly a clipping, i.e. gold (as dug out)
H1221	bdb	fortress
H1221	strongs_he	Betser, a place in Palestine; also an Israelite
H1222	bdb	straits; distress
H1222	strongs_he	gold
H1223	bdb	enclosure; sheep-; fold
H1223	strongs_he	an enclosure, i.e. sheep fold
H1224	bdb	בָּצְרָה n.pr.loc. city of Edom of Moab
H1224	strongs_he	Botsrah, a place in Edom
H1225	bdb	stronghold
H1225	strongs_he	a fortress
H1226	bdb	dearth
H1226	strongs_he	restraint (of rain), i.e. drought
H1227	bdb	בַּקְבּוּק n.pr.m. head of family of Nethinim
H1227	strongs_he	Bakbuk, one of the Nethinim
H1228	bdb	flask
H1228	strongs_he	a bottle (from the gurgling in emptying)
H1229	bdb	בַּקְבֻּקְיָה n.pr.m. a Levite
H1229	strongs_he	Bakbukjah, an Israelite
H1230	bdb	בַּקְבַּקַּר n.pr.m. (form strange, mng. dub.) a Levite 1 Ch 9:15.
H1230	strongs_he	Bakbakkar, an Israelite
H1231	bdb	בֻּקִּי n.pr.m. (id. [b.cq.ab]) a Danite chief Nu 34:22. a descendant of Aaron
H1231	strongs_he	Bukki, the name of two Israelites
H1232	bdb	proved of
H1232	strongs_he	Bukkijah, an Israelite
H1233	bdb	fissure; breach
H1233	strongs_he	a fissure
H1234	bdb	cleave, break open, through; cleave, cleave open, break through, into; cleave, cleave open; break through, into; be cleft, rent open, be broken into; be cleft, rent open; be broken into; cleave, cut to pieces, rend open; be ripped open; break into; the city was broken into; burst, themselves, open, cleave asunder
H1234	strongs_he	to cleave; generally, to rend, break, rip or open
H1235	bdb	half
H1235	strongs_he	a section (half) of a shekel, i.e. a beka (a weight and a coin)
H1236	bdb	plain
H1236	strongs_he	plain.
H1237	bdb	valley, plain; valley; plain
H1237	strongs_he	properly, a split, i.e. a wide level valley between mountains
H1238	bdb	empty; empty, lay waste; be emptied; empty out; be luxuriant
H1238	strongs_he	to pour out, i.e. to empty, figuratively, to depopulate; by analogy, to spread out (as a fruitful vine)
H1239	bdb	inquire; seek
H1239	strongs_he	properly, to plough, or (generally) break forth, i.e. (figuratively) to inspect, admire, care for, consider
H1240	bdb	inquire, seek; let search be made
H1240	strongs_he	inquire, make search.
H1241	bdb	cattle; herd; ox
H1241	strongs_he	a beeve or an animal of the ox family of either gender (as used for plowing); collectively, a herd
H1242	bdb	morning; morning, morning; morrow, next day
H1242	strongs_he	properly, dawn (as the break of day); generally, morning
H1243	bdb	a seeking
H1243	strongs_he	a looking after
H1244	bdb	punishment
H1244	strongs_he	properly, examination, i.e. (by implication) punishment
H1245	bdb	seek; seek to find, seek to secure, seek the face, desire, demand, require, exact, exact equivalent, penalty, ask, request; seek to find; seek to secure; seek the face; desire, demand; require, exact, exact equivalent, penalty; require, exact; exact equivalent, penalty; ask, request; be sought
H1245	strongs_he	to search out (by any method, specifically in worship or prayer); by implication, to strive after
H1246	bdb	request; entreaty
H1246	strongs_he	a petition
H1247	bdb	son
H1247	strongs_he	a son, grandson, etc.
H1248	bdb	son
H1248	strongs_he	the heir (apparent to the throne)
H1249	bdb	pure, clean; pure, clear; clean; kiss purely, sincere
H1249	strongs_he	beloved; also pure, empty
H1250	bdb	grain; corn; field
H1250	strongs_he	grain of any kind (even while standing in the field); by extension the open country
H1251	bdb	field
H1251	strongs_he	a field
H1252	bdb	cleanness; pureness
H1252	strongs_he	purity
H1253	bdb	lye; potash
H1253	strongs_he	vegetable lye (from its cleansing); used as a soap for washing, or a flux for metals
H1254	bdb	be fat; to make yourself fat; shape, create; shape, fashion, create; be created; be created; cut down, cut out; cut down; cut out
H1254	strongs_he	(absolutely) to create; (qualified) to cut down (a wood), select, feed (as formative processes)
H1255	bdb	Marduk has given a son
H1255	strongs_he	Berodak-Baladan, a Babylonian king
H1256	bdb	hath created
H1256	strongs_he	Berajah, an Israelite
H1257	bdb	בַּרְבֻּרִים n.m.pl. birds fattened for table of Solomon 1 K 5:3
H1257	strongs_he	a fowl (as fattened on grain)
H1258	bdb	hail
H1258	strongs_he	to hail
H1259	bdb	hail
H1259	strongs_he	hail
H1260	bdb	בֶּ֫רֶד n.pr.loc. near Kadesh n.pr.m. an Ephraimite
H1260	strongs_he	Bered, the name of a place south of Palestine, also of an Israelite
H1261	bdb	spotted; marked
H1261	strongs_he	spotted (as if with hail)
H1262	bdb	eat; eat bread; for devouring; cause to eat bread
H1262	strongs_he	to select; to feed; to render clear
H1263	bdb	blessed
H1263	strongs_he	Baruk, the name of three Israelites
H1264	bdb	variegated cloth
H1264	strongs_he	damask (stuff of variegated thread)
H1265	bdb	cypress, fir
H1265	strongs_he	a cypress (?) tree; hence, a lance or a musical instrument (as made of that wood)
H1266	bdb	[בְּרוֹת] n.m. id. [b.dh.ab] Ct 1:17; ref. to arbour of trees as their home
H1266	strongs_he	the cypress (or some elastic tree)
H1267	bdb	food; in; as; my food
H1267	strongs_he	food
H1268	bdb	בֵּר֫וֹתָה n.pr.loc. near Hamath Ez 47:16; בֵּרֹתַי n.pr.loc. belonging to Hadadezer of Zoba 2 S 8:8; perh. = foregoing [b.ac.ar].
H1268	strongs_he	Berothah or Berothai, a place north of Palestine
H1269	bdb	ברזות n.pr.f. (?) descend. of Asher 1 Ch 7:31 Kt
H1269	strongs_he	Birzoth, an Israelite
H1270	bdb	iron; iron; tool; iron
H1270	strongs_he	iron (as cutting); by extension, an iron implement
H1271	bdb	man of iron
H1271	strongs_he	Barzillai, the name of three Israelites
H1272	bdb	go through, flee; go, pass through, flee, hasten, come quickly; go, pass through; flee; hasten, come quickly; pass through, cause to flee, put to flight; pass through; cause to flee, put to flight
H1272	strongs_he	to bolt, i.e. figuratively, to flee suddenly
H1273	bdb	בַּרְחֻמִי 2 S 23:31
H1273	strongs_he	a Barchumite, or native of Bachurim
H1274	bdb	fat
H1274	strongs_he	fat
H1275	bdb	בֵּרִי n.pr.m. a descendant of Asher 1 Ch 7:36
H1275	strongs_he	Beri, an Israelite
H1276	bdb	בֵּרִים 2 S 20:14 obscure
H1276	strongs_he	(only in the plural and with the article) the Berites, a place in Palestine
H1277	bdb	fat
H1277	strongs_he	fatted or plump
H1278	bdb	a creation; thing created
H1278	strongs_he	a creation, i.e. a novelty
H1279	bdb	food
H1279	strongs_he	food
H1280	bdb	bar
H1280	strongs_he	a bolt
H1281	bdb	fleeing; as fugitives
H1281	strongs_he	a fugitive, i.e. the serpent (as fleeing), and the constellation by that name
H1282	bdb	בָּרִיחַ n.pr.m. son of Shemaiah 1 Ch 3:22.
H1282	strongs_he	Bariach, an Israelite
H1283	bdb	בְּרִיעָה n.pr.m. a son of Asher son of Ephraim a Benjamite a Levite
H1283	strongs_he	Beriah, the name of four Israelites
H1284	bdb	בְּרִיעִי adj.gent. c. art. as n.coll. Nu 26:44.
H1284	strongs_he	a Beriite (collectively) or descendants of Beriah
H1285	bdb	covenant; treaty, alliance, league, constitution, ordinance, agreement, pledge, alliance, alliance; treaty, alliance, league; constitution, ordinance; agreement, pledge; alliance; alliance; alliance, covenant; alliance; covenant; covenant making, covenant keeping, covenant violation; covenant making; covenant keeping; covenant violation
H1285	strongs_he	a compact (because made by passing between pieces of flesh)
H1286	bdb	god; men of might and rank; angels; gods of the nations; Ēl; God; strength, power
H1286	strongs_he	Berith, a Shechemitish deity
H1287	bdb	lye; alkali; potash; soap
H1287	strongs_he	vegetable alkali
H1288	bdb	kneel, bless; kneel down, bless; kneel down; bless; bless oneself; bless God, God blesses, men bless men, salute, greet, bless, curse; bless God; God blesses; men bless men; salute, greet; bless, curse; to be blessed, adored, prospered by God, have prosperity invoked, in gratitude; to be blessed, adored; prospered by God; have prosperity invoked; in gratitude; and he made his camel kneel; bless oneself
H1288	strongs_he	to kneel; by implication to bless God (as an act of adoration), and (vice-versa) man (as a benefit); also (by euphemism) to curse (God or the king, as treason)
H1289	bdb	kneel, bless; kneeling on his knees, blessed; kneeling on his knees; blessed; bless, praise
H1289	strongs_he	bless, kneel.
H1290	bdb	knee
H1290	strongs_he	a knee
H1291	bdb	knee
H1291	strongs_he	knee.
H1292	bdb	Ēl doth bless
H1292	strongs_he	Barakel, the father of one of Job's friends
H1293	bdb	blessing; blessing; source of blessing; blessing, prosperity; blessing, praise of God; a gift, present; treaty of peace
H1293	strongs_he	benediction; by implication prosperity
H1294	bdb	בְּרָכָה n.pr.loc. valley in wilderness by Tekoa n.pr.m. one of David’s band
H1294	strongs_he	Berakah, the name of an Israelite, and also of a valley in Palestine
H1295	bdb	pool; pond
H1295	strongs_he	a reservoir (at which camels kneel as a resting-place)
H1296	bdb	Yah blesseth
H1296	strongs_he	Berekjah, the name of six Israelites
H1297	bdb	only; nevertheless
H1297	strongs_he	properly, highly, i.e. surely; but used adversatively, however
H1298	bdb	בֶ֫רַע n.pr.m. king of Sodom Gn 14:2
H1298	strongs_he	Bera, a Sodomitish king
H1299	bdb	flash
H1299	strongs_he	to lighten (lightning)
H1300	bdb	flash; lightning; lightnings, lightning flashes
H1300	strongs_he	lightning; by analogy, a gleam; concretely, a flashing sword
H1301	bdb	lightning-flash
H1301	strongs_he	Barak, an Israelite
H1302	bdb	בַּרְקוֹס n.pr.m. (√ & mng. unknown) head of a family of Nethinim
H1302	strongs_he	Barkos, one of the Nethimim
H1303	bdb	briers
H1303	strongs_he	a thorn (perhaps as burning brightly)
H1304	bdb	בָּֽרְקַת n.f. id. [b.df.ae], Ez 28:13, cf. Ges § 80 R. 2, Pinsk Einl. 73.; emerald; flashing; sparkling
H1304	strongs_he	a gem (as flashing), perhaps the emerald
H1305	bdb	purify, select; purge out, purify, choose, select, cleanse, make shining, polish, test, prove; purge out, purify; choose, select; cleanse, make shining, polish; test, prove; purify oneself; purify; purify, cleanse, polish arrows; purify, cleanse; polish arrows; purify oneself, shew oneself pure, just, kind; purify oneself; shew oneself pure, just, kind
H1305	strongs_he	to clarify (i.e. brighten), examine, select
H1306	bdb	בִּרְשַׁע n.pr.m. (√ & meaning unknown) king of Gomorrah Gn 14:2.
H1306	strongs_he	Birsha, a king of Gomorrah
H1307	bdb	בְאֵרֹתִי adj.gent. always c. art.
H1307	strongs_he	a Berothite, or inhabitant of Berothai
H1308	bdb	בְּשׂוֹר n.pr. of brook in Philistine territory
H1308	strongs_he	Besor, a stream of Palestine
H1309	bdb	tidings; good tidings; tidings, news; reward for good tidings
H1309	strongs_he	glad tidings; by implication, reward for good news
H1310	bdb	boil, seethe, grow ripe; boil, cook, grow ripe; boil, cook; boil; cook; be boiled, sodden; ripened, brought to ripeness
H1310	strongs_he	properly, to boil up; hence, to be done in cooking; figuratively to ripen
H1311	bdb	cooked; boiled
H1311	strongs_he	boiled
H1312	bdb	son of peace
H1312	strongs_he	Bishlam, a Persian
H1313	bdb	spice; balsam; balsam-tree
H1313	strongs_he	the balsam plant
H1314	bdb	spice; balsam; balsam-tree
H1314	strongs_he	fragrance; by implication, spicery; also the balsam plant
H1315	bdb	perfume
H1315	strongs_he	Bosmath, the name of a wife of Esau, and of a daughter of Solomon
H1316	bdb	smooth; Bashan
H1316	strongs_he	Bashan (often with the article), a region East of the Jordan
H1317	bdb	shame
H1317	strongs_he	shamefulness
H1318	bdb	your trampling
H1318	strongs_he	to trample down
H1319	bdb	bear tidings; gladden with good tidings, bear tidings, herald as glad tidings; gladden with good tidings; bear tidings; herald as glad tidings; receive good tidings
H1319	strongs_he	properly, to be fresh, i.e. full (rosy, figuratively cheerful); to announce (glad news)
H1320	bdb	flesh; of the body; flesh, the body itself; male organ of generation; flesh, kindred, blood-relations; man over against God as frail, erring
H1320	strongs_he	flesh (from its freshness); by extension, body, person; also (by euphemistically) the pudenda of a man
H1321	bdb	flesh
H1321	strongs_he	flesh.
H1322	bdb	shame; shame; shameful thing
H1322	strongs_he	shame (the feeling and the condition, as well as its cause); by implication (specifically) an idol
H1323	bdb	daughter; daughter; young women, women; villages; ostrich; branch
H1323	strongs_he	a daughter (used in the same wide sense as other terms of relationship, literally and figuratively)
H1324	bdb	bath
H1324	strongs_he	a bath or Hebrew measure (as a means of division) of liquids
H1325	bdb	bath
H1325	strongs_he	bath.
H1326	bdb	end; destruction; and I will make it; a destruction; a waste; make an end of it
H1326	strongs_he	desolation
H1327	bdb	precipice; steep; cut off; abrupt; in the ravines of the precipices
H1327	strongs_he	desolation
H1328	bdb	בְּתוּאֵל n.pr.loc. in Simeon 1 Ch 4:30 = בְּתוּל Jos 19:4; כְּסִיל 15:30; בֵּיתְאֵל 1 S 30:27 (v. p. 111 supr.); yet cf. Lag BN 64; site unknown.; בְּתוּאֵל n.pr.m. son of Nahor, neph. of Abr., living in Aram-Naharaim, in city of Nahor; Aramaean of Paddan-Aram.
H1328	strongs_he	Bethuel, the name of a nephew of Abraham, and of a place in Palestine
H1329	bdb	בְּתוּאֵל n.pr.loc. in Simeon 1 Ch 4:30 = בְּתוּל Jos 19:4; כְּסִיל 15:30; בֵּיתְאֵל 1 S 30:27 (v. p. 111 supr.); yet cf. Lag BN 64; site unknown.
H1329	strongs_he	Bethul (i.e. Bethuel), a place in Palestine
H1330	bdb	virgin
H1330	strongs_he	a virgin (from her privacy); sometimes (by continuation) a bride; also (figuratively) a city or state
H1331	bdb	virginity
H1331	strongs_he	(collectively and abstractly) virginity; by implication and concretely, the tokens of it
H1332	bdb	worshipper of Yah
H1332	strongs_he	Bithjah, an Egyptian woman
H1333	bdb	cut; cut off; cut down; and they shall cut thee to pieces with their swords
H1333	strongs_he	to cut in pieces
H1334	bdb	cut in two
H1334	strongs_he	to chop up
H1335	bdb	part, piece; mountains of cutting, cleft mountains
H1335	strongs_he	a section
H1336	bdb	part, piece; mountains of cutting, cleft mountains
H1336	strongs_he	Bether, a (craggy) place in Palestine
H1337	bdb	daughter of multitudes
H1337	strongs_he	the daughter (i.e. city) of Rabbah
H1338	bdb	cleft; ravine
H1338	strongs_he	Bithron, a place East of the Jordan
H1339	bdb	daughter of oath
H1339	strongs_he	Bath-Sheba, the mother of Solomon
H1340	bdb	daughter of opulence
H1340	strongs_he	Bath-shua,
H1341	bdb	proud
H1341	strongs_he	haughty
H1342	bdb	rise up; rise up; grow up; be lifted up, exalted
H1342	strongs_he	to mount up; hence, in general, to rise, (figuratively) be majestic
H1343	bdb	proud
H1343	strongs_he	lofty; figuratively, arrogant
H1344	bdb	pride
H1344	strongs_he	arrogance
H1345	bdb	majesty of Ēl
H1345	strongs_he	Geuel, an Israelite
H1346	bdb	majesty, pride; rising up, swelling; majesty; pride, haughtiness
H1346	strongs_he	arrogance or majesty; by implication, (concretely) ornament
H1347	bdb	exaltation; exaltation, majesty, excellence; pride
H1347	strongs_he	the same as 1346
H1348	bdb	majesty; lifting up; majesty; pride
H1348	strongs_he	the same as 1346
H1349	bdb	proud
H1349	strongs_he	haughty
H1350	bdb	redemption; redeem, act as kinsman; act as kinsman, do the part of next of kin, redeem, redeem; act as kinsman, do the part of next of kin; redeem; redeem; redeem oneself, be redeemed; redeem oneself; be redeemed
H1350	strongs_he	to redeem (according to the Oriental law of kinship), i.e. to be the next of kin (and as such to buy back a relative's property, marry his widow, etc.)
H1351	bdb	defile; be defiled; pollute, desecrate; and they were desecrated out of the priesthood; I have polluted, stained, all my raiment; defile himself
H1351	strongs_he	to soil or (figuratively) desecrate
H1352	bdb	defiling; defilement
H1352	strongs_he	profanation
H1353	bdb	kin, redemption; kin; redemption; right of redemption; price of redemption
H1353	strongs_he	redemption (including the right and the object); by implication, relationship
H1354	bdb	back; back; mound; boss; bulwarks, breastworks; brow; rim
H1354	strongs_he	the back (as rounded); by analogy, the top or rim, a boss, a vault, arch of eye, bulwarks, etc.
H1355	bdb	back; side
H1355	strongs_he	back.
H1356	bdb	beam; rafter; pit; ditch; trench
H1356	strongs_he	a log (as cut out); also well or cistern (as dug)
H1357	bdb	locust; swarm; collection
H1357	strongs_he	a locust (from its cutting)
H1358	bdb	pit; den
H1358	strongs_he	a pit (for wild animals) (as cut out)
H1359	bdb	גֹּב, גּוֹב n.pr.loc. field of battle with Philistines
H1359	strongs_he	Gob, a place in Palestine
H1360	bdb	cistern, pool; cistern; pool, marsh
H1360	strongs_he	a reservoir; by analogy, a marsh
H1361	bdb	be high, exalted; be high, lofty, tall, be exalted, lofty; be high, lofty, tall; be exalted; lofty; make high, exalt
H1361	strongs_he	to soar, i.e. be lofty; figuratively, to be haughty
H1362	bdb	high, exalted; high, lofty, tall; exalted in station; haughty; loftiness
H1362	strongs_he	lofty (literally or figuratively)
H1363	bdb	height; height; exaltation, grandeur; haughtiness
H1363	strongs_he	elation, grandeur, arrogance
H1364	bdb	high, exalted; high, lofty, tall; exalted in station; haughty; loftiness
H1364	strongs_he	elevated (or elated), powerful, arrogant
H1365	bdb	haughtiness
H1365	strongs_he	pride
H1366	bdb	border, boundary, territory; border, boundary; territory
H1366	strongs_he	properly, a cord (as twisted), i.e. (by implication) a boundary; by extension the territory inclosed
H1367	bdb	border; boundary
H1367	strongs_he	a boundary, region
H1368	bdb	strong; mighty
H1368	strongs_he	powerful; by implication, warrior, tyrant
H1369	bdb	strength, might; strength; might, valour; might
H1369	strongs_he	force (literally or figuratively); by implication, valor, victory
H1370	bdb	might
H1370	strongs_he	power
H1371	bdb	having a bald forehead
H1371	strongs_he	bald in the forehead
H1372	bdb	bald forehead
H1372	strongs_he	baldness in the forehead; by analogy, a bare spot on the right side of cloth
H1373	bdb	גַּבַּי סַלָּ֑י appar. n.pr.m. a Benjamite Ne 11:8; but text dub.
H1373	strongs_he	Gabbai, an Israelite
H1374	bdb	trenches
H1374	strongs_he	Gebim, a place in Palestine
H1375	bdb	cup; bowl
H1375	strongs_he	a goblet; by analogy, the calyx of a flower
H1376	bdb	lord
H1376	strongs_he	a master
H1377	bdb	lady, queen; queen-mother
H1377	strongs_he	a mistress
H1378	bdb	crystal
H1378	strongs_he	crystal (from its resemblance to ice)
H1379	bdb	bound, border; bound, border; set bounds for
H1379	strongs_he	properly, to twist as a rope; to bound (as by a line)
H1380	bdb	גְּבַל n.pr.loc. maritime city on the Phenician coast Ez 27:9
H1380	strongs_he	Gebal, a place in Phoenicia
H1381	bdb	גְּבָל n.pr.loc. mountainous region S. of Dead Sea ψ 83:8
H1381	strongs_he	Gebal, a region in Idumaea
H1382	bdb	גִּבְלִי adj.gent. of foregoing [c.aj.ag], c. art. = n.coll.
H1382	strongs_he	a Gebalite, or inhabitant of Gebal
H1383	bdb	twisting; cords of twisting
H1383	strongs_he	a twisted chain or lace
H1384	bdb	crook-backed; hump-backed
H1384	strongs_he	hunch-backed
H1385	bdb	curd; cheese
H1385	strongs_he	curdled milk
H1386	bdb	peak; rounded summit
H1386	strongs_he	a hump or peak of hills
H1387	bdb	גֶּ֫בַע n.pr.loc. Levitical city, in Benjamin
H1387	strongs_he	Geba, a place in Palestine
H1388	bdb	גִּבְעָא n.pr.m. a son of Caleb 1 Ch 2:49.
H1388	strongs_he	Giba, a place in Palestine
H1389	bdb	hill
H1389	strongs_he	a hillock
H1390	bdb	hill
H1390	strongs_he	Gibah; the name of three places in Palestine
H1391	bdb	גִּבְעוֹן n.pr.loc. Levitical city in tribe of Benjamin; cf. also as n.pr.m.
H1391	strongs_he	Gibon, a place in Palestine
H1392	bdb	bud; the flax was bud
H1392	strongs_he	the calyx of a flower
H1393	bdb	גִּבְעֹנִי adj.gent.—alw. c. art.
H1393	strongs_he	a Gibonite, or inhabitant of Gibon
H1394	bdb	hill
H1394	strongs_he	Gibath
H1395	bdb	גִּבְעָתִי adj.gent. of גִּבְעָה of Benjamin (?) 1 Ch 12:3.
H1395	strongs_he	a Gibathite, or inhabitant of Gibath
H1396	bdb	be strong, mighty; be strong, mighty, prevail; be strong, mighty; prevail; make strong, strengthen; confirm a covenant; shew himself a mighty one, behave proudly
H1396	strongs_he	to be strong; by implication, to prevail, act insolently
H1397	bdb	man; man
H1397	strongs_he	properly, a valiant man or warrior; generally, a person simply
H1398	bdb	גֶּ֫בֶר n.pr.m. an official of Solomon 1 K 4:19
H1398	strongs_he	Geber, the name of two Israelites
H1399	bdb	man; man
H1399	strongs_he	a person
H1400	bdb	man
H1400	strongs_he	certain, man.
H1401	bdb	mighty one
H1401	strongs_he	valiant, or warrior
H1402	bdb	hero
H1402	strongs_he	Gibbar, an Israelite
H1403	bdb	man of Ēl
H1403	strongs_he	Gabriel, an archangel
H1404	bdb	lady, queen; mistress
H1404	strongs_he	mistress
H1405	bdb	mound; height
H1405	strongs_he	Gibbethon, a place in Palestine
H1406	bdb	roof, top; roof
H1406	strongs_he	a roof; by analogy, the top of an altar
H1407	bdb	coriander
H1407	strongs_he	coriander seed (from its furrows)
H1408	bdb	fortune, good fortune; god of fortune
H1408	strongs_he	Fortune, a Babylonian deity
H1409	bdb	fortune, good fortune; god of fortune
H1409	strongs_he	fortune
H1410	bdb	fortunatus
H1410	strongs_he	Gad, a son of Jacob, including his tribe and its territory; also a prophet
H1411	bdb	treasurer
H1411	strongs_he	a treasurer
H1412	bdb	גֻּדְגֹּ֫דָה n.pr.loc. (mng. dub.) station of Israel in wilderness
H1412	strongs_he	Gudgodah, a place in the Desert
H1413	bdb	penetrate, cut; they attack, the life of a righteous man; cut oneself, gather troops, bands, go in troops, throngs, throng; cut oneself; gather troops, bands, go in troops, throngs, throng
H1413	strongs_he	to crowd; also to gash (as if by pressing into)
H1414	bdb	hew down
H1414	strongs_he	to cut down
H1415	bdb	bank
H1415	strongs_he	a border of a river (as cut into by the stream)
H1416	bdb	band, troop; marauding band; troop; foray, raid
H1416	strongs_he	a crowd (especially of soldiers)
H1417	bdb	furrow, cutting; furrow; cuttings
H1417	strongs_he	a furrow (as cut)
H1418	bdb	furrow, cutting; furrow; cuttings
H1418	strongs_he	an incision
H1419	bdb	great; loud; do great things; greatness; the great
H1419	strongs_he	great (in any sense); hence, older; also insolent
H1420	bdb	greatness
H1420	strongs_he	greatness; (concretely) mighty acts
H1421	bdb	revilings; reviling words
H1421	strongs_he	vilification
H1422	bdb	taunt
H1422	strongs_he	a revilement
H1423	bdb	kid
H1423	strongs_he	a young goat (from browsing)
H1424	bdb	גָּדִי n.pr.m. father of Menahem
H1424	strongs_he	Gadi, an Israelite
H1425	bdb	Gadite
H1425	strongs_he	a Gadite (collectively) or descendants of Gad
H1426	bdb	my fortune
H1426	strongs_he	Gaddi, an Israelite
H1427	bdb	Ēl is my fortune
H1427	strongs_he	Gaddiel, an Israelite
H1428	bdb	bank
H1428	strongs_he	a river brink
H1429	bdb	kids
H1429	strongs_he	a young female goat
H1430	bdb	tomb; heap; stack
H1430	strongs_he	a stack of sheaves; by analogy, a tomb
H1431	bdb	grow up, become great; grow up, become great, to be magnified; grow up; become great; to be magnified; cause to grow, make great, powerful, magnify; cause to grow; make great, powerful; magnify; brought up; make great, magnify, do great things; make great; magnify; do great things; I will magnify myself
H1431	strongs_he	to be (causatively make) large (in various senses, as in body, mind, estate or honor, also in pride)
H1432	bdb	becoming great; growing up
H1432	strongs_he	large (literally or figuratively)
H1433	bdb	greatness; greatness, magnitude; magnificence; pride, insolence of heart
H1433	strongs_he	magnitude (literally or figuratively)
H1434	bdb	twisted threads; tassels; festoons
H1434	strongs_he	thread, i.e. a tassel or festoon
H1435	bdb	very great
H1435	strongs_he	Giddel, the name of one of the Nethinim, also of one of 'Solomon's servants'
H1436	bdb	Yah is great; Yah(u) is great
H1436	strongs_he	Gedaljah, the name of five Israelites
H1437	bdb	I magnify; God
H1437	strongs_he	Giddalti, an Israelite
H1438	bdb	hew, hew down, off; hew, cut in two; be hewn off; hew off, down, in two; hew down
H1438	strongs_he	to fell a tree; generally, to destroy anything
H1439	bdb	גִּדְעוֹן n.pr.m. judge of Israel
H1439	strongs_he	Gidon, an Israelite
H1440	bdb	גִּדְעֹם n.pr.loc. marking limit of pursuit of Benjamites by rest of Israel Ju 20:45.
H1440	strongs_he	Gidom, a place in Palestine
H1441	bdb	גִּדְעֹנִי n.pr.m. a Benjamite
H1441	strongs_he	Gidoni, an Israelite
H1442	bdb	revile; blaspheme
H1442	strongs_he	to hack (with words), i.e. revile
H1443	bdb	wall up; wall off; build a wall
H1443	strongs_he	to wall in or around
H1444	bdb	wall
H1444	strongs_he	a circumvallation
H1445	bdb	גֶּ֫דֶר n.pr.loc. Canaanitish city Jos 12:13.
H1445	strongs_he	Geder, a place in Palestine
H1446	bdb	wall
H1446	strongs_he	Gedor, a place in Palestine; also the name of three Israelites
H1447	bdb	wall
H1447	strongs_he	a circumvallation; by implication, an inclosure
H1448	bdb	wall
H1448	strongs_he	inclosure (especially for flocks)
H1449	bdb	גְּדֵרָה n.pr.loc. a city of Judah Jos 15:36
H1449	strongs_he	(with the article) Gederah, a place in Palestine
H1450	bdb	גְּדֵרוֹת n.pr.loc. in Judah
H1450	strongs_he	Gederoth, a place in Palestine
H1451	bdb	גְּדֵרִי adj.gent. of גֶּ֫דֶר (q.v.) 1 Ch 27:28.
H1451	strongs_he	a Gederite, or inhabitant of Geder
H1452	bdb	גְּדֵרָתִי adj.gent. 1 Ch 12:5.
H1452	strongs_he	a Gederathite, or inhabitant of Gederah
H1453	bdb	גְּדֵרֹתָ֑יִם n.pr.loc. in Judah Jos 15:36
H1453	strongs_he	Gederothajim, a place in Palestine
H1454	bdb	גֵּה Ez 47:13, rd. זֶה 𝔊 𝔗 𝔙 & all moderns.
H1454	strongs_he	this
H1455	bdb	depart; be cured; healed
H1455	strongs_he	to remove (a bandage from a wound, i.e. heal it)
H1456	bdb	healing; cure
H1456	strongs_he	a cure
H1457	bdb	bend; crouch
H1457	strongs_he	to prostrate oneself
H1458	bdb	back
H1458	strongs_he	the back
H1459	bdb	midst
H1459	strongs_he	the middle
H1460	bdb	midst; back
H1460	strongs_he	the back; by analogy, the middle
H1461	bdb	dig
H1461	strongs_he	to dig
H1462	bdb	locusts; locusts
H1462	strongs_he	the locust (from its grubbing as a larvae)
H1463	bdb	Gog of the land of Magog, prince of Rosh, Meshek, and Tubal
H1463	strongs_he	Gog, the name of an Israelite, also of some northern nation
H1464	bdb	invade; attack
H1464	strongs_he	to crowd upon, i.e. attack
H1465	bdb	back
H1465	strongs_he	the back, i.e. (by extension) the person
H1466	bdb	pride; pride; lifting up
H1466	strongs_he	exaltation; (figuratively) arrogance
H1467	bdb	pride
H1467	strongs_he	pride.
H1468	bdb	pass over; away
H1468	strongs_he	properly, to shear off; but used only in the (figuratively) sense of passing rapidly
H1469	bdb	young of birds
H1469	strongs_he	a nestling (as being comparatively nude of feathers)
H1470	bdb	גּוֹזָן n.pr.loc. city and district of Mesopotamia, on or near the middle course of the Euphrates, through which the river Chabur flowed
H1470	strongs_he	Gozan, a province of Assyria
H1471	bdb	nation; people; Tid‛al king of Goim
H1471	strongs_he	a foreign nation; hence, a Gentile; also (figuratively) a troop of animals, or a flight of locusts
H1472	bdb	body, corpse; body; dead body, corpse, carcass
H1472	strongs_he	a body, whether alive or dead
H1473	bdb	exiles; exile
H1473	strongs_he	exile; concretely and collectively exiles
H1474	bdb	גּוֹלָן n.pr.loc. city of Manasseh in Bashan, named as a city of refuge
H1474	strongs_he	Golan, a place east of the Jordan
H1475	bdb	pit
H1475	strongs_he	a pit
H1476	bdb	גּוּנִי n.pr.m. a Naphtalite a Gadite
H1476	strongs_he	Guni, the name of two Israelites
H1477	bdb	גּוּנִי adj.gent. of foregoing [c.bc.ab] 1; c. art. as n.coll.
H1477	strongs_he	a Gunite (collectively with article prefix) or descendants of Guni
H1478	bdb	expire; perish; die
H1478	strongs_he	to breathe out, i.e. (by implication) expire
H1479	bdb	shut, close; close
H1479	strongs_he	properly, to hollow or arch, i.e. (figuratively) close; to shut
H1480	bdb	body; corpse
H1480	strongs_he	a corpse (as closed to sense)
H1481	bdb	dread; be afraid, stand in awe; be afraid; stand in awe; stir up strife, quarrel; stir up strife, quarrel; stir up strife; quarrel; they excite themselves; sojourn; sojourn, abide; sojourn; abide; seek hospitality with
H1481	strongs_he	properly, to turn aside from the road (for a lodging or any other purpose), i.e. sojourn (as a guest); also to shrink, fear (as in a strange place); also to gather for hostility (as afraid)
H1482	bdb	whelp, young; whelps
H1482	strongs_he	a cub (as still abiding in the lair), especially of the lion
H1483	bdb	sojourning; dwelling
H1483	strongs_he	Gur, a place in Palestine
H1484	bdb	whelp; quarrelsome
H1484	strongs_he	whelp.
H1485	bdb	dwelling; Gûr of Baal
H1485	strongs_he	Gur-Baal, a place in Arabia
H1486	bdb	lot; lot; lot; thing assigned, apportioned, allotted; portion, recompence, retribution
H1486	strongs_he	properly, a pebble, i.e. a lot (small stones being used for that purpose); figuratively, a portion or destiny (as if determined by lot)
H1487	bdb	clod; lump
H1487	strongs_he	a mass of earth
H1488	bdb	shearing; mowing
H1488	strongs_he	a fleece (as shorn); also mown grass
H1489	bdb	treasurer
H1489	strongs_he	treasurer
H1490	bdb	treasurer
H1490	strongs_he	treasurer.
H1491	bdb	cut
H1491	strongs_he	to cut off, i.e. portion out
H1492	bdb	fleece
H1492	strongs_he	a fleece
H1493	bdb	גִּזוֹנִי adj.gent. 1 Ch 11:34
H1493	strongs_he	a Gizonite or inhabitant of Gizoh
H1494	bdb	shear; shear; be cut off
H1494	strongs_he	to cut off; specifically to shear a flock or shave the hair; figuratively to destroy an enemy
H1495	bdb	גָּזֵז n.pr.m. son of עֵיפָה, concub. of Caleb
H1495	strongs_he	Gazez, the name of two Israelites
H1496	bdb	cutting; hewing
H1496	strongs_he	something cut, i.e. dressed stone
H1497	bdb	tear away, seize, rob; tear away, rob; sleep
H1497	strongs_he	to pluck off; specifically to flay, strip or rob
H1498	bdb	robbery
H1498	strongs_he	robbery, or (concretely) plunder
H1499	bdb	robbery
H1499	strongs_he	plunder, i.e. violence
H1500	bdb	plunder; spoil
H1500	strongs_he	that (he had robbed) (which he took violently away), spoil, violence.
H1501	bdb	locusts
H1501	strongs_he	a kind of locust
H1502	bdb	גַּזָּם n.pr.m. head of a family of returned exiles
H1502	strongs_he	Gazzam, one of the Nethinim
H1503	bdb	stock; stem
H1503	strongs_he	the trunk or stump of a tree (as felled or as planted)
H1504	bdb	cut, divide; divide, cut in two, divide, cut down, cut off, cut off, destroy, exterminate, decree; divide, cut in two; divide; cut down; cut off; cut off, destroy, exterminate; decree; be cut off, be cut off, destroyed, exterminate, be decreed; be cut off; be cut off, destroyed, exterminate; be decreed
H1504	strongs_he	to cut down or off; (figuratively) to destroy, divide, exclude, or decide
H1505	bdb	cut, divide, determine; determiners; was cut out
H1505	strongs_he	to quarry; determine
H1506	bdb	part
H1506	strongs_he	something cut off; a portion
H1507	bdb	portion
H1507	strongs_he	Gezer, a place in Palestine
H1508	bdb	cutting; separation
H1508	strongs_he	the figure or person (as if cut out); also an inclosure (as separated)
H1509	bdb	separation
H1509	strongs_he	a desert (as separated)
H1510	bdb	decree
H1510	strongs_he	a decree
H1511	bdb	גִּזְרִי adj.gent. 1 S 27:8 Qr (Kt והגרזי) cf. Dr.
H1511	strongs_he	a Grizite (collectively) or member of a native tribe in Palestine
H1512	bdb	belly
H1512	strongs_he	the external abdomen, belly (as the source of the faetus)
H1513	bdb	coal
H1513	strongs_he	an ember
H1514	bdb	flame
H1514	strongs_he	Gacham, a son of Nahor
H1515	bdb	גַּ֫חַר n.pr.m. head of a family of returned exiles
H1515	strongs_he	Gachar, one of the Nethinim
H1516	bdb	valley
H1516	strongs_he	a gorge (from its lofty sides; hence, narrow, but not a gully or winter-torrent)
H1517	bdb	sinew
H1517	strongs_he	a thong (as compressing); by analogy, a tendon
H1518	bdb	burst forth; burst forth; draw forth, thrust forth, bring forth; draw forth; thrust forth, bring forth
H1518	strongs_he	to gush forth (as water), generally to issue
H1519	bdb	burst forth
H1519	strongs_he	to rush forth
H1520	bdb	a spring
H1520	strongs_he	Giach, a place in Palestine
H1521	bdb	a bursting forth
H1521	strongs_he	Gichon, a river of Paradise; also a valley (or pool) near Jerusalem
H1522	bdb	valley of vision
H1522	strongs_he	Gechazi, the servant of Elisha
H1523	bdb	rejoice, go around, about, be excited; rejoice, tremble; rejoice; tremble
H1523	strongs_he	properly, to spin round (under the influence of any violent emotion), i.e. usually rejoice, or (as cringing) fear
H1524	bdb	circle; age; rejoicing
H1524	strongs_he	a revolution (of time, i.e. an age); also joy
H1525	bdb	rejoicing
H1525	strongs_he	joy
H1526	bdb	גִּילֹנִי adj.gent.
H1526	strongs_he	a Gilonite or inhabitant of Giloh
H1527	bdb	גִּינַ֑ת n.pr.m. father of Tibni 1 K 16:21, 22.
H1527	strongs_he	Ginath, an Israelite
H1528	bdb	chalk; plaster
H1528	strongs_he	lime
H1529	bdb	גֵּישָׁן n.pr.m. a descendant of Judah through Caleb 1 Ch 2:47.
H1529	strongs_he	Geshan, an Israelite
H1530	bdb	heap, wave, billow; heap; waves, rollers; spring
H1530	strongs_he	something rolled, i.e. a heap of stone or dung (plural ruins), by analogy, a spring of water (plural waves)
H1531	bdb	basin, bowl; basin, pool, well; bowl
H1531	strongs_he	a cup for oil (as round)
H1532	bdb	barber
H1532	strongs_he	a barber
H1533	bdb	Gilboa‛
H1533	strongs_he	Gilboa, a mountain of Palestine
H1534	bdb	wheel; whirl; whirlwind
H1534	strongs_he	a wheel; by analogy, a whirlwind; also dust (as whirled)
H1535	bdb	[גַּלְגַּל] n.m. wheel;—pl. sf. Dn 7:9
H1535	strongs_he	a wheel
H1536	bdb	wheel
H1536	strongs_he	wheel.
H1537	bdb	circle
H1537	strongs_he	Gilgal, the name of three places in Palestine
H1538	bdb	skull, head, poll; skull; head, poll
H1538	strongs_he	a skull (as round); by implication, a head (in enumeration of persons)
H1539	bdb	skin
H1539	strongs_he	the (human) skin (as smooth)
H1540	bdb	uncover, remove; uncover the ear, reveal, remove, depart, go into exile; uncover the ear, reveal; remove, depart; go into exile; uncover oneself, discover, shew oneself, be uncovered, be disclosed, discovered, be removed; uncover oneself, discover, shew oneself; uncover oneself; discover, shew oneself; be uncovered, be disclosed, discovered; be uncovered; be disclosed, discovered; be removed; uncover, disclose, discover, lay bar, make known, shew, reveal; uncover; disclose, discover, lay bar; make known, shew, reveal; be uncovered; carry away into exile, take into exile; carried into exile; was uncovered, that his heart may reveal itself; was uncovered; that his heart may reveal itself
H1540	strongs_he	to denude (especially in a disgraceful sense); by implication, to exile (captives being usually stripped); figuratively, to reveal
H1541	bdb	reveal; reveal; revealed; take into exile
H1541	strongs_he	bring over, carry away, reveal.
H1542	bdb	גִּלֹה n.pr.loc. city in mountains of Judah
H1542	strongs_he	Giloh, a place in Palestine
H1543	bdb	basin, bowl; basin, pool, well; bowl
H1543	strongs_he	a fountain, bowl or globe (all as round)
H1544	bdb	idols; logs; blocks
H1544	strongs_he	properly, a log (as round); by implication, an idol
H1545	bdb	wrapping; garment
H1545	strongs_he	clothing (as wrapped)
H1546	bdb	exile
H1546	strongs_he	captivity; concretely, exiles (collectively)
H1547	bdb	exile
H1547	strongs_he	captivity.
H1548	bdb	be bald; shave, shave off; be shaven; shave oneself
H1548	strongs_he	properly, to be bald, i.e. (causatively) to shave; figuratively to lay waste
H1549	bdb	table; tablet
H1549	strongs_he	a tablet for writing (as bare); by analogy, a mirror (as a plate)
H1550	bdb	turning; folding; cylinder, rod, circuit, district; cylinder, rod; circuit, district
H1550	strongs_he	a valve of a folding door (as turning); also a ring (as round)
H1551	bdb	cylinder, rod, circuit, district; cylinder, rod; circuit, district
H1551	strongs_he	Galil (as a special circuit) in the North of Palestine
H1552	bdb	circuit; boundary; territory; Galilee
H1552	strongs_he	a circuit or region
H1553	bdb	circles; unto Geliloth, the circles, of Jordan which is in the land of Canaan, in front of the land of Canaan, in Geliloth of Jordan, beyond the sons of Israel; unto Geliloth, the circles, of Jordan which is in the land of Canaan; in front of the land of Canaan, in Geliloth of Jordan, beyond the sons of Israel
H1553	strongs_he	Geliloth, a place in Palestine
H1554	bdb	heaps
H1554	strongs_he	Gallim, a place in Palestine
H1555	bdb	conspicuous
H1555	strongs_he	Goljath, a Philistine
H1556	bdb	roll, roll away; roll; roll, roll up, along; and I will roll thee down from; garment rolled, in blood; roll oneself over and over; roll away
H1556	strongs_he	to roll (literally or figuratively)
H1557	bdb	dung
H1557	strongs_he	dung (as in balls)
H1558	bdb	account
H1558	strongs_he	a circumstance (as rolled around); only used adverbially, on account of
H1559	bdb	גָּלָל n.pr.m. of two Levites;— 1 Ch 9:15. 1 Ch 9:16 Ne 9:17.
H1559	strongs_he	Galal, the name of two Israelites
H1560	bdb	rolling
H1560	strongs_he	weight or size (as if rolled)
H1561	bdb	dung; ball
H1561	strongs_he	dung (plural balls of dung)
H1562	bdb	גִּלֲלִי n.pr.m. a Levitical musician Ne 12:36.
H1562	strongs_he	Gilalai, an Israelite
H1563	bdb	wrap up; fold; fold together
H1563	strongs_he	to fold
H1564	bdb	embryo
H1564	strongs_he	a wrapped (and unformed mass, i.e. as the embryo)
H1565	bdb	hard; barren
H1565	strongs_he	sterile (as wrapped up too hard); figuratively, desolate
H1566	bdb	expose; lay bare; disclose oneself; break out
H1566	strongs_he	to be obstinate
H1567	bdb	witness-pile
H1567	strongs_he	Galed, a memorial cairn East of the Jordan
H1568	bdb	גִּלְעָד n.pr.loc. of mountain-range or hill-country, land & city, E. of Jordan territory S. of Jabboḳ Northern Gilead more generally, of all Gilead name of a city of Israelites living E. of Jordan (as a whole) treated as n.pr.m.
H1568	strongs_he	Gilad, a region East of the Jordan; also the name of three Israelites
H1569	bdb	גִּלְעָדִי adj.gent. of 6 a. of 5. of n.pr.loc.
H1569	strongs_he	a Giladite or descendant of Gilad
H1570	bdb	sit; sit up; recline
H1570	strongs_he	probably to caper (as a goat)
H1571	bdb	also; moreover; yea
H1571	strongs_he	properly, assemblage; used only adverbially also, even, yea, though; often repeated as correl. both...and
H1572	bdb	swallow; let me drink a little water, pray
H1572	strongs_he	to absorb
H1573	bdb	rush; reed; papyrus
H1573	strongs_he	properly, an absorbent, i.e. the bulrush (from its porosity); specifically the papyrus
H1574	bdb	cubit
H1574	strongs_he	properly, a span
H1575	bdb	valorous men
H1575	strongs_he	a warrior (as grasping weapons)
H1576	bdb	dealing; recompense; benefit
H1576	strongs_he	treatment, i.e. an act (of good or ill); by implication, service or requital
H1577	bdb	weaned
H1577	strongs_he	Gamul, an Israelite
H1578	bdb	dealing; recompense
H1578	strongs_he	meaning the same
H1579	bdb	Jimzu
H1579	strongs_he	Gimzo, a place in Palestine
H1580	bdb	deal fully, adequately with, deal out to, wean, ripen; deal out to, do to, deal bountifully with, recompense, repay, requite, wean a child, ripen, bear ripe; deal out to, do to, deal bountifully with, recompense, repay, requite; deal out to, do to; deal bountifully with; recompense, repay, requite; wean a child; ripen, bear ripe; be weaned
H1580	strongs_he	to treat a person (well or ill), i.e. benefit or requite; by implication (of toil), to ripen, i.e. (specifically) to wean
H1581	bdb	camel
H1581	strongs_he	a camel
H1582	bdb	גְּמַלִּי n.pr.m. a Danite Nu 13:12.
H1582	strongs_he	Gemalli, an Israelite
H1583	bdb	reward of God
H1583	strongs_he	Gamliel, an Israelite
H1584	bdb	end; come to an end; complete
H1584	strongs_he	to end (in the sense of completion or failure)
H1585	bdb	complete
H1585	strongs_he	perfect.
H1586	bdb	גֹּ֫מֶר n.pr. m. son of Japhet f. wife of Hosea
H1586	strongs_he	Gomer, the name of a son of Japheth and of his descendants; also of a Hebrewess
H1587	bdb	hath accomplished
H1587	strongs_he	Gemarjah, the name of two Israelites
H1588	bdb	enclosure; garden
H1588	strongs_he	a garden (as fenced)
H1589	bdb	steal; steal; be stolen; steal away; be stolen away; go by stealth, syeal away
H1589	strongs_he	to thieve (literally or figuratively); by implication, to deceive
H1590	bdb	thief
H1590	strongs_he	a stealer
H1591	bdb	thing stolen
H1591	strongs_he	stealing, i.e. (concretely) something stolen
H1592	bdb	גְּנֻבַת n.pr.m. son of Hadad the Edomite
H1592	strongs_he	Genubath, an Edomitish prince
H1593	bdb	garden; garden; orchard
H1593	strongs_he	a garden
H1594	bdb	garden; garden; orchard
H1594	strongs_he	garden.
H1595	bdb	chests; treasury
H1595	strongs_he	treasure; by implication, a coffer
H1596	bdb	treasure
H1596	strongs_he	treasure
H1597	bdb	treasury
H1597	strongs_he	a treasury
H1598	bdb	cover, surround, defend; defend; defend
H1598	strongs_he	to hedge about, i.e. (generally) protect
H1599	bdb	גִּנְּתוֹן n.pr.m. a priest among the returned exiles
H1599	strongs_he	Ginnethon or Ginnetho, an Israelite
H1600	bdb	low
H1600	strongs_he	to bellow (as cattle)
H1601	bdb	[גֹּעָה] n.pr.loc. close to Jerusalem Je 31:39;—site unknown.
H1601	strongs_he	Goah, a place near Jerusalem
H1602	bdb	abhor, loathe; abhor, loathe; the shield of heroes was defiled; and doth not curse, allow, to reject as loathsome
H1602	strongs_he	to detest; by implication, to reject
H1603	bdb	גַּ֫עַל n.pr.m. appar. a Canaanite
H1603	strongs_he	Gaal, an Israelite
H1604	bdb	loathing
H1604	strongs_he	abhorrence
H1605	bdb	rebuke
H1605	strongs_he	to chide
H1606	bdb	rebuke
H1606	strongs_he	a chiding
H1607	bdb	shake, quake; quake; be shaken up, convulsed; shake back and forth, toss, reel to and fro; reel to and fro
H1607	strongs_he	to agitate violently
H1608	bdb	[גַּ֫עַשׁ] n.pr.loc. mt. in Ephraim
H1608	strongs_he	Gaash, a hill in Palestine
H1609	bdb	גַּעְתָּם n.pr.m. a chief of Edom, son of Eliphaz
H1609	strongs_he	Gatam, an Edomite
H1610	bdb	body; self; height; elevation
H1610	strongs_he	the back; by extension the body or self
H1611	bdb	wing
H1611	strongs_he	a wing
H1612	bdb	vine
H1612	strongs_he	a vine (as twining), especially the grape
H1613	bdb	gopher
H1613	strongs_he	a kind of tree or wood (as used for building), apparently the cypress
H1614	bdb	brimstone
H1614	strongs_he	properly, cypress-resin; by analogy, sulphur (as equally inflammable)
H1615	bdb	chalk; lime
H1615	strongs_he	lime (from being burned in a kiln)
H1616	bdb	sojourner
H1616	strongs_he	properly, a guest; by implication, a foreigner
H1617	bdb	גֵּרָא n.pr.m. son of Benjamin
H1617	strongs_he	Gera, the name of six Israelites
H1618	bdb	itch; scab
H1618	strongs_he	scurf (from itching)
H1619	bdb	hill of Gareb
H1619	strongs_he	Gareb, the name of an Israelite, also of a hill near Jerusalem
H1620	bdb	berry
H1620	strongs_he	a berry (as if a pellet of rumination)
H1621	bdb	neck
H1621	strongs_he	the throat (as used in rumination)
H1622	bdb	גִּרְגָּשִׁי adj.gent. ‘begotten’ by Canaan
H1622	strongs_he	a Girgashite, one of the native tribes of Canaan
H1623	bdb	scrape, scratch; scrape one’s self
H1623	strongs_he	to abrade
H1624	bdb	stir up; engage in strife
H1624	strongs_he	properly, to grate, i.e. (figuratively) to anger
H1625	bdb	cud
H1625	strongs_he	the cud (as scraping the throat)
H1626	bdb	a weight; gerah
H1626	strongs_he	a gerah or small weight (and coin)
H1627	bdb	neck, throat; neck; throat
H1627	strongs_he	the throat (as roughened by swallowing)
H1628	bdb	lodging; -place; inn; khan
H1628	strongs_he	a (temporary) residence
H1629	bdb	cut, cut off
H1629	strongs_he	to cut off
H1630	bdb	גְּרִזִּים n.pr.loc. mt. in N. Israel, S. of Sichem (Nabulus), opp. Ebal, which was on N.
H1630	strongs_he	Gerizim, a mountain of Palestine
H1631	bdb	axe; pick; pick-axe
H1631	strongs_he	an axe
H1632	bdb	[גָּרֹל] adj. Pr 19:19 Kt
H1632	strongs_he	harsh
H1633	bdb	break bones; break; lay aside; leave; save
H1633	strongs_he	(causative) to bone, i.e. denude (by extensive, craunch) the bones
H1634	bdb	bone; strength; self
H1634	strongs_he	a bone (as the skeleton of the body); hence, self, i.e. (figuratively) very
H1635	bdb	bone
H1635	strongs_he	a bone
H1636	bdb	גַּרְמִי adj.gent. c. art. 1 Ch 4:19.
H1636	strongs_he	bony, i.e. strong
H1637	bdb	threshing-floor
H1637	strongs_he	a threshing-floor (as made even); by analogy, any open area
H1638	bdb	be crushed; my soul is crushed, for; and he hath crushed my teeth with gravel
H1638	strongs_he	to crush; also (intransitively and figuratively) to dissolve
H1639	bdb	diminish, restrain, withdraw; diminish, restrain, withdraw; diminish; restrain; withdraw; be withdrawn, be restrained; be withdrawn; be restrained; withdraw, draw up
H1639	strongs_he	to scrape off; by implication, to shave, remove, lessen, withhold
H1640	bdb	sweep away
H1640	strongs_he	to bear off violently
H1641	bdb	drag, drag away; drag away; cud he cheweth not; sawn with the saw; a, roaring whirlwind
H1641	strongs_he	to drag off roughly; by implication, to bring up the cud (i.e. ruminate); by analogy, to saw
H1642	bdb	גְּרָר n.pr.loc. south of Gaza, usually identif. with mod. Umm Jerâr
H1642	strongs_he	Gerar, a Philistine city
H1643	bdb	a crushing; groats; grits
H1643	strongs_he	a kernel (collectively), i.e. grain
H1644	bdb	drive out, cast out; cast out, thrust out; be driven away; drive out, away
H1644	strongs_he	to drive out from a possession; especially to expatriate or divorce
H1645	bdb	thing thrust; put forth; yield; yield; produce
H1645	strongs_he	produce (as if expelled)
H1646	bdb	expulsion; violence; your acts of expulsion
H1646	strongs_he	(abstractly) dispossession
H1647	bdb	גֵּרְשֹׁם n.pr.m. son of Moses and Ṣipporah a son of Levi a son of Phinehas
H1647	strongs_he	Gereshom, the name of four Israelites
H1648	bdb	גֵּרְשׁוֹן n.pr.m. son of Levi
H1648	strongs_he	Gereshon or Gereshom, an Israelite
H1649	bdb	גֵּרְשֻׁנִּי adj.gent. c. art. as subst. collect.
H1649	strongs_he	a Gereshonite or descendant of Gereshon
H1650	bdb	bridge, land of bridges
H1650	strongs_he	Geshur, a district of Syria
H1651	bdb	גְּשׁוּרִי adj.gent. people dwelling in Geshûr a tribe of, or near, the Philistines
H1651	strongs_he	a Geshurite (also collectively) or inhabitants of Geshur
H1652	bdb	be rained upon; cause, send rain
H1652	strongs_he	to shower violently
H1653	bdb	rain; shower
H1653	strongs_he	a shower
H1654	bdb	גֶּ֫שֶׁם n.pr.m. an opponent of Nehemiah
H1654	strongs_he	Geshem or Gashmu, an Arabian
H1655	bdb	body
H1655	strongs_he	used in a peculiar sense, the body (probably for the (figuratively) idea of a hard rain)
H1656	bdb	[גֹּ֫שֶׁם] n.[m.] Ez 22:24 acc. to punct.; but cf. sub גשׁם vb.
H1656	strongs_he	rained upon.
H1657	bdb	גֹּ֫שֶׁן n.pr.loc. district in Egypt E. of lower Nile a city—not clearly located, but on southern border of Judah.
H1657	strongs_he	Goshen, the residence of the Israelites in Egypt; also a place in Palestine
H1658	bdb	גִּשְׁפָּא n.pr.m. named after צִיחָא as an officer of Nethinim Ne 11:21
H1658	strongs_he	Gishpa, an Israelite
H1659	bdb	feel with the hand, feel, stroke; grope, grope for
H1659	strongs_he	to feel about
H1660	bdb	wine-press
H1660	strongs_he	a wine-press (or vat for holding the grapes in pressing them)
H1661	bdb	wine-press
H1661	strongs_he	Gath, a Philistine city
H1662	bdb	wine-press of digging
H1662	strongs_he	Gath-Chepher, a place in Palestine
H1663	bdb	the Gittites
H1663	strongs_he	a Gittite or inhabitant of Gath
H1664	bdb	גִּתָּ֑יִם n.pr.loc. in Judah
H1664	strongs_he	Gittajim, a place in Palestine
H1665	bdb	גִּתִּית f. of foregoing [j.an.af] in three ψ-titles
H1665	strongs_he	a Gittite harp
H1666	bdb	גֶּ֫תֶר n.pr.m. a son of Aram
H1666	strongs_he	Gether, a son of Aram, and the region settled by him
H1667	bdb	גַּת־רִמּוֹן n.pr.loc. in Dan; Levitical city
H1667	strongs_he	Gath-Rimmon, a place in Palestine
H1668	bdb	this
H1668	strongs_he	this
H1669	bdb	become faint; languish
H1669	strongs_he	to pine
H1670	bdb	faintness; failure of mental energy; dismay; and before him; danceth dismay
H1670	strongs_he	properly, pining; by analogy, fear
H1671	bdb	faintness; languishing
H1671	strongs_he	pining
H1672	bdb	be anxious; concerned; fear
H1672	strongs_he	be anxious
H1673	bdb	דֹּאֵג n.pr.m. an Edomite, servant of Saul
H1673	strongs_he	Doeg, an Edomite
H1674	bdb	anxiety; anxious care
H1674	strongs_he	anxiety
H1675	bdb	fly swiftly; dart through
H1675	strongs_he	to dart, i.e. fly rapidly
H1676	bdb	kite
H1676	strongs_he	the kite (from its rapid flight)
H1677	bdb	bear
H1677	strongs_he	the bear (as slow)
H1678	bdb	bear
H1678	strongs_he	bear.
H1679	bdb	rest
H1679	strongs_he	quiet
H1680	bdb	move gently; glide; glide over
H1680	strongs_he	to move slowly, i.e. glide
H1681	bdb	whispering; defamation; evil report
H1681	strongs_he	slander
H1682	bdb	bee; swarm of bees
H1682	strongs_he	the bee (from its systematic instincts)
H1683	bdb	bee
H1683	strongs_he	Deborah, the name of two Hebrewesses
H1684	bdb	sacrifice
H1684	strongs_he	to sacrifice (an animal)
H1685	bdb	sacrifice
H1685	strongs_he	a sacrifice
H1686	bdb	dove’s dung
H1686	strongs_he	probably some cheap vegetable, perhaps a bulbous root
H1687	bdb	hindmost chamber; innermost room of the temple of Solomon
H1687	strongs_he	the shrine or innermost part of the sanctuary
H1688	bdb	דְּבִיר n. pr. m. king of Eglon n. pr. loc. N. border of Judah town of the Gadites a royal city of Canaanites; לִדְבִר n.pr.loc. only in Jos 13:26; E. of Jordan, in tribe of Gad
H1688	strongs_he	Debir, the name of an Amoritish king and of two places in Palestine
H1689	bdb	[דִּבְלָה] n.pr.loc. only c. Ez 6:14
H1689	strongs_he	Diblah, a place in Syria
H1690	bdb	lump; pressed; fig-; cake
H1690	strongs_he	a cake of pressed figs
H1691	bdb	[דִּבְלַ֫יִם] n.pr.m. father of Gomer wife of Hosea Ho 1:3.
H1691	strongs_he	Diblajim, a symbolic name
H1692	bdb	cling, cleave, keep close; cling, cleave to, cling, cleave to; cling, cleave to; cling, cleave to; they are joined together; cause to cling, cleave, pursue closely, overtake; cause to cling, cleave; pursue closely; overtake; and my tongue is made to cleave, my gums
H1692	strongs_he	properly, to impinge, i.e. cling or adhere; figuratively, to catch by pursuit
H1693	bdb	cling
H1693	strongs_he	to stick to
H1694	bdb	joining; soldering; appendage
H1694	strongs_he	a joint; by implication, solder
H1695	bdb	clinging; cleaving
H1695	strongs_he	adhering
H1696	bdb	speak; speak; speak with one another, talk; speak; in the day when she may be spoken for; speaking this word; leads, puts to flight, subdues
H1696	strongs_he	perhaps properly, to arrange; but used figuratively (of words), to speak; rarely (in a destructive sense) to subdue
H1697	bdb	speech, word; speech, discourse, saying, word; saying, utterance, sentence; a word, words; matter, affair
H1697	strongs_he	a word; by implication, a matter (as spoken of) or thing; adverbially, a cause
H1698	bdb	pestilence; plague, pestilence; cattle-plague, murrain
H1698	strongs_he	a pestilence
H1699	bdb	speaking; pasture
H1699	strongs_he	a pasture (from its arrangement of the flock)
H1700	bdb	cause; reason; manner
H1700	strongs_he	a reason, suit or style
H1701	bdb	cause; reason
H1701	strongs_he	intent, sake.
H1702	bdb	floats; rafts
H1702	strongs_he	a raft
H1703	bdb	word; he receiveth of thy words
H1703	strongs_he	a word
H1704	bdb	דִּבְרִי n.pr.m. a Danite Lv 24:11.
H1704	strongs_he	Dibri, an Israelite
H1705	bdb	דָּֽבְרַת n.pr.loc. Levitical city in Issachar
H1705	strongs_he	Daberath, a place in Palestine
H1706	bdb	honey
H1706	strongs_he	honey (from its stickiness); by analogy, syrup
H1707	bdb	hump
H1707	strongs_he	a sticky mass, i.e. the hump of a camel
H1708	bdb	hump
H1708	strongs_he	Dabbesheth, a place in Palestine
H1709	bdb	fish
H1709	strongs_he	a fish (often used collectively)
H1710	bdb	fish
H1710	strongs_he	fish.
H1711	bdb	multiply; increase
H1711	strongs_he	to spawn, i.e. become numerous
H1712	bdb	דָּגוֹן n.pr.m. god & idol of Philistines
H1712	strongs_he	Dagon, a Philistine deity
H1713	bdb	look; behold; carry, set up standard, banner; set up standard; bannered, supplied with standards
H1713	strongs_he	to flaunt, i.e. raise a flag; figuratively, to be conspicuous
H1714	bdb	standard; banner
H1714	strongs_he	a flag
H1715	bdb	corn; grain
H1715	strongs_he	properly, increase, i.e. grain
H1716	bdb	gather together as a brood
H1716	strongs_he	to brood over eggs or young
H1717	bdb	breast; teat; nipple
H1717	strongs_he	the breast (as the seat of love, or from its shape)
H1718	bdb	move slowly; lead slowly; walk deliberately
H1718	strongs_he	to walk gently
H1719	bdb	דְּדָן n.pr.loc. & gent. under fig. of son of רַעֲמָה and grandson of כּוּשׁ as son of יָקְשָׁן, father of אַשּׁוּרִם etc.; Rhodes; Rhodians
H1719	strongs_he	Dedan, the name of two Cushites and of their territory
H1720	bdb	[דְּדָנִי] adj.gent. only pl. as subst. Is 21:13.
H1720	strongs_he	Dedanites, the descendants or inhabitants of Dedan
H1721	bdb	Rhodians
H1721	strongs_he	Dodanites, or descendants of a son of Javan
H1722	bdb	gold
H1722	strongs_he	gold
H1723	bdb	דהוא Kt, דֵּהָיֵא Qr, most n.pr.gent. Ezr 4:9,
H1723	strongs_he	Dahava, a people colonized in Samaria
H1724	bdb	astonish, astound; like a man astounded
H1724	strongs_he	to be dumb, i.e. (figuratively) dumbfounded
H1725	bdb	rush, dash
H1725	strongs_he	to curvet or move irregularly
H1726	bdb	rushing; dashing
H1726	strongs_he	a gallop
H1727	bdb	pine away
H1727	strongs_he	to mope, i.e. (figuratively) pine
H1728	bdb	fisher; fisherman
H1728	strongs_he	a fisherman
H1729	bdb	fishing; fishery
H1729	strongs_he	properly, fishery, i.e. a hook for fishing
H1730	bdb	beloved; love; uncle
H1730	strongs_he	(figuratively) to love; by implication, a love-token, lover, friend; specifically an uncle
H1731	bdb	pot, jar; pot, kettle; basket
H1731	strongs_he	a pot (for boiling); also (by resemblance of shape) a basket
H1732	bdb	David
H1732	strongs_he	David, the youngest son of Jesse
H1733	bdb	aunt
H1733	strongs_he	an aunt
H1734	bdb	his beloved
H1734	strongs_he	Dodo, the name of three Israelites
H1735	bdb	דּוֹדָוָהוּ n.pr.m. father of Eliezer 2 Ch 20:37.
H1735	strongs_he	Dodavah, an Israelite
H1736	bdb	mandrake; vessels; baskets
H1736	strongs_he	a boiler or basket; also the mandrake (as an aphrodisiac)
H1737	bdb	דּוֹדַי n.pr.m. = דּוֹדוֹ (q.v.) 1 Ch 27:4
H1737	strongs_he	Dodai, an Israelite
H1738	bdb	be ill; unwell
H1738	strongs_he	to be sick (as if in menstruation)
H1739	bdb	faint; unwell
H1739	strongs_he	sick (especially in menstruation)
H1740	bdb	rinse, cleanse away by rinsing, washing; rinse, cleanse; rinse; cleanse
H1740	strongs_he	to thrust away; figuratively, to cleanse
H1741	bdb	illness
H1741	strongs_he	sickness; figuratively, loathing
H1742	bdb	faint
H1742	strongs_he	sick; figuratively, troubled
H1743	bdb	pound; beat
H1743	strongs_he	to bruise in a mortar
H1744	bdb	hoopoe
H1744	strongs_he	the hoopoe or else the grouse
H1745	bdb	silence; oracle of silence
H1745	strongs_he	silence; figuratively, death
H1746	bdb	דּוּמָה n.pr. m. son of Ishmael city in mountains of Judah name of Edom with mystic mng.
H1746	strongs_he	Dumah, a tribe and region of Arabia
H1747	bdb	silence; still waiting; repose
H1747	strongs_he	stillness; adverbially, silently; abstractly quiet, trust
H1748	bdb	silence; stone of silence; dumb stone; in silence; silently
H1748	strongs_he	still; adverbially, silently
H1749	bdb	wax
H1749	strongs_he	wax;
H1750	bdb	spring; leap; dance; danceth dismay
H1750	strongs_he	to leap
H1751	bdb	be shattered, fall to pieces; break in pieces
H1751	strongs_he	to crumble
H1752	bdb	heap up; pile; dwell
H1752	strongs_he	properly, to gyrate (or move in a circle), i.e. to remain
H1753	bdb	dwell
H1753	strongs_he	to reside
H1754	bdb	circle; ball; ball; circle; cordon
H1754	strongs_he	a circle, ball or pile
H1755	bdb	period, generation, dwelling; period, age, generation; generation; class; dwelling-place, habitation
H1755	strongs_he	properly, a revolution of time, i.e. an age or generation; also a dwelling
H1756	bdb	דֹּאר, דּוֹר n.pr.loc. city in Manasseh, on Mediterr., S. of Carmel
H1756	strongs_he	Dor, a place in Palestine
H1757	bdb	דּוּרָא n.pr.loc. near Bab., only Dn 3:1
H1757	strongs_he	Dura, a place in Babylonia
H1758	bdb	tread, thresh; tread on, trample on; be trampled down; be threshed
H1758	strongs_he	to trample or thresh
H1759	bdb	tread down
H1759	strongs_he	to trample
H1760	bdb	push, thrust; push; be thrust, cast down; they are thrust down; they shall be thrust down
H1760	strongs_he	to push down
H1761	bdb	instr. of music
H1761	strongs_he	probably a musical instrument (as being struck)
H1762	bdb	stumbling
H1762	strongs_he	a push, i.e. (by implication) a fall
H1763	bdb	fear; terrible; made me afraid
H1763	strongs_he	to slink, i.e. (by implication) to fear, or (causatively) be formidable
H1764	bdb	millet
H1764	strongs_he	millet
H1765	bdb	drive, hasten; hasten one’s self, hurry
H1765	strongs_he	to urge, i.e. hasten
H1766	bdb	thrust; crowd; oppress
H1766	strongs_he	to press, i.e. oppress
H1767	bdb	sufficiency, enough; according to the sufficiency, abundance, of, out of the abundance of, as often as; according to the sufficiency, abundance, of; out of the abundance of, as often as
H1767	strongs_he	enough (as noun or adverb), used chiefly with preposition in phrases
H1768	bdb	who; which; that; that; because
H1768	strongs_he	that, used as relative conjunction, and especially (with a preposition) in adverbial phrases; also as preposition of
H1769	bdb	דִּיבֹן, דִּיבוֹן n.pr.loc. city in Moab place in Judah, toward south
H1769	strongs_he	Dibon, the name of three places in Palestine
H1770	bdb	fish for; catch
H1770	strongs_he	to fish
H1771	bdb	fisher; fisherman
H1771	strongs_he	a fisherman
H1772	bdb	[דַּיָּה] n.f. id. [דָּאָה]—frequenting ruins Is 34:15
H1772	strongs_he	a falcon (from its rapid flight)
H1773	bdb	ink
H1773	strongs_he	ink
H1774	bdb	דִּי זָהָב n.pr.loc. appar. on border of Moab Dt 1:1 (𝔊 Καταχρύσεα).
H1774	strongs_he	Dizahab, a place in the Desert
H1775	bdb	דִּיבֹן, דִּיבוֹן n.pr.loc. city in Moab place in Judah, toward south
H1775	strongs_he	Dimon, a place in Palestine
H1776	bdb	דִּיבֹן, דִּיבוֹן n.pr.loc. city in Moab place in Judah, toward south
H1776	strongs_he	Dimonah, a place in Palestine
H1777	bdb	judge; act as judge, minister judgment, plead the cause, execute judgment, vindicate, execute judgment, requite, govern, he cannot contend with; act as judge, minister judgment; plead the cause; execute judgment, vindicate; execute judgment, requite; govern; he cannot contend with; and all the people were at strife throughout all the tribes of Israel
H1777	strongs_he	to rule; by implication to judge (as umpire); also to strive (as at law)
H1778	bdb	judge
H1778	strongs_he	to judge
H1779	bdb	judgment; throne of judgment; cause, plea; judgment, condemnation; strife; government
H1779	strongs_he	judgement (the suit, justice, sentence or tribunal); by implication also strife
H1780	bdb	judgment
H1780	strongs_he	judgement.
H1781	bdb	judge
H1781	strongs_he	a judge or advocate
H1782	bdb	judge
H1782	strongs_he	judge.
H1783	bdb	דִּינָה n.pr.f. daughter of Jacob
H1783	strongs_he	Dinah, the daughter of Jacob
H1784	bdb	דִּינָיֵא n.pr.gent. (?) Ezr 4:9
H1784	strongs_he	a Dinaite or inhabitant of some unknown Assyria province
H1785	bdb	bulwark; siege-wall
H1785	strongs_he	a battering-tower
H1786	bdb	threshing
H1786	strongs_he	threshing-time
H1787	bdb	דִּישֹׁן n.pr.m. a son of Seir a son of Anah & grandson of Seir
H1787	strongs_he	Dishon, the name of two Edomites
H1788	bdb	pygarg; mountain-goat
H1788	strongs_he	the leaper, i.e. an antelope
H1789	bdb	דִּישָׁן n.pr.m. a son of Seir
H1789	strongs_he	Dishan, an Edomite
H1790	bdb	crushed; oppressed
H1790	strongs_he	crushed, i.e. (figuratively) injured
H1791	bdb	this
H1791	strongs_he	this
H1792	bdb	crush; crushed, contrite ones; crush; crushed; crushed
H1792	strongs_he	to crumble; transitively, to bruise (literally or figuratively)
H1793	bdb	dust; contrite
H1793	strongs_he	crushed (literally powder, or figuratively, contrite)
H1794	bdb	and he is crushed, and he croucheth; be crushed, broken, be contrite; crush down
H1794	strongs_he	to collapse (phys. or mentally)
H1795	bdb	crushing; one wounded by crushing
H1795	strongs_he	mutilated
H1796	bdb	crushing; crashing; dashing
H1796	strongs_he	a dashing of surf
H1797	bdb	this; that
H1797	strongs_he	this
H1798	bdb	ram
H1798	strongs_he	properly, a male, i.e. of sheep
H1799	bdb	memorandum; record; [דָּכְרָן] n.[m.] id. [xd.aj.ab]
H1799	strongs_he	a register
H1800	bdb	low; weak; poor; thin
H1800	strongs_he	properly, dangling, i.e. (by implication) weak or thin
H1801	bdb	leap; leap; leap, leap over
H1801	strongs_he	to spring
H1802	bdb	draw; draw; thou hast drawn me up
H1802	strongs_he	properly, to dangle, i.e. to let down a bucket (for drawing out water); figuratively, to deliver
H1803	bdb	hair; thrum; the poor
H1803	strongs_he	properly, something dangling, i.e. a loose thread or hair; figuratively, indigent
H1804	bdb	make turbid
H1804	strongs_he	to roil water
H1805	bdb	bucket
H1805	strongs_he	a pail or jar (for drawing water)
H1806	bdb	Yah, u, hath drawn
H1806	strongs_he	Delajah, the name of five Israelites
H1807	bdb	Delila
H1807	strongs_he	Delilah, a Philistine woman
H1808	bdb	branch; bough
H1808	strongs_he	something dangling, i.e. a bough
H1809	bdb	hang, be low, languish; hang, ‘depend’; be brought low, laid low
H1809	strongs_he	to slacken or be feeble; figuratively, to be oppressed
H1810	bdb	דִּלְעָן n.pr.loc. a city of Judah, Jos 15:38.
H1810	strongs_he	Dilan, a place in Palestine
H1811	bdb	drop; drip
H1811	strongs_he	to drip; by implication, to weep
H1812	bdb	a dropping
H1812	strongs_he	a dripping
H1813	bdb	דַּלְפוֹן n.pr.m. a son of Haman, Est 9:7.
H1813	strongs_he	Dalphon, a son of Haman
H1814	bdb	burn, hotly pursue; burn, hotly pursue; burn; hotly pursue; inflame
H1814	strongs_he	to flame (literally or figuratively)
H1815	bdb	burn
H1815	strongs_he	burn.
H1816	bdb	inflammation
H1816	strongs_he	a burning fever
H1817	bdb	door; door; door; door; door; gates of city
H1817	strongs_he	something swinging, i.e. the valve of a door
H1818	bdb	blood; blood
H1818	strongs_he	blood (as that which when shed causes death) of man or an animal; by analogy, the juice of the grape; figuratively (especially in the plural) bloodshed (i.e. drops of blood)
H1819	bdb	be like, resemble; be like, resemble; liken, compare, imagine, think, devise, liken, consider to be like, compare, imagine, form an idea, devise; liken, consider to be like, compare; imagine, form an idea, devise; make oneself, become like
H1819	strongs_he	to compare; by implication, to resemble, liken, consider
H1820	bdb	cease, cause to cease, cut off, destroy; cease, cause to cease, cut off, destroy; cease; cause to cease, cut off, destroy; be cut off, destroyed, ruined
H1820	strongs_he	to be dumb or silent; hence, to fail or perish; trans. to destroy
H1821	bdb	be like
H1821	strongs_he	to resemble
H1822	bdb	one silenced; brought to silence; destroyed
H1822	strongs_he	desolation; concretely, desolate
H1823	bdb	likeness, similitude; likeness, similitude; in likeness of, like as
H1823	strongs_he	resemblance; concretely, model, shape; adverbially, like
H1824	bdb	cessation; quiet; pause; rest
H1824	strongs_he	quiet
H1825	bdb	likeness; his likeness is as a lion
H1825	strongs_he	resemblance
H1826	bdb	wail; be, grow dumb, silent, still; be silent, be still, be struck dumb, astounded; be silent; be still; be struck dumb, astounded; be made silent; ‘composed and quieted my soul’; he, hath silenced us
H1826	strongs_he	to be dumb; by implication, to be astonished, to stop; also to perish
H1827	bdb	whisper
H1827	strongs_he	quiet
H1828	bdb	dung
H1828	strongs_he	manure
H1829	bdb	דִּמְנָה n.pr.loc. Levitical city in Zebulun
H1829	strongs_he	Dimnah, a place in Palestine
H1830	bdb	weep
H1830	strongs_he	to weep
H1831	bdb	juice
H1831	strongs_he	a tear; figuratively, juice
H1832	bdb	tears
H1832	strongs_he	weeping
H1833	bdb	damask; silk
H1833	strongs_he	damask (as a fabric of Damascus)
H1834	bdb	Damascus
H1834	strongs_he	Damascus, a city of Syria
H1835	bdb	judge
H1835	strongs_he	Dan, one of the sons of Jacob; also the tribe descended from him, and its territory; likewise a place in Palestine colonized by them
H1836	bdb	this
H1836	strongs_he	this
H1837	bdb	דַּנָּה n.pr.loc. a city of Judah ‘in the hill country,‘ Jos 15:49
H1837	strongs_he	Dannah, a place in Palestine
H1838	bdb	דִּנְהָ֑בָה n.pr.loc. capital city of king Bela in Edom
H1838	strongs_he	Dinhabah, an Edomitish town
H1839	bdb	דָּנִי adj.gent. alw. c. art. as n.pr. coll.
H1839	strongs_he	a Danite (often collectively) or descendants (or inhabitants) of Dan
H1840	bdb	Ēl is my judge
H1840	strongs_he	Daniel or Danijel, the name of two Israelites
H1841	bdb	Daniel
H1841	strongs_he	Danijel, the Hebrew prophet
H1842	bdb	judge
H1842	strongs_he	Dan-Jaan, a place in Palestine
H1843	bdb	knowledge; opinion
H1843	strongs_he	knowledge
H1844	bdb	knowledge
H1844	strongs_he	knowledge
H1845	bdb	דְּעוּאֵל n.pr.m. a Gadite
H1845	strongs_he	Deuel, an Israelite
H1846	bdb	go out, be extinguished; go out, be extinguished; be made extinct, dried up; be extinguished, quenched
H1846	strongs_he	to be extinguished; figuratively, to expire or be dried up
H1847	bdb	knowledge; knowledge, perception, skill, knowledge; knowledge, perception; skill; knowledge; discernment, understanding, wisdom
H1847	strongs_he	knowledge
H1848	bdb	blemish; fault; against thy mother’s son thou dost allege a fault
H1848	strongs_he	a stumbling-block
H1849	bdb	beat, knock; beat; beat violently
H1849	strongs_he	to knock; by analogy, to press severely
H1850	bdb	דָּפְקָה n.pr.loc. first station of Isr. after מדבר סין
H1850	strongs_he	Dophkah, a place in the Desert
H1851	bdb	thin; small; fine
H1851	strongs_he	crushed, i.e. (by implication) small or thin
H1852	bdb	veil; curtain
H1852	strongs_he	something crumbling, i.e. fine (as a thin cloth)
H1853	bdb	דִּקְלָה n.pr.m.(loc.) a son of Joktan, i.e. an Arabian territory or people
H1853	strongs_he	Diklah, a region of Arabia
H1854	bdb	crush, pulverize, thresh, be fine; crush, be fine; crush; be fine; make dust of, pulverize; be crushed
H1854	strongs_he	to crush (or intransitively) crumble
H1855	bdb	be shattered, fall to pieces; break in pieces
H1855	strongs_he	to crumble or (trans.) crush
H1856	bdb	pierce, pierce through; pierce, run through; be pierced through; pierced, riddled
H1856	strongs_he	to stab; by analogy, to starve; figuratively, to revile
H1857	bdb	piercing; sharp weapon; pick; mattock
H1857	strongs_he	Deker, an Israelite
H1858	bdb	pearl; mother of pearl; pearls; a pearl
H1858	strongs_he	properly, a pearl (from its sheen as rapidly turned); by analogy, pearl-stone, i.e. mother-of-pearl or alabaster
H1859	bdb	generation
H1859	strongs_he	an age
H1860	bdb	aversion; abhorrence
H1860	strongs_he	an object of aversion
H1861	bdb	goad; goad
H1861	strongs_he	a goad
H1862	bdb	Ethan the Ezrahite, and Heman, and Calcol, and Darda, the sons of Mahol
H1862	strongs_he	Darda, an Israelite
H1863	bdb	thistles
H1863	strongs_he	a thorn
H1864	bdb	south
H1864	strongs_he	the south; poet. the south wind
H1865	bdb	a flowing, free run, liberty; myrrh of flowing; proclaim liberty
H1865	strongs_he	freedom; hence, spontaneity of outflow, and so clear
H1866	bdb	swallow
H1866	strongs_he	the swift, a kind of swallow
H1867	bdb	Darius
H1867	strongs_he	Darejavesh, a title (rather than name) of several Persian kings
H1868	bdb	דָּֽרְיָ֫וֶשׁ 15 n.pr.m. Darius Hystaspis ‘Darius the Mede’
H1868	strongs_he	Darius.
H1869	bdb	tread, march; tread, march, march forth, tread upon, tread, tread; tread, march, march forth; tread upon; tread; tread; tread, tread down, tread, cause to tread, march, lead; tread, tread down; tread; cause to tread, march, lead
H1869	strongs_he	to tread; by implication, to walk; also to string a bow (by treading on it in bending)
H1870	bdb	way, road, distance, journey, manner; way, road, path; journey; direction, toward; way, manner
H1870	strongs_he	a road (as trodden); figuratively, a course of life or mode of action, often adverb
H1871	bdb	drachma; daric
H1871	strongs_he	a 'drachma', or coin
H1872	bdb	arm
H1872	strongs_he	an arm
H1873	bdb	Ethan the Ezrahite, and Heman, and Calcol, and Darda, the sons of Mahol
H1873	strongs_he	Dara, an Israelite
H1874	bdb	דַּרְקוֹן n.pr.m. head of family of Nethinim, who went up with Zerubbabel
H1874	strongs_he	Darkon, one of 'Solomon's servants'
H1875	bdb	resort to, seek; tread, resort to, frequent, seek, consult, inquire of, seek deity in prayer and worship, seek, require, inquire, investigate, ask for, require, demand, seek with application, study, follow, practise, seek with care, care for; tread, resort to, frequent; seek, consult, inquire of; seek deity in prayer and worship; seek, require, inquire, investigate; seek, require; inquire, investigate; ask for, require, demand; seek with application, study, follow, practise; seek with care, care for; let oneself be inquired of, consulted, be sought out, be required; let oneself be inquired of, consulted; be sought out; be required
H1875	strongs_he	properly, to tread or frequent; usually to follow (for pursuit or search); by implication, to seek or ask; specifically to worship
H1876	bdb	sprout, shoot, grow green; cause to sprout, shoot forth
H1876	strongs_he	to sprout
H1877	bdb	grass
H1877	strongs_he	a sprout; by analogy, grass
H1878	bdb	be fat, grow fat; make fat, find, fat, take away, clear away the fat ashes; be made fat; it hath fattened itself
H1878	strongs_he	to be fat; transitively, to fatten (or regard as fat); specifically to anoint; figuratively, to satisfy; to remove (fat) ashes (of sacrifices)
H1879	bdb	fat
H1879	strongs_he	fat; figuratively, rich, fertile
H1880	bdb	fatness, fat ashes; fatness; fat ashes
H1880	strongs_he	the fat; abstractly fatness, i.e. (figuratively) abundance; specifically the (fatty) ashes of sacrifices
H1881	bdb	decree, law, usage; decree, edict, commission; law
H1881	strongs_he	a royal edict or statute
H1882	bdb	decree; law
H1882	strongs_he	decree, law.
H1883	bdb	grass
H1883	strongs_he	tender grass.
H1884	bdb	judge; dâtabara; law-bearer; judge
H1884	strongs_he	meaning one skilled in law; a judge
H1885	bdb	דָּתָן n.pr.m. a Reubenite, son of Eliab
H1885	strongs_he	Dathan, an Israelite
H1886	bdb	דֹּתָן n.pr.loc. in N. Israel, north of Samaria
H1886	strongs_he	Dothan, a place in Palestine
H1887	bdb	lo; behold
H1887	strongs_he	lo!
H1888	bdb	behold like; lo!; behold!
H1888	strongs_he	even, lo.
H1889	bdb	Aha!
H1889	strongs_he	aha!
H1890	bdb	gift
H1890	strongs_he	gift (in sacrifice), i.e. holocaust
H1891	bdb	act emptily, become vain; became vain; cause to become vain
H1891	strongs_he	to be vain in act, word, or expectation; specifically to lead astray
H1892	bdb	vapour; breath
H1892	strongs_he	emptiness or vanity; figuratively, something transitory and unsatisfactory; often used as an adverb
H1893	bdb	הֶ֫בֶל, הָ֑בֶל n.pr.m. second son of Adam
H1893	strongs_he	Hebel, the son of Adam
H1894	bdb	ebony
H1894	strongs_he	ebony
H1895	bdb	divide; they that divide the heavens, that gaze at the stars
H1895	strongs_he	to be a horoscopist
H1896	bdb	הֵגֵא n.pr.m. eunuch of Ahasuerus
H1896	strongs_he	Hege or Hegai, a eunuch of Xerxes
H1897	bdb	moan, growl, utter, speak, muse; growl, groan, moan, utter, soliloquize, meditate, muse, imagine, devise; growl, groan, moan; growl; groan, moan; utter; soliloquize, meditate, muse, imagine, devise; soliloquize, meditate, muse; imagine, devise; a conceiving and an uttering, out of the heart, lying words; those that make chirpings and mutterings
H1897	strongs_he	to murmur (in pleasure or anger); by implication, to ponder
H1898	bdb	remove
H1898	strongs_he	to remove
H1899	bdb	a rumbling; growling; moaning
H1899	strongs_he	a muttering (in sighing, thought, or as thunder)
H1900	bdb	meditation; musing
H1900	strongs_he	musing
H1901	bdb	murmuring; whisper; musing
H1901	strongs_he	properly, a murmur, i.e. complaint
H1902	bdb	resounding music; meditation; musing
H1902	strongs_he	a murmuring sound, i.e. a musical notation (probably similar to the modern affettuoso to indicate solemnity of movement); by implication, a machination
H1903	bdb	appropriate; suitable
H1903	strongs_he	perhaps suitable or turning
H1904	bdb	Hagar
H1904	strongs_he	Hagar, the mother of Ishmael
H1905	bdb	הַגְרִי n.pr.gent. a tribe (Aramean? Arabian?) with which the E. Jordan Israelites waged successful war adj.gent. of an officer of David n.pr.m. father of one of David’s warriors
H1905	strongs_he	a Hagrite or member of a certain Arabian clan
H1906	bdb	joyous; shout on mountains
H1906	strongs_he	a shout
H1907	bdb	counsellor; minister
H1907	strongs_he	a vizier
H1908	bdb	Hadad
H1908	strongs_he	Hadad, the name of an idol, and of several kings of Edom
H1909	bdb	Hadadezer
H1909	strongs_he	Hadadezer, a Syrian king
H1910	bdb	Hadadrimmon
H1910	strongs_he	Hadad-Rimmon, a place in Palestine
H1911	bdb	stretch out
H1911	strongs_he	to stretch forth the hand
H1912	bdb	India
H1912	strongs_he	Hodu (i.e. Hindustan)
H1913	bdb	הֲדוֹרָם n.pr.m. Arabian tribe, called son of Joktan son of Tou king of Hamath; הֲדֹרָם n.pr.m. an official of Rehoboam
H1913	strongs_he	Hadoram, a son of Joktan, and the tribe descended from him
H1914	bdb	הִדַּי n.pr.m. one of David’s heroes
H1914	strongs_he	Hiddai, an Israelite
H1915	bdb	cast, tread down
H1915	strongs_he	to crush with the foot
H1916	bdb	stool; footstool
H1916	strongs_he	a footstool
H1917	bdb	member; limb
H1917	strongs_he	something stamped to pieces, i.e. a bit
H1918	bdb	myrtle
H1918	strongs_he	the myrtle
H1919	bdb	myrtle
H1919	strongs_he	Hadassah (or Esther)
H1920	bdb	thrust, push, drive; thrust, push, thrust out, drive out, depose; thrust, push; thrust out, drive out; depose
H1920	strongs_he	to push away or down
H1921	bdb	swell, honour, adorn; swell, honour, pay honour to, adorn; swell; honour, pay honour to; adorn; were, honoured; honour oneself, claim honour
H1921	strongs_he	to swell up (literally or figuratively, active or passive); by implication, to favor or honour, be high or proud
H1922	bdb	glorify
H1922	strongs_he	to magnify (figuratively)
H1923	bdb	honour; majesty
H1923	strongs_he	magnificence
H1924	bdb	הֲדַר n.pr.m. a king in Edom (Aram. form) Gn 36:39 = הֲדַד (q.v.) 1 Ch 1:50
H1924	strongs_he	Hadar, an Edomite
H1925	bdb	ornament; adornment; splendour
H1925	strongs_he	honour; used (figuratively) for the capital city (Jerusalem)
H1926	bdb	ornament; splendour; honour
H1926	strongs_he	magnificence, i.e. ornament or splendor
H1927	bdb	adornment; glory
H1927	strongs_he	decoration
H1928	bdb	Hadadezer
H1928	strongs_he	Hadarezer, a Syrian king
H1929	bdb	alas!
H1929	strongs_he	ah! expressing grief
H1930	bdb	Ah!
H1930	strongs_he	oh!
H1931	bdb	he, she, it; he, she, it, they, himself, herself, itself, themselves, that, those; that, it
H1931	strongs_he	he (she or it); only expressed when emphatic or without a verb; also (intensively) self, or (especially with the article) the same; sometimes (as demonstrative) this or that; occasionally (instead of copula) as or are
H1932	bdb	he; she; it
H1932	strongs_he	× are, it, this.
H1933	bdb	fall; become
H1933	strongs_he	to be (in the sense of existence)
H1934	bdb	come to pass; become; be
H1934	strongs_he	to exist; used in a great variety of applications (especially in connection with other words)
H1935	bdb	splendour; majesty; vigour
H1935	strongs_he	grandeur (i.e. an imposing form and appearance)
H1936	bdb	splendour; vigour
H1936	strongs_he	Hod, an Israelite
H1937	bdb	הודוה Kt, הוֹדְיָה Qr, n.pr.m. only in Ne 7:43 of a Levitical family
H1937	strongs_he	Hodevah (or Hodevjah), an Israelite
H1938	bdb	הוֹדַוְיָה, הוֹדַוְיָהוּ, הודיוהו n.pr.m.
H1938	strongs_he	Hodavjah, the name of three Israelites
H1939	bdb	הוֹדַוְיָה, הוֹדַוְיָהוּ, הודיוהו n.pr.m.
H1939	strongs_he	Hodajvah, an Israelite
H1940	bdb	my splendour is Yah
H1940	strongs_he	a Jewess
H1941	bdb	my splendour is Yah
H1941	strongs_he	Hodijah, the name of three Israelites
H1942	bdb	desire; chasm; destruction
H1942	strongs_he	by implication, of falling); desire; also ruin
H1943	bdb	ruin; disaster
H1943	strongs_he	ruin
H1944	bdb	הוֹהָם n.pr.m. Canaanitish king of Hebron Jos 10:3.
H1944	strongs_he	Hoham, a Canaanitish king
H1945	bdb	Ah; Alas; Ha
H1945	strongs_he	oh!
H1946	bdb	go; go; walking about; walk
H1946	strongs_he	to go; causatively, to bring
H1947	bdb	madness
H1947	strongs_he	folly
H1948	bdb	הוֹלֵלוּת n.f. id. [e.bp.ad] Ec 10:3
H1948	strongs_he	folly
H1949	bdb	murmur, roar, discomfit; and he shall discomfit them, with, a great discomfiture; be in a stir, re-echoing; shew disquietude, they, shall murmur
H1949	strongs_he	to make an uproar, or agitate greatly
H1950	bdb	הוֹמָ֑ם n.pr.m. son of Seir the Horite 1 Ch 1:39 𝔊 Αἱμαν 𝔊L Ημαν; = הֵימָם Gn 36:22.
H1950	strongs_he	Homam, an Edomitish chieftain
H1951	bdb	be easy; regard as easy; make light
H1951	strongs_he	properly, to be naught, i.e. (figuratively) to be (causatively, act) light
H1952	bdb	wealth; sufficiency
H1952	strongs_he	wealth; by implication, enough
H1953	bdb	hath heard
H1953	strongs_he	Hoshama, an Israelite
H1954	bdb	salvation
H1954	strongs_he	Hoshea, the name of five Israelites
H1955	bdb	Yah has saved
H1955	strongs_he	Hoshajah, the name of two Israelites
H1956	bdb	abundance; superabundance
H1956	strongs_he	Hothir, an Israelite
H1957	bdb	dream; rave
H1957	strongs_he	to dream
H1958	bdb	lamentation; wailing
H1958	strongs_he	lamentation
H1959	bdb	shout; shouting; cheer
H1959	strongs_he	acclamation
H1960	bdb	songs of praise
H1960	strongs_he	properly, an acclaim, i.e. a choir of singers
H1961	bdb	fall out, come to pass, become, be; Fall out, happen, occur, take place, come about, come to pass, come about, come to pass, and it came to pass, and it shall come to pass, came to pass, Come into being, become, arise, appear, come, become, become like, became the property of, come into the possession of, Be, exist, be in existence, abide, remain, continue, be in, at a place, be situated, stand, lie; Fall out, happen, occur, take place, come about, come to pass, come about, come to pass, and it came to pass, and it shall come to pass, came to pass; Fall out, happen, occur, take place, come about, come to pass; Fall out, happen; occur, take place, come about, come to pass; come about, come to pass, and it came to pass, and it shall come to pass, came to pass; and it came to pass; and it came to pass; and it shall come to pass, came to pass; Come into being, become, arise, appear, come, become, become like, became the property of, come into the possession of; arise, appear, come; arise, appear, come; become, become like, became the property of, come into the possession of; become like; became the property of, come into the possession of; Be, exist, be in existence, abide, remain, continue, be in, at a place, be situated, stand, lie; exist, be in existence; abide, remain, continue; be in, at a place, be situated, stand, lie; be done, be brought about, occur, come to pass, be done, finished, gone; be done, be brought about, occur, come to pass; be done, finished, gone
H1961	strongs_he	to exist, i.e. be or become, come to pass (always emphatic, and not a mere copula or auxiliary)
H1962	bdb	destruction
H1962	strongs_he	ruin
H1963	bdb	how?
H1963	strongs_he	how?
H1964	bdb	palace, temple; palace; house of God, of, temple
H1964	strongs_he	a large public building, such as a palace or temple
H1965	bdb	palace; temple
H1965	strongs_he	palace, temple.
H1966	bdb	shining one
H1966	strongs_he	the morning-star
H1967	bdb	הוֹמָ֑ם n.pr.m. son of Seir the Horite 1 Ch 1:39 𝔊 Αἱμαν 𝔊L Ημαν; = הֵימָם Gn 36:22.
H1967	strongs_he	Hemam, an Idumaean
H1968	bdb	Heman; faithful
H1968	strongs_he	Heman, the name of at least two Israelites
H1969	bdb	hin
H1969	strongs_he	a hin or liquid measure
H1970	bdb	ye cause me to wonder; ye deal hardly with me; wrong me
H1970	strongs_he	to injure
H1971	bdb	look; expression
H1971	strongs_he	respect, i.e. partiality
H1972	bdb	removed far off
H1972	strongs_he	to remove or be remote
H1973	bdb	out there, onwards, further
H1973	strongs_he	to the distance, i.e. far away; also (of time) thus far
H1974	bdb	rejoicing; praise
H1974	strongs_he	a celebration of thanksgiving for harvest
H1975	bdb	this
H1975	strongs_he	this or that
H1976	bdb	this
H1976	strongs_he	this very
H1977	bdb	הַלֵּ֫זוּ Ez 36:35 (fem.) [e.bl.aa]
H1977	strongs_he	that
H1978	bdb	step
H1978	strongs_he	a walk, i.e. (by implication) a step
H1979	bdb	a going; way; travelling-company
H1979	strongs_he	a walking; by implication, a procession or march, a caravan
H1980	bdb	go, come, walk; pass away, die, live, walk; pass away, die, live, walk; pass away, die; live, walk; walk, walking about, depart, go entirely away; walk; walking about; depart, go entirely away; walk, walk about, move to and fro; lead, bring, lead away, carry, bring, cause to walk, go, cause to flow, run, cause to depart, retire, go back; lead, bring; lead away; carry, bring; cause to walk, go, cause to flow, run, cause to depart, retire, go back; cause to walk, go; cause to flow, run; cause to depart, retire, go back
H1980	strongs_he	to walk (in a great variety of applications, literally and figuratively)
H1981	bdb	go; go; walking about; walk
H1981	strongs_he	to walk
H1982	bdb	traveller; a going; journey; wayfarer; traveller
H1982	strongs_he	properly, a journey, i.e. (by implication) a wayfarer; also a flowing
H1983	bdb	toll
H1983	strongs_he	properly, a journey, i.e. (by implication) toll on goods at a road
H1984	bdb	shine; when it, his lamp, shone upon my head; flash forth light; be boastful, praise; be boastful; praise, boast, make one’s boast; praise; boast, make one’s boast; be praised; glory, boast, make one’s boast; make into a fool, make a fool of; of laughter I said, mad; act madly, like a madman
H1984	strongs_he	to be clear (orig. of sound, but usually of color); to shine; hence, to make a show, to boast; and thus to be (clamorously) foolish; to rave; causatively, to celebrate; also to stultify
H1985	bdb	he hath praised
H1985	strongs_he	Hillel, an Israelite
H1986	bdb	strike; hammer; strike down
H1986	strongs_he	to strike down; by implication, to hammer, stamp, conquer, disband
H1987	bdb	הֶ֫לֶם n.pr.m. a man of Asher 1 Ch 7:35.
H1987	strongs_he	Helem, the name of two Israelites
H1988	bdb	hither
H1988	strongs_he	hither
H1989	bdb	hammer; mallet; a workman’s hammer
H1989	strongs_he	a hammer (or mallet)
H1990	bdb	הָ֑ם n.pr.loc. only in Gn 14:5; not otherwise known
H1990	strongs_he	Ham, a region of Palestine
H1991	bdb	of their moaning; wailing; wealth
H1991	strongs_he	abundance, i.e. wealth
H1992	bdb	they
H1992	strongs_he	they (only used when emphatic)
H1993	bdb	murmur, growl, roar, be boisterous; growl, murmur, roar, be in commotion, stir, be boisterous, turbulent; growl; murmur; roar; be in commotion, stir; be boisterous, turbulent
H1993	strongs_he	to make a loud sound (like English 'hum'); by implication, to be in great commotion or tumult, to rage, war, moan, clamor
H1994	bdb	they; them
H1994	strongs_he	they
H1995	bdb	sound, murmur, roar, crowd, abundance; sound, murmur, rush, roar; tumult, confusion; crowd, multitude; great number, abundance; abundance, wealth; rage; be turbulent
H1995	strongs_he	a noise, tumult, crowd; also disquietude, wealth
H1996	bdb	sound, murmur, roar, crowd, abundance; sound, murmur, rush, roar; tumult, confusion; crowd, multitude; great number, abundance; abundance, wealth
H1996	strongs_he	the multitude of Gog; the fanciful name of an emblematic place in Palestine
H1997	bdb	הֲמוֹנָהֿ n.pr.loc. a city appar. to be founded to commemorate defeat of Gog, Ez 39:16
H1997	strongs_he	Hamonah
H1998	bdb	sound; music
H1998	strongs_he	sound
H1999	bdb	rain-storm; rushing; roaring sound
H1999	strongs_he	a sound
H2000	bdb	make a noise; move noisily; confuse; discomfit
H2000	strongs_he	properly, to put in commotion; by implication, to disturb, drive, destroy
H2001	bdb	Haman
H2001	strongs_he	Haman, a Persian vizier
H2002	bdb	chain; necklace
H2002	strongs_he	a necklace
H2003	bdb	brushwood
H2003	strongs_he	a dry twig or brushwood
H2004	bdb	הֵן pron. 3 pl. fem.
H2004	strongs_he	they (only used when emphatic)
H2005	bdb	lo!; behold
H2005	strongs_he	lo!; also (as expressing surprise) if
H2006	bdb	if; whether; therefore
H2006	strongs_he	lo! also there(-fore), (un-) less, whether, but, if
H2007	strongs_he	themselves (often used emphatic for the copula, also in indirect relation)
H2008	bdb	hither
H2008	strongs_he	hither or thither (but used both of place and time)
H2009	bdb	lo!; behold!
H2009	strongs_he	lo!
H2010	bdb	a giving of rest; holiday-making
H2010	strongs_he	permission of rest, i.e. quiet
H2011	bdb	הִנֹּם n.pr.m. only n.pr.loc. of valley S. of Jerusalem
H2011	strongs_he	Hinnom, apparently a Jebusite
H2012	bdb	הֵנַע n.pr.loc. site unknown
H2012	strongs_he	Hena, a place apparently in Mesopotamia
H2013	bdb	hush!; keep silence; stilled
H2013	strongs_he	to hush
H2014	bdb	[הֲפוּגָה] n.f. id. [q.an.ab];—pl. La 3:49
H2014	strongs_he	relaxation
H2015	bdb	turn, overturn; turn, turn about, turn over, overturn, overthrow, turn, change, transform, turn, turn back, turn, change, change into; turn, turn about, turn over, overturn, overthrow, turn, change, transform; turn, turn about, turn over; overturn, overthrow; turn, change, transform; turn, turn back, turn, change, change into; turn, turn back; turn, change, change into; turn oneself, turn, turn back, turn, change, be perverse, be turned, turn over to, be reversed, be turned, changed, be overturned, overthrown, be upturned; turn oneself, turn, turn back, turn, change, be perverse; turn oneself, turn, turn back; turn, change; be perverse; be turned, turn over to, be reversed, be turned, changed, be overturned, overthrown, be upturned; be turned, turn over to; be reversed; be turned, changed; be overturned, overthrown; be upturned; turn this way & that, every way, transform oneself; turn this way & that, every way; transform oneself; there have been turned upon me terrors
H2015	strongs_he	to turn about or over; by implication, to change, overturn, return, pervert
H2016	bdb	the contrary, contrariness, perversity; the contrary, opposite thing; Oh, your perversity!
H2016	strongs_he	a turn, i.e. the reverse
H2017	bdb	the contrary, contrariness, perversity; the contrary, opposite thing; Oh, your perversity!
H2017	strongs_he	an upset, i.e. (abstract) perversity
H2018	bdb	overthrow
H2018	strongs_he	destruction
H2019	bdb	crooked
H2019	strongs_he	very perverse
H2020	bdb	deliverance
H2020	strongs_he	rescue
H2021	bdb	הֹ֫צֶן n.[m.] deriv. & mng. dub.; only Ez 23:24
H2021	strongs_he	a weapon of war
H2022	bdb	mountain, hill, hill-country; mountain, hill; hill-country, mountain-region
H2022	strongs_he	a mountain or range of hills (sometimes used figuratively)
H2023	bdb	הֹר n.pr.mont. mt. on border of Edom a NE. spur of Lebanon
H2023	strongs_he	Hor, the name of a peak in Idumaea and of one in Syria
H2024	bdb	הָרָא n.pr.loc. 1 Ch 5:26
H2024	strongs_he	Hara, a region of Media
H2025	bdb	hearth; altar-hearth
H2025	strongs_he	mount of God; figuratively, the altar of burnt-offering
H2026	bdb	kill, slay; kill, slay, destroy, ruin; kill, slay; kill, slay; destroy, ruin; shall priest and prophet be slain in the sanctuary?; shall priest and prophet be slain in the sanctuary?; be slain
H2026	strongs_he	to smite with deadly intent
H2027	bdb	slaughter
H2027	strongs_he	slaughter
H2028	bdb	slaughter
H2028	strongs_he	slaughter
H2029	bdb	conceive, become pregnant; conceive, become pregnant; conceive, become pregnant; a man hath been conceived; conceive, contrive, devise
H2029	strongs_he	to be (or become) pregnant, conceive (literally or figuratively)
H2030	bdb	pregnant; pregnant
H2030	strongs_he	pregnant
H2031	bdb	fancy; imagining
H2031	strongs_he	a mental conception
H2032	bdb	conception; pregnancy
H2032	strongs_he	pregnancy
H2033	bdb	הֲרוֹרִי adj.gent. 1 Ch 11:27
H2033	strongs_he	a Harorite or mountaineer
H2034	bdb	ruin
H2034	strongs_he	something demolished
H2035	bdb	overthrow; destruction; ruin
H2035	strongs_he	demolition
H2036	bdb	הֹרָם n.pr.m. a Canaanitish king ruling in Gezer Jos 10:33.
H2036	strongs_he	Horam, a Canaanitish king
H2037	bdb	הָרֻם n.pr.m. a Judaite 1 Ch 4:8.
H2037	strongs_he	Harum, an Israelite
H2038	bdb	ye shall cast; into Harmon
H2038	strongs_he	a castle (from its height)
H2039	bdb	mountaineer
H2039	strongs_he	Haran, the name of two men
H2040	bdb	throw down, break, tear down; throw down, tear down, break down, break away, break through; throw down, tear down; break down, break away; break through; be thrown, torn down; overthrow, tear down
H2040	strongs_he	to pull down or in pieces, break, destroy
H2041	bdb	overthrow; destruction
H2041	strongs_he	demolition
H2042	bdb	mountain, hill, hill-country; mountain, hill; hill-country, mountain-region
H2042	strongs_he	a mountain
H2043	bdb	mountain-dweller
H2043	strongs_he	Hararite.
H2044	bdb	הָשֵׁם n.pr.m. father of one (or more?) of David’s heroes 1 Ch 11:34
H2044	strongs_he	Hashem, an Israelite
H2045	bdb	a causing to hear
H2045	strongs_he	announcement
H2046	bdb	a melting
H2046	strongs_he	a melting
H2047	bdb	הֲתָךְ n.pr.m. a Persian official at court of Ahasuerus
H2047	strongs_he	Hathak, a Persian eunuch
H2048	bdb	deceive; mock; mock, deceive; is deceived
H2048	strongs_he	to deride; by implication, to cheat
H2049	bdb	mockery
H2049	strongs_he	a derision
H2050	bdb	shout at
H2050	strongs_he	properly, to break in upon, i.e. to assail
H2051	bdb	וְדָן, appar. n.pr.loc., only in Ez 27:19 but identif. wholly dub.
H2051	strongs_he	Vedan (or Aden), a place in Arabia
H2052	bdb	וָהֵב, appar. n.pr.loc. Nu 21:14, obj. of a vb. now lost out of the text
H2052	strongs_he	Vaheb, a place in Moab
H2053	bdb	hook; pin; peg
H2053	strongs_he	a hook (the name of the sixth Hebrew letter)
H2054	bdb	criminal; guilty
H2054	strongs_he	crime
H2055	bdb	וַיְזָתָא n.pr.m. a son of Haman Est 9:9.
H2055	strongs_he	Vajezatha, a son of Haman
H2056	bdb	offspring; child
H2056	strongs_he	a boy
H2057	bdb	וַנְיָה n.pr.m. one of those with strange wives, Ezr 10:36
H2057	strongs_he	Vanjah, an Israelite
H2058	bdb	וָפְסִי n.pr.m. a man of Naphtali, Nu 13:14
H2058	strongs_he	Vophsi, an Israelite
H2059	bdb	וַשְׁנִי acc. to MT appar. n.pr.m. son of Samuel, only 1 Ch 6:13
H2059	strongs_he	Vashni, an Israelite
H2060	bdb	וַשְׁתִּי n.pr.f. queen of Ahasuerus (Xerxes) king of Persia
H2060	strongs_he	Vashti, the queen of Xerxes
H2061	bdb	wolf
H2061	strongs_he	a wolf
H2062	bdb	wolf; wine-vat of Zeeb
H2062	strongs_he	Zeeb, a Midianitish prince
H2063	bdb	this, here
H2063	strongs_he	this (often used adverb)
H2064	bdb	bestow upon; endow with
H2064	strongs_he	to confer
H2065	bdb	endowment; gift
H2065	strongs_he	a gift
H2066	bdb	he hath given, a gift
H2066	strongs_he	Zabad, the name of seven Israelites
H2067	bdb	זַבְדִּי n.pr.m. grandfather of Achan, of Judah a Benjamite an officer of David a Levite
H2067	strongs_he	Zabdi, the name of four Israelites
H2068	bdb	my gift is God
H2068	strongs_he	gift of God; Zabdiel, the name of two Israelites
H2069	bdb	hath bestowed
H2069	strongs_he	Zebadjah, the name of nine Israelites
H2070	bdb	fly; as moving to and fro; dead flies
H2070	strongs_he	a fly (especially one of a stinging nature)
H2071	bdb	bestowed
H2071	strongs_he	given, Zabud, an Israelite
H2072	bdb	זבוד n.pr.m. a returned exile Ezr 8:14 Kt; Qr זַכּוּר, q.v.
H2072	strongs_he	Zabbud, an Israelite
H2073	bdb	elevation; height; abode
H2073	strongs_he	a residence
H2074	bdb	Zebulun
H2074	strongs_he	Zebulon, a son of Jacob; also his territory and tribe
H2075	bdb	the Zebulonites
H2075	strongs_he	a Zebulonite or descendant of Zebulun
H2076	bdb	slaughter for sacrifice; slaughter for sacrifice, slaughter for eating, slaughter for divine judgment; slaughter for sacrifice; slaughter for eating; slaughter for divine judgment; sacrifice
H2076	strongs_he	to slaughter an animal (usually in sacrifice)
H2077	bdb	sacrifice; the covenant sacrifice, the passover, annual sacrifice, thank offering; the covenant sacrifice; the passover; annual sacrifice; thank offering
H2077	strongs_he	properly, a slaughter, i.e. the flesh of an animal; by implication, a sacrifice (the victim or the act)
H2078	bdb	זֶ֫בַח n.pr.m. a Midianite king
H2078	strongs_he	Zebach, a Midianitish prince
H2079	bdb	זַבַּי n.pr.m.—Jew in Ezra’s time
H2079	strongs_he	Zabbai (or Zaccai), an Israelite
H2080	bdb	זבידה Kt, זְבוּדָה Qr, n.pr.f. mother of Jehoiakim
H2080	strongs_he	Zebidah, an Israelitess
H2081	bdb	bought
H2081	strongs_he	Zebina, an Israelite
H2082	bdb	exalt; honour
H2082	strongs_he	to reside
H2083	bdb	זְבֻל n.pr.m. an officer of Abimelech
H2083	strongs_he	Zebul, an Israelite
H2084	bdb	buy; gain
H2084	strongs_he	to acquire by purchase
H2085	bdb	זָג n.[m.] name of some comparatively insignif. product of vine: Nu 6:4
H2085	strongs_he	the skin of a grape
H2086	bdb	insolent; presumptious
H2086	strongs_he	arrogant
H2087	bdb	insolence; presumptuousness
H2087	strongs_he	arrogance
H2088	bdb	this, here
H2088	strongs_he	the masculine demonstrative pronoun, this or that
H2089	bdb	one of a flock; sheep; goat
H2089	strongs_he	a sheep
H2090	bdb	this
H2090	strongs_he	this or that
H2091	bdb	gold; golden oil
H2091	strongs_he	gold, figuratively, something gold-colored (i.e. yellow), as oil, a clear sky
H2092	bdb	be foul; loathsome
H2092	strongs_he	to be rancid, i.e. (transitively) to loathe
H2093	bdb	זָ֑הַם n.pr.m. (fr. above √ ?) a son of Rehoboam, 2 Ch 11:19.
H2093	strongs_he	Zaham, an Israelite
H2094	bdb	be light, shining; send out light, shine; instruct, teach, warn; be instructed, admonished, warned
H2094	strongs_he	to gleam; figuratively, to enlighten (by caution)
H2095	bdb	warned
H2095	strongs_he	(passively) be admonished
H2096	bdb	shining; brightness
H2096	strongs_he	brilliancy
H2097	bdb	this; which
H2097	strongs_he	this or that
H2098	bdb	this; which
H2098	strongs_he	this or that
H2099	bdb	זִו appar. n.pr. of 2nd month, = c. April-May, named as month of beginning the temple-building
H2099	strongs_he	Ziv (corresponding to Ijar or May)
H2100	bdb	flow; gush
H2100	strongs_he	to flow freely (as water), i.e. (specifically) to have a (sexual) flux; figuratively, to waste away; also to overflow
H2101	bdb	issue
H2101	strongs_he	a seminal or menstrual flux
H2102	bdb	boil up, seethe, act proudly, presumptuously, rebelliously; in the matter, which they acted presumptuously against them, against, hath she acted presumptuously; boil, seethe, act presumptuously, insolently; boil, seethe; act presumptuously, insolently
H2102	strongs_he	to seethe; figuratively, to be insolent
H2103	bdb	be presumptuous
H2103	strongs_he	to be proud
H2104	bdb	זוּזִים n.pr.gent. an ancient trans-Jordanic people, Gn 14:5
H2104	strongs_he	Zuzites, an aboriginal tribe of Palestine
H2105	bdb	זוֹחֵת n.pr.m. a descendant of Judah 1 Ch 4:20
H2105	strongs_he	Zocheth, an Israelite
H2106	bdb	corner
H2106	strongs_he	an angle (as projecting), i.e. (by implication) a corner-column (or anta)
H2107	bdb	lavish; be cheap; of little value; lightly esteem
H2107	strongs_he	probably to shake out, i.e. (by implication) to scatter profusely; figuratively, to treat lightly
H2108	bdb	removal; except; only; save that
H2108	strongs_he	probably scattering, i.e. removal; used adverbially, except
H2109	bdb	feed; well-fed horses; [יזן] vb. only Pu. Pt. pl. Je 5:8; mng. dub.
H2109	strongs_he	perhaps properly, to be plump, i.e. (transitively) to nourish
H2110	bdb	feed; be fed
H2110	strongs_he	feed.
H2111	bdb	tremble, quake; tremble, quake; violently shake thee
H2111	strongs_he	properly, to shake off, i.e. (figuratively) to agitate (as with fear)
H2112	bdb	tremble
H2112	strongs_he	to shake (with fear)
H2113	bdb	a trembling; object of trembling; terror
H2113	strongs_he	agitation, fear
H2114	bdb	be a stranger; become estranged, strange, stranger; become estranged; strange, stranger; be estranged; estranged; be loathsome
H2114	strongs_he	to turn aside (especially for lodging); hence to be a foreigner, strange, profane; specifically (active participle) to commit adultery
H2115	bdb	press down and out
H2115	strongs_he	to press together, tighten
H2116	bdb	press down and out
H2116	strongs_he	trodden on
H2117	bdb	זָזָא n.pr.m. a descendant of יְרַחְמְאֵל of Judah 1 Ch 2:33.
H2117	strongs_he	Zaza, an Israelite
H2118	bdb	remove, displace; and that the breast-piece be not displaced
H2118	strongs_he	to shove or displace
H2119	bdb	fear; be afraid; shrink back; crawl away
H2119	strongs_he	to crawl; by implication, to fear
H2120	bdb	crawling thing; serpent
H2120	strongs_he	Zocheleth, a boundary stone in. Palestine
H2121	bdb	insolent; raging
H2121	strongs_he	boiling of water, i.e. wave
H2122	bdb	brightness; splendour
H2122	strongs_he	(figuratively) cheerfulness
H2123	bdb	moving things; abundance; fulness
H2123	strongs_he	fulness of the breast; also a moving creature
H2124	bdb	זִיזָא n.pr.m. a Simeonite a son of Rehoboam
H2124	strongs_he	Ziza, the name of two Israelites
H2125	bdb	זִיזָה n.pr.m. a Levite 1 Ch 23:11, = זִינָא v. 10
H2125	strongs_he	Zizah, an Israelite
H2126	bdb	זִיזָה n.pr.m. a Levite 1 Ch 23:11, = זִינָא v. 10
H2126	strongs_he	Zina, an Israelite
H2127	bdb	זִיעַ n.pr.m. a Gadite 1 Ch 5:13
H2127	strongs_he	Zia, an Israelite
H2128	bdb	זִיף n.pr. n.pr.loc. city S.E. from Hebron city of southern Judah n.pr.m. a son of יְהַלָּלְאֵל of Judah
H2128	strongs_he	Ziph, the name of a place in Palestine; also of an Israelite
H2129	bdb	זִיפָה n.pr.m. a son of יְהַלֶּלְאֵל 1 Ch 4:16
H2129	strongs_he	Ziphah, an Israelite
H2130	bdb	[זִיפִי] adj.gent.; only mpl. as n.pr.gent.
H2130	strongs_he	a Ziphite or inhabitant of Ziph
H2131	bdb	fetter; fetters; missile; spark
H2131	strongs_he	properly, what leaps forth, i.e. flash of fire, or a burning arrow; also (from the original sense of the root) a bond
H2132	bdb	olive-tree, olive; olive-tree; olives
H2132	strongs_he	an olive (as yielding illuminating oil), the tree, the branch or the berry
H2133	bdb	olive-tree
H2133	strongs_he	Zethan, an Israelite
H2134	bdb	pure, clean; pure; pure, clean, righteous
H2134	strongs_he	clear
H2135	bdb	be clear, clean, pure; be clean, pure, be clear, be justified; be clean, pure; be clear, be justified; make, keep clean, pure; make yourselves clean
H2135	strongs_he	to be translucent; figuratively, to be innocent
H2136	bdb	purity; innocence
H2136	strongs_he	purity
H2137	bdb	glass
H2137	strongs_he	properly, transparency, i.e. glass
H2138	bdb	male
H2138	strongs_he	a male (of man or animals)
H2139	bdb	זַכּוּר n.pr.m. a Reubenite a Simeonite Levites companion of Ezra contemp. of Nehemiah
H2139	strongs_he	Zakkur, the name of seven Israelites
H2140	bdb	זַכַּי n.pr.m. head of a family of returned exiles
H2140	strongs_he	Zakkai, an Israelite
H2141	bdb	be bright, clean, pure; be bright, shining, be clean, pure; be bright, shining; be clean, pure; cleanse
H2141	strongs_he	to be transparent or clean (phys. or morally)
H2142	bdb	remember; remember, recall, call to mind, remember, remember, remember, think of, on, call to mind, remember, remember, mention of, remember, remember, remember, remember; remember, recall, call to mind, remember, remember, remember, think of, on, call to mind, remember, remember, mention of; remember, recall, call to mind; remember; remember; remember; think of, on, call to mind; remember; remember, mention of; remember, remember, remember, remember; remember; remember; remember; remember; remember; remember; be brought to remembrance, remembered, thought of, be not remembered, be remembered; be brought to remembrance, remembered, thought of; be not remembered; be remembered; cause to remember, remind, cause to be remembered, keep in remembrance, mention, record, make a memorial; cause to remember, remind; cause to be remembered, keep in remembrance; mention; record; make a memorial
H2142	strongs_he	properly, to mark (so as to be recognized), i.e. to remember; by implication, to mention; to be male
H2143	bdb	remembrance; memorial
H2143	strongs_he	a memento, abstractly recollection (rarely if ever); by implication, commemoration
H2144	bdb	[זֶ֫כֶר] n.pr.m. only 1 Ch 8:31
H2144	strongs_he	Zeker, an Israelite
H2145	bdb	male; male; male
H2145	strongs_he	properly, remembered, i.e. a male (of man or animals, as being the most noteworthy sex)
H2146	bdb	memorial; remembrance
H2146	strongs_he	a memento (or memorable thing, day or writing)
H2147	bdb	זִכְרִי n.pr.m. a Reubenite a Judahite Levites a priest Benjamites father of a captain in Jehoiada’s time mighty man of Ephraim
H2147	strongs_he	Zicri, the name of twelve Israelites
H2148	bdb	זְכַרְיָהוּ, oftener זְכַרְיָה n.pr.m. king of Isr., son of Jerob. II father of Hezekiah’s mother contemporary of Isaiah a Reubenite a Benjamite a Manassite a son of Jehoshaphat a captain of Jehosh. teacher of Uzziah Levites priests returned exiles; זְכַרְיָה n.pr.m. prophet
H2148	strongs_he	Zecarjah, the name of twenty-nine Israelites
H2149	bdb	worthlessness
H2149	strongs_he	properly, a shaking, i.e. perhaps a tempest
H2150	bdb	tendrils; tendrils
H2150	strongs_he	tremulous, i.e. a twig
H2151	bdb	shake; shake, quake; be light, worthless, make light of; be worthless, insignificant, make light of, be lavish with, squander; be worthless, insignificant; make light of, be lavish with, squander; make light of, despise
H2151	strongs_he	to shake (as in the wind), i.e. to quake; figuratively, to be loose morally, worthless or prodigal
H2152	bdb	raging heat
H2152	strongs_he	a glow (of wind or anger); also a famine (as consuming)
H2153	bdb	זִלְפָּה n.pr.f. Leah's maid, one of Jacob's wives, mother of Gad and Asher
H2153	strongs_he	Zilpah, Leah's maid
H2154	bdb	plan; device; wickedness
H2154	strongs_he	a plan, especially a bad one
H2155	bdb	זִמָּה n.pr.m. of several Levites (Gershonites)
H2155	strongs_he	Zimmah, the name of two Israelites
H2156	bdb	branch; twig; shoot
H2156	strongs_he	a twig (as pruned)
H2157	bdb	זַמְזֻמִּים n.pr.gent. said to be a name given to רְפָאִים by the Ammonites who dispossessed them Dt 2:20
H2157	strongs_he	a Zamzumite, or native tribe of Palestine
H2158	bdb	song
H2158	strongs_he	a song to be accompanied with instrumental music
H2159	bdb	trimming; pruning
H2159	strongs_he	a twig (as pruned)
H2160	bdb	זְמִירָה n.pr.m. a Benjamite, 1 Ch 7:8
H2160	strongs_he	Zemirah, an Israelite
H2161	bdb	consider; purpose; devise
H2161	strongs_he	to plan, usually in a bad sense
H2162	bdb	plan; device
H2162	strongs_he	a plot
H2163	bdb	be fixed; appointed
H2163	strongs_he	to fix (a time)
H2164	bdb	agree together
H2164	strongs_he	to agree (on a time and place)
H2165	bdb	appointed time; time
H2165	strongs_he	an appointed occasion
H2166	bdb	time
H2166	strongs_he	season, time.
H2167	bdb	make music
H2167	strongs_he	properly, to touch the strings or parts of a musical instrument, i.e. play upon it; to make music, accompanied by the voice; hence to celebrate in song and music
H2168	bdb	trim, prune; be pruned
H2168	strongs_he	to trim (a vine)
H2169	bdb	mountain-sheep; -goat
H2169	strongs_he	a gazelle (from its lightly touching the ground)
H2170	bdb	music
H2170	strongs_he	instrumental music
H2171	bdb	singer
H2171	strongs_he	an instrumental musician
H2172	bdb	melody, song
H2172	strongs_he	a musical piece or song to be accompanied by an instrument
H2173	bdb	choice products
H2173	strongs_he	pruned (i.e. choice) fruit
H2174	bdb	זִמְרִי n.pr.m. a Simeonite grandson of Judah king of Isr. before Omri a Benjamite; זִמְרִי n.pr.gent. vel patr., only Je 25:25
H2174	strongs_he	Zimri, the name of five Israelites, and of an Arabian tribe
H2175	bdb	זִמְרָן n.pr.m. son of Abraham & Keturah
H2175	strongs_he	Zimran, a son of Abraham by Keturah
H2176	bdb	melody, song
H2176	strongs_he	instrumental music; by implication, praise
H2177	bdb	kind; sort
H2177	strongs_he	properly, nourished (or fully developed), i.e. a form or sort
H2178	bdb	kind; sort
H2178	strongs_he	sort
H2179	bdb	cut off; smite; the tail
H2179	strongs_he	to curtail, i.e. cut off the rear
H2180	bdb	tail; end; stump
H2180	strongs_he	the tail (literally or figuratively)
H2181	bdb	commit fornication, be a harlot; be, act as a harlot, of improper intercourse with foreign nations, of intercourse with other deities; be, act as a harlot; of improper intercourse with foreign nations; of intercourse with other deities; fornication was not done, after thee; cause to commit fornication, commit fornication; cause to commit fornication; commit fornication
H2181	strongs_he	to commit adultery (usually of the female, and less often of simple fornication, rarely of involuntary ravishment); figuratively, to commit idolatry (the Jewish people being regarded as the spouse of Jehovah)
H2182	bdb	Zanu‛a
H2182	strongs_he	Zanoach, the name of two places in Palestine
H2183	bdb	fornication
H2183	strongs_he	adultery; figuratively, idolatry
H2184	bdb	fornication
H2184	strongs_he	adultery, i.e. (figuratively) infidelity, idolatry
H2185	bdb	commit fornication, be a harlot; be, act as a harlot, of improper intercourse with foreign nations, of intercourse with other deities; be, act as a harlot; of improper intercourse with foreign nations; of intercourse with other deities; fornication was not done, after thee; cause to commit fornication, commit fornication; cause to commit fornication; commit fornication
H2185	strongs_he	harlots
H2186	bdb	reject, spurn; reject; reject; stink; emit stench
H2186	strongs_he	reject, forsake, fail
H2187	bdb	leap
H2187	strongs_he	properly, to draw together the feet (as an animal about to dart upon its prey), i.e. to spring forward
H2188	bdb	sweat
H2188	strongs_he	perspiration
H2189	bdb	a trembling; object of trembling; terror
H2189	strongs_he	agitation, maltreatment
H2190	bdb	זַעֲוָן n.pr.m. a descendant (branch or tribe) of Seir
H2190	strongs_he	Zaavan, an Idumaean
H2191	bdb	a little
H2191	strongs_he	small
H2192	bdb	little; small
H2192	strongs_he	little.
H2193	bdb	extinguish; be extinguished
H2193	strongs_he	to extinguish
H2194	bdb	be indignant; be indignant, have indignation, express indignation in speech, denounce, curse; be indignant, have indignation; express indignation in speech, denounce, curse; face stirred with indignation
H2194	strongs_he	properly, to foam at the mouth, i.e. to be enraged
H2195	bdb	indignation
H2195	strongs_he	strictly froth at the mouth, i.e. (figuratively) fury (especially of God's displeasure with sin)
H2196	bdb	be out of humour; vexed; be enraged
H2196	strongs_he	properly, to boil up, i.e. (figuratively) to be peevish or angry
H2197	bdb	storming; raging; rage
H2197	strongs_he	anger
H2198	bdb	out of humour; vexed
H2198	strongs_he	angry
H2199	bdb	cry, cry out, call; call, cry, cry out; call; cry, cry out; be called together, assemble, join; call, call out, together, make a crying, have proclamation made, call out, at; call, call out, together; make a crying; have proclamation made; call out, at
H2199	strongs_he	to shriek (from anguish or danger); by analogy, (as a herald) to announce or convene publicly
H2200	bdb	cry; call
H2200	strongs_he	to make an outcry
H2201	bdb	cry, outcry; outcry; cry of distress; outcry, clamour
H2201	strongs_he	a shriek or outcry
H2202	bdb	[זִפְרֹן] n.pr.loc. only Nu 34:9, place on northern boundary of Canaan
H2202	strongs_he	Ziphron, a place in Palestine
H2203	bdb	pitch
H2203	strongs_he	asphalt (from its tendency to soften in the sun)
H2204	bdb	be, become old; be, become, old; shew age, grow old
H2204	strongs_he	to be old
H2205	bdb	old; old; old man, elder; old man; elder
H2205	strongs_he	old
H2206	bdb	chin; beard
H2206	strongs_he	the beard (as indicating age)
H2207	bdb	old age
H2207	strongs_he	old age
H2208	bdb	old age
H2208	strongs_he	old age
H2209	bdb	old age
H2209	strongs_he	old age
H2210	bdb	raise up
H2210	strongs_he	to life, i.e. (figuratively) comfort
H2211	bdb	raise; lift up
H2211	strongs_he	to hang, i.e. impale
H2212	bdb	refine, purify; refined
H2212	strongs_he	to strain, (figuratively) extract, clarify
H2213	bdb	circlet; border; that which presses; binds
H2213	strongs_he	a chaplet (as spread around the top), i.e. (specifically) a border moulding
H2214	bdb	loathsome thing
H2214	strongs_he	disgust
H2215	bdb	be burnt; scorched
H2215	strongs_he	to flow away
H2216	bdb	זְרֻבָּבֶ֫ל n.pr.m. grandson of Jehoiachin, and son of Pedaiah (but son of Shealtiel); leader of first returning exiles
H2216	strongs_he	Zerubbabel, an Israelite
H2217	bdb	זְרֻבָּבֶ֫ל n.pr.m. (BH id.);—Ezr 5:2.
H2217	strongs_he	Zerubbabel.
H2218	bdb	זֶ֫רֶד n.pr.fl. identification disputed; between Moab & Edom
H2218	strongs_he	Zered, a brook East of the Dead Sea
H2219	bdb	scatter, fan, winnow, cause to fly, scatter, winnow; scatter, fan, winnow; scatter; fan, winnow; be scattered, dispersed; scatter, disperse, winnow, sift; scatter, disperse; winnow, sift
H2219	strongs_he	to toss about; by implication, to diffuse, winnow
H2220	bdb	arm, shoulder, strength; arm; arm, strength; forces; Shoulder
H2220	strongs_he	the arm (as stretched out), or (of animals) the foreleg; figuratively, force
H2221	bdb	sowing; thing sown
H2221	strongs_he	something sown, i.e. a plant
H2222	bdb	drop; dripping; drip
H2222	strongs_he	a pouring rain
H2223	bdb	girded; girt
H2223	strongs_he	properly, tightly girt, i.e. probably a racer, or some fleet animal (as being slender in the waist)
H2224	bdb	rise; come forth
H2224	strongs_he	properly, to irradiate (or shoot forth beams), i.e. to rise (as the sun); specifically, to appear (as a symptom of leprosy)
H2225	bdb	dawning; shining
H2225	strongs_he	a rising of light
H2226	bdb	זֶ֫רַח n.pr.m. son of Judah and Tamar Edomites Levites head of Simeonite family a Cushite
H2226	strongs_he	Zerach, the name of three Israelites, also of an Idumaean and an Ethiopian prince
H2227	bdb	זַרְחִי adj.gent. alw. c. art. as subst. coll.
H2227	strongs_he	a Zarchite or descendant of Zerach
H2228	bdb	hath risen, shined
H2228	strongs_he	Zerachjah, the name of two Israelites
H2229	bdb	pour forth in floods, flood away; thou floodest them with rain, sweepest them, away; cloud masses, poured forth water
H2229	strongs_he	to gush (as water)
H2230	bdb	flood of rain; rain-storm; downpour
H2230	strongs_he	a gush of water
H2231	bdb	issue
H2231	strongs_he	a gushing of fluid (semen)
H2232	bdb	sow, scatter seed; sow, producing, yielding seed; sow; producing, yielding seed; be sown, fructified, be sown, be fructified, made pregnant; be sown; be fructified, made pregnant; produce seed, bear a child; produce seed; bear a child
H2232	strongs_he	to sow; figuratively, to disseminate, plant, fructify
H2233	bdb	sowing, seed, offspring; sowing, sowing; sowing; sowing; seed; seed; seed, offspring; seed
H2233	strongs_he	seed; figuratively, fruit, plant, sowing-time, posterity
H2234	bdb	seed
H2234	strongs_he	posterity
H2235	bdb	vegetable; [זֵֽרְעֹן] n.[m.] id. [g.cl.ad], only pl. Dn 1:16.
H2235	strongs_he	something sown (only in the plural), i.e. a vegetable (as food)
H2236	bdb	to toss, throw, scatter abundantly; toss, profuse; toss; profuse; poured
H2236	strongs_he	to sprinkle (fluid or solid particles)
H2237	bdb	sneeze
H2237	strongs_he	perhaps to diffuse, i.e. (specifically) to sneeze
H2238	bdb	זֶ֫רֶשׁ n.pr.f. wife of Haman
H2238	strongs_he	Zeresh, Haman's wife
H2239	bdb	span
H2239	strongs_he	the spread of the fingers, i.e. a span
H2240	bdb	זַתּוּא n.pr.m. head of a family of returned exiles
H2240	strongs_he	Zattu, an Israelite
H2241	bdb	זֵתָם n.pr.m. a Levite (Gershonite)
H2241	strongs_he	Zetham, an Israelite
H2242	bdb	זֵתַר n.pr.m. an eunuch of Ahasuerus Est 1:10
H2242	strongs_he	Zethar, a eunuch of Xerxes
H2243	bdb	bosom
H2243	strongs_he	properly, a cherisher, i.e. the bosom
H2244	bdb	withdraw, hide; hide oneself; have been hidden; hide; be hidden; draw back, hide oneself, draw together, thicken, harden; draw back, hide oneself; draw together, thicken, harden
H2244	strongs_he	to secrete
H2245	bdb	love
H2245	strongs_he	properly, to hide (as in the bosom), i.e. to cherish (with affection)
H2246	bdb	חֹבָב n.pr.m. son of Reuel
H2246	strongs_he	Chobab, father-in-law of Moses
H2247	bdb	withdraw, hide; withdraw; withdraw, hide oneself
H2247	strongs_he	to secrete
H2248	bdb	hurtful act; crime
H2248	strongs_he	properly, overthrown, i.e. (morally) crime
H2249	bdb	חָבוֹר n.pr.fl. flowing into Euphrates
H2249	strongs_he	Chabor, a river of Assyria
H2250	bdb	stripe; blow
H2250	strongs_he	properly, bound (with stripes), i.e. a weal (or black-and-blue mark itself)
H2251	bdb	beat off, beat out; beat off, beat out; beat off; beat out
H2251	strongs_he	to knock out or off
H2252	bdb	חֲבַיָה n.pr.m. head of a priestly family
H2252	strongs_he	Chabajah, an Israelite
H2253	bdb	hiding; hiding-place; veil; envelope
H2253	strongs_he	a concealment
H2254	bdb	act (ruinously) corruptly; act corruptly; shall be ruined; ruin, destroy; be ruined, broken; bind, pledge; bind, bind; bind; bind; becometh pledged to it; writhe, twist, travail
H2254	strongs_he	to wind tightly (as a rope), i.e. to bind; specifically, by a pledge; figuratively, to pervert, destroy; also to writhe in pain (especially of parturition)
H2255	bdb	destroy, hurt; be destroyed
H2255	strongs_he	to ruin
H2256	bdb	pain, pang; pains of travail; cord, territory, band; cord, rope; measuring-cord, line; measured portion, lot, part, region; band, company; destruction; union; binders
H2256	strongs_he	a rope (as twisted), especially a measuring line; by implication, a district or inheritance (as measured); or a noose (as of cords); figuratively, a company (as if tied together); a throe (especially of parturition); also ruin
H2257	bdb	hurt; injury
H2257	strongs_he	harm (personal or pecuniary)
H2258	bdb	pledge; [חֲבֹלָה] n.f. id. [h.af.ad]—Ez 18:7.
H2258	strongs_he	a pawn (as security for debt)
H2259	bdb	sailor; rope
H2259	strongs_he	a sailor
H2260	bdb	mast; corded; roped
H2260	strongs_he	a mast
H2261	bdb	meadow-saffron; crocus
H2261	strongs_he	probably meadow-saffron
H2262	bdb	חֲבַצִּנְיָה n.pr.m. a Rechabite Je 35:3
H2262	strongs_he	Chabatstsanjah, a Rechabite
H2263	bdb	clasp, embrace; embrace; embrace
H2263	strongs_he	to clasp (the hands or in embrace)
H2264	bdb	a clasping; folding
H2264	strongs_he	a clasping of the hands (in idleness)
H2265	bdb	חֲבַקּוּק n.pr.m. the prophet Habakkuk
H2265	strongs_he	Chabakkuk, the prophet
H2266	bdb	unite, be joined, tie a magic knot, spell, charm; unite, be joined, tie magic knots, charm; unite, be joined; tie magic knots, charm; make an ally of, unite, unite, join; make an ally of, unite; unite, join; be allied with, be united to, be joined together; be allied with, be united to; be allied with; be united to; be joined together; I could make a joining with words; join oneself, make an alliance
H2266	strongs_he	to join (literally or figuratively); specifically (by means of spells) to fascinate
H2267	bdb	company; association; spell
H2267	strongs_he	a society; also a spell
H2268	bdb	חֶ֫בֶר, חֵ֫בֶר n.pr.m. the Kenite, husband of Deborah a man of Asher name in Judah a Benjamite
H2268	strongs_he	Cheber, the name of a Kenite and of three Israelites
H2269	bdb	fellow; comrade
H2269	strongs_he	an associate
H2270	bdb	united, associate, companion; united; associate, fellow; companion
H2270	strongs_he	an associate
H2271	bdb	associate; partner
H2271	strongs_he	a partner
H2272	bdb	stripe; mark
H2272	strongs_he	a streak (like a line), as on the tiger
H2273	bdb	fellow
H2273	strongs_he	an associate
H2274	bdb	association; company
H2274	strongs_he	association
H2275	bdb	חֶבְרוֹן n.pr.m. grandson of Levi name in Caleb's family; Hebron; association; league
H2275	strongs_he	Chebron, a place in Palestine, also the name of two Israelites
H2276	bdb	חֶבְרוֹנִי, חֶבְרֹנִי adj.gent. alw. c. art. as subst. coll.
H2276	strongs_he	Chebronite (collectively), an inhabitant of Chebron
H2277	bdb	חֶבְרִי adj.gent. of 2. supr., only c. art. = n. coll. Nu 26:45
H2277	strongs_he	a Chebrite (collectively) or descendants of Cheber
H2278	bdb	consort
H2278	strongs_he	a consort
H2279	bdb	a thing that joins; is joined
H2279	strongs_he	a joint
H2280	bdb	bind, bind on, bind up; bind, bind on, bind up; bind, bind on; bind up; bind, restrain; be bound up
H2280	strongs_he	to wrap firmly (especially a turban, compress, or saddle); figuratively, to stop, to rule
H2281	bdb	flat cakes; bread-wafers
H2281	strongs_he	something fried, probably a griddle-cake
H2282	bdb	festival-gathering, feast, pilgrim-feast; feast; festival sacrifice
H2282	strongs_he	a festival, or a victim therefor
H2283	bdb	reeling
H2283	strongs_he	properly, vertigo, i.e. (figuratively) fear
H2284	bdb	locust; grasshopper
H2284	strongs_he	a locust
H2285	bdb	חָגָב n.pr.m. head of family of returning exiles Ezr 2:46
H2285	strongs_he	Chagab, one of the Nethinim
H2286	bdb	חֲגָבָא n.pr.m. head of a family of returning exiles Ne 7:48; חֲגָבָה n.pr.m. head of a family of returning exiles Ezr 2:45
H2286	strongs_he	Chagaba or Chagabah, one of the Nethinim
H2287	bdb	make a pilgrimage; keep a pilgrim-feast
H2287	strongs_he	properly, to move in a circle, i.e. (specifically) to march in a sacred procession, to observe a festival; by implication, to be giddy
H2288	bdb	places of concealment; retreats
H2288	strongs_he	a rift in rocks
H2289	bdb	girt; girded
H2289	strongs_he	belted
H2290	bdb	belt; girdle; girdle; loin-covering; belt
H2290	strongs_he	a belt (for the waist)
H2291	bdb	festal
H2291	strongs_he	Chaggi, an Israelite; also (patronymically) a Chaggite, or descendant of the same
H2292	bdb	festal; חַגַּי n.pr.m. prophet (BH id.)
H2292	strongs_he	Chaggai, a Hebrew prophet
H2293	bdb	feast of Yah
H2293	strongs_he	Chaggijah, an Israelite
H2294	bdb	festal
H2294	strongs_he	Chaggith, a wife of David
H2295	bdb	partridge
H2295	strongs_he	Choglah, an Israelitess
H2296	bdb	gird; gird on; gird oneself
H2296	strongs_he	to gird on (as a belt, armor, etc.)
H2297	bdb	חַד adj. = אֶחָד Ez 33:30 del Co, cf. 𝔊.
H2297	strongs_he	one
H2298	bdb	one
H2298	strongs_he	as card. one; as article single; as an ordinal, first; adverbially, at once
H2299	bdb	sharp
H2299	strongs_he	sharp
H2300	bdb	be sharp, keen; are keener than evening wolves; sharpeneth; be sharpened; be, grow sharp; grow sharp; sharpen
H2300	strongs_he	to be (causatively, make) sharp or (figuratively) severe
H2301	bdb	חֲדַד n.pr.m. a son of Ishmael
H2301	strongs_he	Chadad, an Ishmaelite
H2302	bdb	rejoice; rejoice; thou makest him joyful
H2302	strongs_he	to rejoice
H2303	bdb	sharpened; sharp; pointed
H2303	strongs_he	a point
H2304	bdb	joy
H2304	strongs_he	rejoicing
H2305	bdb	joy
H2305	strongs_he	joy.
H2306	bdb	breast
H2306	strongs_he	a breast
H2307	bdb	חָדִיד n.pr.loc. in Benj.
H2307	strongs_he	Chadid, a place in Palestine
H2308	bdb	cease; cease, come to an end, cease, leave off; cease, come to an end; cease, leave off; should I be made to leave
H2308	strongs_he	properly, to be flabby, i.e. (by implication) desist; (figuratively) be lacking or idle
H2309	bdb	cessation
H2309	strongs_he	rest, i.e. the state of the dead
H2310	bdb	forbearing; lacking
H2310	strongs_he	vacant, i.e. ceasing or destitute
H2311	bdb	חַדְלָ֑י n.pr.m. an Ephraimite, 2 Ch 28:12
H2311	strongs_he	Chadlai, an Israelite
H2312	bdb	brier
H2312	strongs_he	a prickly plant
H2313	bdb	Tigris
H2313	strongs_he	the Chiddekel (or Tigris) river
H2314	bdb	surround; enclose
H2314	strongs_he	properly, to inclose (as a room), i.e. (by analogy,) to beset (as in a siege)
H2315	bdb	chamber; room
H2315	strongs_he	an apartment (usually literal)
H2316	bdb	חֲדַד n.pr.m. a son of Ishmael
H2316	strongs_he	Chadar, an Ishmaelite
H2317	bdb	חַדְרָ֔ךְ n.pr.terr. only Zc 9:1
H2317	strongs_he	Chadrak, a Syrian deity
H2318	bdb	renew, repair; renew, make anew, repair; renew, make anew; repair; thy youth reneweth itself, like the eagle
H2318	strongs_he	to be new; causatively, to rebuild
H2319	bdb	new
H2319	strongs_he	new
H2320	bdb	newness; new moon; month
H2320	strongs_he	the new moon; by implication, a month
H2321	bdb	חֹ֫דֶשׁ n.pr.f. a wife of Shaharaim of Benj. 1 Ch 8:9
H2321	strongs_he	Chodesh, an Israelitess
H2322	bdb	חֲדָשָׁה n.pr.loc. town in Judah Jos 15:37 (site unknown, cf. Di).
H2322	strongs_he	Chadashah, a place in Palestine
H2323	bdb	new
H2323	strongs_he	new
H2324	bdb	declare
H2324	strongs_he	to show
H2325	bdb	be guilty; inculpate
H2325	strongs_he	properly, perhaps to tie, i.e. (figuratively and reflexively) to owe, or (by implication) to forfeit
H2326	bdb	debt
H2326	strongs_he	debt
H2327	bdb	חוֹבָה n.pr.loc. Gn 14:15, north of Damascus
H2327	strongs_he	Chobah, a place in Syria
H2328	bdb	draw round; make a circle
H2328	strongs_he	to describe a circle
H2329	bdb	vault
H2329	strongs_he	a circle
H2330	bdb	propound a riddle
H2330	strongs_he	properly, to tie a knot, i.e. (figuratively) to propound a riddle
H2331	bdb	tell; declare
H2331	strongs_he	properly, to live; by implication (intensively) to declare or show
H2332	bdb	life
H2332	strongs_he	Chavvah (or Eve), the first woman
H2333	bdb	tent-village
H2333	strongs_he	by implication, an encampment or village
H2334	bdb	tent-village
H2334	strongs_he	hamlets of Jair, a region of Palestine
H2335	bdb	seer; seer; vision
H2335	strongs_he	Chozai, an Israelite
H2336	bdb	brier; bramble; hook; ring; fetter
H2336	strongs_he	a thorn; by analogy, a ring for the nose
H2337	bdb	brier; bramble; hook; ring; fetter
H2337	strongs_he	a dell or crevice (as if pierced in the earth)
H2338	bdb	repair
H2338	strongs_he	to string together, i.e. (figuratively) to repair
H2339	bdb	thread; cord; line
H2339	strongs_he	a string; by implication, a measuring tape
H2340	bdb	villagers
H2340	strongs_he	a Chivvite, one of the aboriginal tribes of Palestine
H2341	bdb	חֲוִילָה n.pr.terr. (√ dub.)
H2341	strongs_he	Chavilah, the name of two or three eastern regions; also perhaps of two men
H2342	bdb	whirl, dance, writhe; dance, twist, writhe, whirl, whirl about; dance; twist, writhe; whirl, whirl about; dance, writhe, with, bear, bring forth, wait anxiously; dance; writhe, with, bear, bring forth; wait anxiously; be made to writhe, be brought forth; be made to writhe; be brought forth; cause to be in anguish; be born; whirling, writhing, suffering torture, wait longingly; whirling; writhing, suffering torture; wait longingly; and she writhed; be firm; strong
H2342	strongs_he	properly, to twist or whirl (in a circular or spiral manner), i.e. (specifically) to dance, to writhe in pain (especially of parturition) or fear; figuratively, to wait, to pervert
H2343	bdb	חוּל n.pr.m. a ‘son’ of Aram
H2343	strongs_he	Chul, a son of Aram; also the region settled by him
H2344	bdb	sand; whirling
H2344	strongs_he	sand (as round or whirling particles)
H2345	bdb	darkened; dark brown; black
H2345	strongs_he	sunburnt or swarthy (blackish)
H2346	bdb	wall, protection; wall; wall
H2346	strongs_he	a wall of protection
H2347	bdb	pity; look upon with compassion
H2347	strongs_he	properly, to cover, i.e. (figuratively) to compassionate
H2348	bdb	shore; coast; surrounding; enclosing
H2348	strongs_he	a cove (as a sheltered bay)
H2349	bdb	חוּפָם n.pr.m. head of Benjamite family Nu 26:39
H2349	strongs_he	Chupham, an Israelite
H2350	bdb	חוּפָמִי adj.gent. of foregoing [h.bh.af], c. art. = n. coll. הַח׳ Nu 26:39.
H2350	strongs_he	a Chuphamite or descendant of Chupham
H2351	bdb	the outside; a street
H2351	strongs_he	properly, separate by a wall, i.e. outside, outdoors
H2352	bdb	חֻר, חוּר n.[m.] id. [חֹר]
H2352	strongs_he	the crevice of a serpent; the cell of a prison
H2353	bdb	white stuff
H2353	strongs_he	white linen
H2354	bdb	חוּר n.pr.m. named with Aaron as compan. of Moses a Judahite a king of Midian head of fam. of returned exiles officer of Sol.
H2354	strongs_he	Chur, the name of four Israelites and one Midianite
H2355	bdb	white stuff
H2355	strongs_he	white linen
H2356	bdb	hole
H2356	strongs_he	a cavity, socket, den
H2357	bdb	be; grow white; pale
H2357	strongs_he	to blanch (as with shame)
H2358	bdb	white
H2358	strongs_he	white
H2359	bdb	חוּרִי n.pr.m. a Gileadite (of Gad) 1 Ch 5:14
H2359	strongs_he	Churi, an Israelite
H2360	bdb	חוּרַי n.pr.m. a hero of David
H2360	strongs_he	Churai, an Israelite
H2361	bdb	Hiram
H2361	strongs_he	Churam, the name of an Israelite and two Syrians
H2362	bdb	חַוְרָן n.pr.terr. (meaning unknown)—district SE. fr. Mt. Hermon, extending between Jaulan and Lejah, toward Syr. desert; only Ez 47:16
H2362	strongs_he	Chavran, a region East of the Jordan
H2363	bdb	feel; enjoy; haste, make haste; make haste; shew haste, act quickly, I will hasten it; shew haste, act quickly; I will hasten it
H2363	strongs_he	to hurry; figuratively, to be eager with excitement or enjoyment
H2364	bdb	חוּשָׁה n.pr.m. a ‘son’ of חוּר = place in Judah 1 Ch 4:4.
H2364	strongs_he	Chushah, an Israelite
H2365	bdb	חוּשַׁי n.pr.m. called friend of David father of one of Solomon’s officers.
H2365	strongs_he	Chushai, an Israelite
H2366	bdb	חוּשִׁים, חֻשִׁים n.pr.f. wife of Shaharaim of Benjamin; חֻשִׁים n.pr.m. of Dan
H2366	strongs_he	Chushim, the name of three Israelites
H2367	bdb	חֻשָׁם, חוּשָׁם n.pr.m. a king of Edom
H2367	strongs_he	Chusham, an Idumaean
H2368	bdb	seal; signet-ring
H2368	strongs_he	a signature-ring
H2369	bdb	חוֹתָם n.pr.m. nam of Asher father of two of David’s heroes
H2369	strongs_he	Chotham, the name of two Israelites
H2370	bdb	see; behold
H2370	strongs_he	to gaze upon; mentally to dream, be usual (i.e. seem)
H2371	bdb	Ēl sees
H2371	strongs_he	Chazael, a king of Syria
H2372	bdb	see, behold; see, behold, see as a seer in the ecstatic state, see, perceive; see, behold; see as a seer in the ecstatic state; see, perceive
H2372	strongs_he	to gaze at; mentally to perceive, contemplate (with pleasure); specifically, to have a vision of
H2373	bdb	breast
H2373	strongs_he	the breast (as most seen in front)
H2374	bdb	seer; seer; vision
H2374	strongs_he	a beholder in vision; also a compact (as looked upon with approval)
H2375	bdb	חֲזוֹ n.pr.m. son of Nahor
H2375	strongs_he	Chazo, a nephew of Abraham
H2376	bdb	vision; appearance
H2376	strongs_he	a sight
H2377	bdb	vision; vision; vision; divine communication in a vision, oracle, prophecy; vision
H2377	strongs_he	a sight (mentally), i.e. a dream, revelation, or oracle
H2378	bdb	in the visions; of Iddo
H2378	strongs_he	a revelation
H2379	bdb	sight; visibility
H2379	strongs_he	a view
H2380	bdb	vision; conspicuousness
H2380	strongs_he	a look; hence (figuratively) striking appearance, revelation, or (by implication) compact
H2381	bdb	vision of Ēl
H2381	strongs_he	Chaziel, a Levite
H2382	bdb	Yah hath seen
H2382	strongs_he	Chazajah, an Israelite
H2383	bdb	vision
H2383	strongs_he	Chezjon, a Syrian
H2384	bdb	vision; vision; vision; divine communication
H2384	strongs_he	a revelation, expectation by dream
H2385	bdb	bolt; lightning-flash
H2385	strongs_he	a flash of lightning
H2386	bdb	swine; boar
H2386	strongs_he	a hog (perhaps as penned)
H2387	bdb	חֵזִיר n.pr.m. a priest of the 17th course (assigned to David’s time) one of those sealed
H2387	strongs_he	Chezir, the name of two Israelites
H2388	bdb	be, grow firm, strong, strengthen; be, grow strong, strengthened him not; be, grow strong; strengthened him not; make strong, strengthen, sustain, encourage, make strong, bold, encourage, make firm, make rigid, hard, harden; make strong; strengthen, sustain, encourage; make strong, bold, encourage; make firm; make rigid, hard, harden; make strong, strengthen, make firm, display strength, make severe, support, repair, prevail, take, keep hold, seize, grasp; make strong, strengthen, make firm, display strength; make strong, strengthen; make firm; display strength; make severe; support; repair; prevail; take, keep hold, seize, grasp; strengthen oneself, put forth strength, use one's strength, withstand, hold strongly with; strengthen oneself; put forth strength, use one's strength; withstand; hold strongly with
H2388	strongs_he	to fasten upon; hence, to seize, be strong (figuratively, courageous, causatively strengthen, cure, help, repair, fortify), obstinate; to bind, restrain, conquer
H2389	bdb	strong, stout, mighty; strong; a strong one
H2389	strongs_he	strong (usu. in a bad sense, hard, bold, violent)
H2390	bdb	חָזֵק adj. verb. v. חָזַק Qal Pt.
H2390	strongs_he	powerful
H2391	bdb	strength
H2391	strongs_he	help
H2392	bdb	strength
H2392	strongs_he	power
H2393	bdb	strength; force
H2393	strongs_he	prevailing power
H2394	bdb	strength; force; violence
H2394	strongs_he	vehemence (usually in a bad sense)
H2395	bdb	חִזְקִי n.pr.m. a Benjamite 1 Ch 8:17
H2395	strongs_he	Chizki, an Israelite
H2396	bdb	hath strengthened, strengtheneth
H2396	strongs_he	Chizkijah, a king of Judah, also the name of two other Israelites
H2397	bdb	hook; ring; fetter
H2397	strongs_he	a ring for the nose (or lips)
H2398	bdb	miss, go wrong, sin; miss, sin, miss the goal, path of right and duty, incur guilt, penalty by sin, forfeit; miss; sin, miss the goal, path of right and duty; incur guilt, penalty by sin, forfeit; bear loss, make a sin offering, purify from sin, purify from uncleanness; bear loss; make a sin offering; purify from sin; purify from uncleanness; miss the mark, induce, cause to sin, bring into guilt, condemnation, punishment; miss the mark; induce, cause to sin; bring into guilt, condemnation, punishment; miss oneself, lose oneself, be bewildered, beside oneself, purify oneself from uncleanness; miss oneself, lose oneself, be bewildered, beside oneself; purify oneself from uncleanness
H2398	strongs_he	properly, to miss; hence (figuratively and generally) to sin; by inference, to forfeit, lack, expiate, repent, (causatively) lead astray, condemn
H2399	bdb	sin; sin; guilt of sin; punishment for sin
H2399	strongs_he	a crime or its penalty
H2400	bdb	sinful; sinners
H2400	strongs_he	a criminal, or one accounted guilty
H2401	bdb	sin, sin-offering; sin; sin-offering
H2401	strongs_he	an offence, or a sacrifice for it
H2402	bdb	sin-offering
H2402	strongs_he	an offence, and the penalty or sacrifice for it
H2403	bdb	sinful thing; sin; sin, sin-offering; sin; condition of sin, guilt of sin; punishment for sin; sin-offering; purification
H2403	strongs_he	an offence (sometimes habitual sinfulness), and its penalty, occasion, sacrifice, or expiation; also (concretely) an offender
H2404	bdb	cut, gather wood, firewood; cut, gather; hewn
H2404	strongs_he	to chop or carve wood
H2405	bdb	dark-hued
H2405	strongs_he	properly, a carving; hence, a tapestry (as figured)
H2406	bdb	wheat
H2406	strongs_he	wheat, whether the grain or the plant
H2407	bdb	חַטּוּשׁ n.pr.m. man of Davidic line, post-exil. a builder at the wall of Jerus. head of a priestly house, post-exil.
H2407	strongs_he	Chattush, the name of four or five Israelites
H2408	bdb	sin
H2408	strongs_he	an offence
H2409	bdb	sin-offering
H2409	strongs_he	an expiation
H2410	bdb	חֲטִיטָא n.pr.m. head of Levit. family, returned exiles
H2410	strongs_he	Chatita, a temple porter
H2411	bdb	חַטִּיל n.pr.m. head of a family of ‘the children of Sol.’s servants’
H2411	strongs_he	Chattil, one of 'Solomon's servants'
H2412	bdb	חֲטִיפָא n.pr.m. head of a family of Nethinim, post-exil.
H2412	strongs_he	Chatipha, one of the Nethinim
H2413	bdb	hold in; restrain
H2413	strongs_he	to stop
H2414	bdb	catch; seize
H2414	strongs_he	to clutch; hence, to seize as a prisoner
H2415	bdb	branch; twig; rod
H2415	strongs_he	a twig
H2416	bdb	kinsfolk; alive, living; living one, alive, living, green, fresh; living one; alive, living; green; fresh; lively, active; reviving; living thing, animal; animal, wild animals, living beings; wild animals; living beings; life; appetite; revival, renewal; community; life; life; life; sustenance, maintenance
H2416	strongs_he	alive; hence, raw (flesh); fresh (plant, water, year), strong; also (as noun, especially in the feminine singular and masculine plural) life (or living thing), whether literally or figuratively
H2417	bdb	living
H2417	strongs_he	alive; also (as noun in plural) life
H2418	bdb	live; live for ever!; let live
H2418	strongs_he	to live
H2419	bdb	Ēl lives
H2419	strongs_he	Chiel, an Israelite
H2420	bdb	riddle, enigmatic, perplexing saying, question; riddle; riddle, enigma; perplexing questions; double-dealing
H2420	strongs_he	a puzzle, hence, a trick, conundrum, sententious maxim
H2421	bdb	live; live, be quickened, revive; live; be quickened, revive; preserve alive, let live, give life, quicken, revive, refresh; preserve alive, let live; give life; quicken, revive, refresh; preserve alive, let live, quicken, revive; preserve alive, let live; quicken, revive
H2421	strongs_he	to live, whether literally or figuratively; causatively, to revive
H2422	bdb	having the vigour of life; lively
H2422	strongs_he	vigorous
H2423	bdb	beast
H2423	strongs_he	an animal
H2424	bdb	living widows
H2424	strongs_he	life
H2425	bdb	live; live, be quickened, revive; live; be quickened, revive; preserve alive, let live, give life, quicken, revive, refresh; preserve alive, let live; give life; quicken, revive, refresh; preserve alive, let live, quicken, revive; preserve alive, let live; quicken, revive
H2425	strongs_he	to live; causatively to revive
H2426	bdb	rampart; fortress
H2426	strongs_he	an army; also (by analogy,) an intrenchment
H2427	bdb	a writhing; anguish; anguish
H2427	strongs_he	a throe (expectant of childbirth)
H2428	bdb	strength, efficiency, wealth, army; strength; ability, efficiency; wealth; force, army
H2428	strongs_he	probably a force, whether of men, means or other resources; an army, wealth, virtue, valor, strength
H2429	bdb	power; strength; army
H2429	strongs_he	an army, or strength
H2430	bdb	rampart; fortress
H2430	strongs_he	an intrenchment
H2431	bdb	חֵילָם n.pr.loc. E. of Jordan
H2431	strongs_he	Chelam, a place East of Palestine
H2432	bdb	חִילֵן n.pr.loc. in Judah 1 Ch 6:43
H2432	strongs_he	Chilen, a place in Palestine
H2433	bdb	grace
H2433	strongs_he	beauty
H2434	bdb	party-wall
H2434	strongs_he	a wall
H2435	bdb	outer; external
H2435	strongs_he	properly, the (outer) wall side; hence, exterior; figuratively, secular (as opposed to sacred)
H2436	bdb	bosom; carry in bosom; bosom
H2436	strongs_he	the bosom (literally or figuratively)
H2437	bdb	חִירָה n.pr.m. an Adullamite, friend of Judah
H2437	strongs_he	Chirah, an Adullamite
H2438	bdb	Hiram
H2438	strongs_he	Chiram or Chirom, the name of two Tyrians
H2439	bdb	haste, make haste; make haste; shew haste, act quickly, I will hasten it; shew haste, act quickly; I will hasten it
H2439	strongs_he	to hurry
H2440	bdb	quickly
H2440	strongs_he	properly, a hurry; hence (adverb) quickly
H2441	bdb	palate; roof of mouth; gums
H2441	strongs_he	properly, the palate or inside of the mouth; hence, the mouth itself (as the organ of speech, taste and kissing)
H2442	bdb	wait, await; waiting for him; wait, tarry, wait, wait for, long for; wait, tarry; wait; wait for, long for
H2442	strongs_he	properly, to adhere to; hence, to await
H2443	bdb	hook; fish-hook
H2443	strongs_he	a hook (as adhering)
H2444	bdb	dark
H2444	strongs_he	Chakilah, a hill in Palestine
H2445	bdb	wise man
H2445	strongs_he	wise, i.e. a Magian
H2446	bdb	wait for Yahweh
H2446	strongs_he	Chakaljah, an Israelite
H2447	bdb	dark; dull
H2447	strongs_he	darkly flashing (only of the eyes); in a good sense, brilliant (as stimulated by wine)
H2448	bdb	dulness
H2448	strongs_he	flash (of the eyes); in a bad sense, blearedness
H2449	bdb	be wise; be, become wise, act wisely; make wise, teach wisdom; made wise; making wise the simple; let us deal wisely, shrewdly, toward it, make or shew thyself wise
H2449	strongs_he	to be wise (in mind, word or act)
H2450	bdb	wise; skilful; wise in the administration of affairs; shrewd, crafty, cunning; learned, shrewd; prudent; wise
H2450	strongs_he	wise, (i.e. intelligent, skilful or artful)
H2451	bdb	wisdom; skill; wisdom; shrewdness, wisdom; wisdom, prudence; wisdom
H2451	strongs_he	wisdom (in a good sense)
H2452	bdb	wisdom
H2452	strongs_he	wisdom
H2453	bdb	wise
H2453	strongs_he	Chakmoni, an Israelite
H2454	bdb	wisdom; skill; wisdom; shrewdness, wisdom; wisdom, prudence; wisdom
H2454	strongs_he	wisdom
H2455	bdb	profaneness; commonness
H2455	strongs_he	properly, exposed; hence, profane
H2456	bdb	be sick; diseased
H2456	strongs_he	to be sick
H2457	bdb	rust; filth
H2457	strongs_he	properly, disease; hence, rust
H2458	bdb	חֶלְאָה n.pr.f. (meaning dub.)—wife of Ashhur (of Judah) ‘father’ of Tekoah
H2458	strongs_he	Chelah, an Israelitess
H2459	bdb	fat; fat; fat; choicest, best part
H2459	strongs_he	fat, whether literally or figuratively; hence, the richest or choice part
H2460	bdb	חֵ֫לֶב n.pr.m. one of David’s heroes 2 S 23:29
H2460	strongs_he	Cheleb, an Israelite
H2461	bdb	milk
H2461	strongs_he	milk (as the richness of kine)
H2462	bdb	חֶלְבָּה n.pr.loc. town assigned to Asher Ju 1:31, site unknown
H2462	strongs_he	Chelbah, a place in Palestine
H2463	bdb	חֶלְבּוֹן n.pr.loc. place whence wine came (to Tyre) Ez 27:18
H2463	strongs_he	Chelbon, a place in Syria
H2464	bdb	חֶלְבְּנָה n.f. (Aram. Syriac, חֶלְבְּנִיתָא 𝔊 χαλβάνη, 𝔙 galbanum)—a kind of gum Ex 30:34, ingredient of the holy incense, v. Di Löw 115.
H2464	strongs_he	galbanam, an odorous gum (as if fatty)
H2465	bdb	duration; world
H2465	strongs_he	life (as a fleeting portion of time); hence, the world (as transient)
H2466	bdb	חֵ֫לֶד n.pr.m. one of David’s heroes 1 Ch 11:30
H2466	strongs_he	Cheled, an Israelite
H2467	bdb	weasel
H2467	strongs_he	a weasel (from its gliding motion)
H2468	bdb	חֻלְדָּה n.pr.f. prophetess, Josiah’s time
H2468	strongs_he	Chuldah, an Israelitess
H2469	bdb	חֶלְדַּי n.pr.m. one of David’s heroes a returned exile
H2469	strongs_he	Cheldai, the name of two Israelites
H2470	bdb	be weak, sick; be, become weak, become sick, ill; be, become weak; become sick, ill; make oneself sick, strain oneself, be made sick; make oneself sick, strain oneself; be made sick; make sick; be made weak; make oneself sick; make, sick, sore thy smiting, make sick, shew, sickness, become sick; make, sick, sore thy smiting; make sick; shew, sickness, become sick; make sick, wounded; mollify; appease; entreat the favour of
H2470	strongs_he	properly, to be rubbed or worn; hence (figuratively) to be weak, sick, afflicted; or (causatively) to grieve, make sick; also to stroke (in flattering), entreat
H2471	bdb	a kind of cake; perforated
H2471	strongs_he	a cake (as usually punctured)
H2472	bdb	dream
H2472	strongs_he	a dream
H2473	bdb	חֹלוֹן, חֹלֹן n.pr.loc. in Moab in Judah
H2473	strongs_he	Cholon, the name of two places in Palestine
H2474	bdb	window
H2474	strongs_he	a window (as perforated)
H2475	bdb	a passing away; vanishing
H2475	strongs_he	properly, surviving; by implication (collectively) orphans
H2476	bdb	weakness; prostration
H2476	strongs_he	defeat
H2477	bdb	חֲלַח n.pr.loc. a city or district under Assyr. control, whither Isr. captives were taken
H2477	strongs_he	Chalach, a region of Assyria
H2478	bdb	חַלְחוּל n.pr.loc. town in Judah, Jos 15:58
H2478	strongs_he	Chalchul, a place in Palestine
H2479	bdb	anguish
H2479	strongs_he	writhing (in childbirth); by implication, terror
H2480	bdb	and they snatched it from him
H2480	strongs_he	to snatch at
H2481	bdb	ornament
H2481	strongs_he	a trinket (as polished)
H2482	bdb	חֲלִי n.pr.loc. in Asher Jos 19:25, site unknown (v. conject. in Di).
H2482	strongs_he	Chali, a place in Palestine
H2483	bdb	sickness
H2483	strongs_he	malady, anxiety, calamity
H2484	bdb	jewelry
H2484	strongs_he	a trinket
H2485	bdb	flute; pipe
H2485	strongs_he	a flute (as perforated)
H2486	bdb	ad profanum!; far be it
H2486	strongs_he	literal for a profaned thing; used (interj.) far be it!
H2487	bdb	a change, replacing, changing, substituting; change; relays; relief; changing, varying
H2487	strongs_he	alternation
H2488	bdb	what is stripped off
H2488	strongs_he	spoil
H2489	bdb	hapless; unfortunate; hapless; luckless one; s
H2489	strongs_he	a wretch, i.e. unfortunate
H2490	bdb	pollute, defile, profane; pollute, defile oneself, be polluted, defiled; pollute, defile oneself; be polluted, defiled; defile, pollute, violate the honour of, dishonour, violate, treat, as common; defile, pollute; violate the honour of, dishonour; violate; treat, as common; my great name which is profaned among the nations; I will not let my holy name be profaned any more, he shall not violate his word, begin; I will not let my holy name be profaned any more, he shall not violate his word; I will not let my holy name be profaned any more; he shall not violate his word; begin; then it was begun, to call on the name of; play the pipe, pipe; as well the singers as the pipe-players; dancers; and the people piped with pipes; bore, pierce; my heart is pierced, within me; in the hand of the ones wounding thee; pierced by the sword; his hand pierced the fleeing serpent; pierced, wounded because of our transgressions
H2490	strongs_he	properly, to bore, i.e. (by implication) to wound, to dissolve; figuratively, to profane (a person, place or thing), to break (one's word), to begin (as if by an 'opening wedge'); to play (the flute)
H2491	bdb	profaned; pierced; pierced, fatally wounded; slain
H2491	strongs_he	pierced (especially to death); figuratively, polluted
H2492	bdb	be healthy, strong; their young are healthy; and restore me to health; dream; dream; dream
H2492	strongs_he	properly, to bind firmly, i.e. (by implication) to be (causatively to make) plump; also (through the figurative sense of dumbness) to dream
H2493	bdb	dream
H2493	strongs_he	a dream
H2494	bdb	strength
H2494	strongs_he	Chelem, an Israelite
H2495	bdb	purslain
H2495	strongs_he	probably purslain
H2496	bdb	flint
H2496	strongs_he	flint
H2497	bdb	חֵלֹן n.pr.m. a man of Zebulun
H2497	strongs_he	Chelon, an Israelite
H2498	bdb	pass on, away, pass through; pass on quickly, pass away, vanish, come on anew, sprout again, pass through, overstep, transgress; pass on quickly, pass away, vanish; pass on quickly; pass away, vanish; come on anew, sprout again; pass through, overstep, transgress; pass through; overstep, transgress; cause to pass, change; change, shew newness; change; shew newness
H2498	strongs_he	properly, to slide by, i.e. (by implication) to hasten away, pass on, spring up, pierce or change
H2499	bdb	pass
H2499	strongs_he	to pass on (of time)
H2500	bdb	exchange; in return for
H2500	strongs_he	properly, exchange; hence (as preposition) instead of
H2501	bdb	חֵ֫לֶף n.pr.loc. in Naphtali, site unknown Jos 19:33.
H2501	strongs_he	Cheleph, a place in Palestine
H2502	bdb	draw off, out, withdraw; draw, draw off, withdraw; draw, draw off; withdraw; be delivered; pull out, tear out, rescue, deliver; pull out, tear out; rescue, deliver; equip; equipped; be, go equipped; will brace up, invigorate, thy bones
H2502	strongs_he	to pull off; hence (intensively) to strip, (reflex.) to depart; by implication, to deliver, equip (for fight); present, strengthen
H2503	bdb	viqour
H2503	strongs_he	Chelets, the name of two Israelites
H2504	bdb	loins
H2504	strongs_he	the loins (as the seat of vigor)
H2505	bdb	be smooth, slippery; smooth, slippery; make smooth; divide, share; divide, apportion, assign, distribute, assign, impart, share, divide up, plunder; divide, apportion; assign, distribute; assign, impart; share; divide up, plunder; divide oneself, be divided, assign, distribute; divide oneself; be divided; assign, distribute; divide, apportion, assign, distribute, scatter; divide, apportion; assign, distribute; scatter; be divided; divide, among themselves; to receive a portion
H2505	strongs_he	to be smooth (figuratively); by implication (as smooth stones were used for lots) to apportion or separate
H2506	bdb	smoothness; seductiveness; portion, tract, territory; portion, share; portion, tract; portion, possession; portion; portion, award
H2506	strongs_he	properly, smoothness (of the tongue); also an allotment
H2507	bdb	portion
H2507	strongs_he	Chelek, an Israelite
H2508	bdb	portion; possession; lot
H2508	strongs_he	a part
H2509	bdb	smooth; flattery
H2509	strongs_he	smooth (especially of tongue)
H2510	bdb	smooth; flattery
H2510	strongs_he	Chalak, a mountain of Idumaea
H2511	bdb	smooth; flattery
H2511	strongs_he	smooth
H2512	bdb	smooth
H2512	strongs_he	smooth
H2513	bdb	portion; smooth part, smoothness, flattery; smoothness, smooth part; slippery places; smoothness
H2513	strongs_he	properly, smoothness; figuratively, flattery; also an allotment
H2514	bdb	smoothness; flattery; fine promises
H2514	strongs_he	flattery
H2515	bdb	part; portion
H2515	strongs_he	a distribution
H2516	bdb	חֶלְקִי adj.gent. of foreg. [h.da.ac]; only c. art. as subst. n. coll. Nu 26:30.
H2516	strongs_he	a Chelkite or descendant of Chelek
H2517	bdb	חֶלְקָ֑י n.pr.m. priest, time of Joiakim son of Jeshua, Ne 12:15
H2517	strongs_he	Chelkai, an Israelite
H2518	bdb	my portion is
H2518	strongs_he	Chilhijah, the name of eight Israelites
H2519	bdb	smoothness; slipperiness; flattery; fine promises
H2519	strongs_he	properly, something very smooth; i.e. a treacherous spot; figuratively, blandishment
H2520	bdb	portion; possession
H2520	strongs_he	Chelkath, a place in Palestine
H2521	bdb	חֶלְקַת הַצֻּרִים n.pr.loc. a place near pool of Gibeon where Ishbosheth’s men were killed by Dvd.’s men under Joab 2 S 2:16
H2521	strongs_he	Chelkath Hats-tsurim, a place in Palestine
H2522	bdb	be weak; prostrate; weaken; disable; prostrate
H2522	strongs_he	to prostrate; by implication, to overthrow, decay
H2523	bdb	weak
H2523	strongs_he	frail
H2524	bdb	husband’s father
H2524	strongs_he	a father-in-law (as in affinity)
H2525	bdb	hot
H2525	strongs_he	hot
H2526	bdb	Ham
H2526	strongs_he	Cham, a son of Noah; also (as a patronymic) his descendants or their country
H2527	bdb	heat
H2527	strongs_he	heat
H2528	bdb	rage
H2528	strongs_he	anger
H2529	bdb	curd; heat, rage; heat, fever, venom, poison; fever; venom, poison; burning anger, rage
H2529	strongs_he	curdled milk or cheese
H2530	bdb	desire, take pleasure in; desire; desirable; delight greatly; desirableness; preciousness
H2530	strongs_he	to delight in
H2531	bdb	desire; delight
H2531	strongs_he	delight
H2532	bdb	desire; desirableness; preciousness
H2532	strongs_he	delight
H2533	bdb	חֶמְדָּן n.pr.m. an Edomite
H2533	strongs_he	Chemdan, an Idumaean
H2534	bdb	heat, rage; heat, fever, venom, poison; fever; venom, poison; burning anger, rage
H2534	strongs_he	heat; figuratively, anger, poison (from its fever)
H2535	bdb	heat; sun
H2535	strongs_he	heat; by implication, the sun
H2536	bdb	חַמּוּאֵל n.pr.m. a Simeonite 1 Ch 4:26
H2536	strongs_he	Chammuel, an Israelite
H2537	bdb	חֲמוּטַל Qr, חמיטל Kt, n.pr.f. mother of the kings Jehoahaz and Zedekiah, sons of Josiah
H2537	strongs_he	Chamutal or Chamital, an Israelitess
H2538	bdb	spared
H2538	strongs_he	Chamul, an Israelite
H2539	bdb	חָמוּלִי adj.gent. of foreg. [h.dh.ab]; only c. art. הֶחָ׳, as subst. coll. Nu 26:21.
H2539	strongs_he	a Chamulite (collectively) or descendants of Chamul
H2540	bdb	hot
H2540	strongs_he	Chammon, the name of two places in Palestine
H2541	bdb	the ruthless
H2541	strongs_he	properly, violent; by implication, a robber
H2542	bdb	curving; curve
H2542	strongs_he	a wrapping, i.e. drawers
H2543	bdb	(he)-ass
H2543	strongs_he	a male ass (from its dun red)
H2544	bdb	חֲמוֹר n.pr.m. father of Shechem
H2544	strongs_he	Chamor, a Canaanite
H2545	bdb	husband’s mother
H2545	strongs_he	a mother-in-law
H2546	bdb	חֹ֫מֶט n.[m.] a kind of lizard, only in list of unclean creeping animals Lv 11:30
H2546	strongs_he	a lizard (as creeping)
H2547	bdb	חֻמְטָה n.pr.loc. city in Judah Jos 15:54
H2547	strongs_he	Chumtah, a place in Palestine
H2548	bdb	seasoned
H2548	strongs_he	seasoned, i.e. salt provender
H2549	bdb	fifth
H2549	strongs_he	fifth; also a fifth
H2550	bdb	spare
H2550	strongs_he	to commiserate; by implication, to spare
H2551	bdb	compassion; mercy
H2551	strongs_he	commiseration
H2552	bdb	be, become warm; be, grow warm; be, grow warm; inflame oneself with; keep, warm; warm oneself
H2552	strongs_he	to be hot (literally or figuratively)
H2553	bdb	sun-pillar
H2553	strongs_he	a sun-pillar
H2554	bdb	treat violently, wrong; treat violently, wrong; suffer violence
H2554	strongs_he	to be violent; by implication, to maltreat
H2555	bdb	violence; wrong
H2555	strongs_he	violence; by implication, wrong; by metonymy unjust gain
H2556	bdb	be sour, leavened; be leavened; be soured, embittered; be red; be ruthless
H2556	strongs_he	to be pungent; i.e. in taste (sour, i.e. literally fermented, or figuratively, harsh), in color (dazzling)
H2557	bdb	that which is leavened; anything leavened
H2557	strongs_he	ferment, (figuratively) extortion
H2558	bdb	vinegar
H2558	strongs_he	vinegar
H2559	bdb	turn away; and my beloved had turned away, passed on; turn hither and thither
H2559	strongs_he	properly, to wrap; hence, to depart (i.e. turn about)
H2560	bdb	ferment, boil, foam up; and wine which foams, great waters foamed, let its waters roar and foam; my bowels are in a ferment; be red; cover; smear with asphalt
H2560	strongs_he	properly, to boil up; hence, to ferment (with scum); to glow (with redness); to smear with pitch
H2561	bdb	wine
H2561	strongs_he	wine (as fermenting)
H2562	bdb	wine
H2562	strongs_he	wine
H2563	bdb	heap; homer; cement; mortar; clay
H2563	strongs_he	properly, a bubbling up, i.e. of water, a wave; of earth, mire or clay (cement); also a heap; hence, a chomer or dry measure
H2564	bdb	bitumen; asphalt
H2564	strongs_he	bitumen (as rising to the surface)
H2565	bdb	heap
H2565	strongs_he	a heap
H2566	bdb	חַמְרָן n.pr.m. 1 Ch 1:41
H2566	strongs_he	Chamran, an Idumaean
H2567	bdb	and he shall fifth; the land of Egypt
H2567	strongs_he	to tax a fifth
H2568	bdb	five
H2568	strongs_he	five
H2569	bdb	fifth part
H2569	strongs_he	a fifth tax
H2570	bdb	belly
H2570	strongs_he	the abdomen (as obese)
H2571	bdb	in battle array
H2571	strongs_he	staunch, i.e. able-bodied soldiers
H2572	bdb	fifty
H2572	strongs_he	fifty
H2573	bdb	waterskin
H2573	strongs_he	a skin bottle (as tied up)
H2574	bdb	fortress; great Hamath
H2574	strongs_he	Chamath, a place in Syria
H2575	bdb	hot; חַמַּת n.pr.m. father of the house of Rechab 1 Ch 2:55.
H2575	strongs_he	Chammath, a place in Palestine
H2576	bdb	חַמֹּת דֹּאר n.pr.loc. in Naphtali, Levitical city Jos 21:32
H2576	strongs_he	Chammath-Dor, a place in Palestine
H2577	bdb	חֲמָתִי adj.gent. c. art. = subst., as descendants of Canaan
H2577	strongs_he	a Chamathite or native of Chamath
H2578	bdb	צוֹבָא, צוֹבָה n.pr.terr. an Aramaean kingdom, time of (Saul and) David
H2578	strongs_he	Chamath-Tsobah
H2579	bdb	fortress; great Hamath
H2579	strongs_he	Chamath-Rabbah
H2580	bdb	favour, grace; favour, grace, elegance; favour, acceptance
H2580	strongs_he	graciousness, i.e. subjective (kindness, favor) or objective (beauty)
H2581	bdb	favour
H2581	strongs_he	Chen, a figurative name for an Israelite
H2582	bdb	favour of Hadad
H2582	strongs_he	Chenadad, an Israelite
H2583	bdb	decline, bend down, encamp; decline, encamp, verge toward, incline to, settle at; decline; encamp, verge toward, incline to, settle at
H2583	strongs_he	properly, to incline; by implication, to decline (of the slanting rays of evening); specifically, to pitch a tent; generally to encamp (for abode or siege)
H2584	bdb	חַנָּה n.pr.f. mother of Samuel
H2584	strongs_he	Channah, an Israelitess
H2585	bdb	חֲנוֹךְ n.pr.m. son of Cain son of Jered (line of Seth), the pious Enoch, who walked with God and was taken by him a son of Midian a son of Reuben
H2585	strongs_he	Chanok, an antediluvian patriach
H2586	bdb	favoured
H2586	strongs_he	Chanun, the name of an Ammonite and of two Israelites
H2587	bdb	gracious
H2587	strongs_he	gracious
H2588	bdb	cell; curved; vaulted roof; arched
H2588	strongs_he	properly, a vault or cell (with an arch); by implication, a prison
H2589	bdb	shew favour, be gracious; favour, shew favour; be pitied; direct favour to; be shewn favour, consideration; seek, implore favour
H2589	strongs_he	supplication
H2590	bdb	spice; make spicy; embalm; embalming
H2590	strongs_he	to spice; by implication, to embalm; also to ripen
H2591	bdb	wheat
H2591	strongs_he	wheat
H2592	bdb	favour of Ēl
H2592	strongs_he	Channiel, the name of two Israelites
H2593	bdb	trained; tried; experienced
H2593	strongs_he	initiated; i.e. practiced
H2594	bdb	favour
H2594	strongs_he	graciousness
H2595	bdb	spear, flexible; spear; shaft of spear, spear-head, butt of spear; shaft of spear; spear-head; butt of spear
H2595	strongs_he	a lance (for thrusting, like pitching a tent)
H2596	bdb	train up; dedicate
H2596	strongs_he	properly, to narrow; figuratively, to initiate or discipline
H2597	bdb	dedication
H2597	strongs_he	consecration
H2598	bdb	dedication; consecration
H2598	strongs_he	initiation, i.e. consecration
H2599	bdb	חֲנֹכִי adj.gent. only c. art. = subst. coll. Nu 26:5.
H2599	strongs_he	a Chanokite (collectively) or descendants of Chanok
H2600	bdb	out of favour; gratis, gratuitously, for nothing; for no purpose, in vain; gratuitously, without cause, undeservedly
H2600	strongs_he	gratis, i.e. devoid of cost, reason or advantage
H2601	bdb	חֲנַמְאֵל n.pr.m. Jeremiah’s cousin, son of his uncle
H2601	strongs_he	Chanamel, an Israelite
H2602	bdb	[חֲנָמֵל] n.[m.] only ψ 78:47 as instr. of destroying sycomores
H2602	strongs_he	perhaps the aphis or plantlouse
H2603	bdb	be loathsome; shew favour, be gracious; favour, shew favour; be pitied; direct favour to; be shewn favour, consideration; seek, implore favour
H2603	strongs_he	properly, to bend or stoop in kindness to an inferior; to favor, bestow; causatively to implore (i.e. move to favor by petition)
H2604	bdb	shew favour; implore favour
H2604	strongs_he	to favor or (causatively) to entreat
H2605	bdb	gracious
H2605	strongs_he	Chanan, the name of seven Israelites
H2606	bdb	Ēl is gracious
H2606	strongs_he	Chananel, probably an Israelite, from whom a tower of Jerusalem was named
H2607	bdb	חֲנָנִי n.pr.m. father of the prophet Jehu brother of Nehemiah a chief musician of David a chief musician in time of Nehemiah a priest of Ezra’s time
H2607	strongs_he	Chanani, the name of six Israelites
H2608	bdb	hath been gracious; חֲנַנְיָה n.pr.m. (= BH id. [h.dz.ao] 5);—Dn 2:17.
H2608	strongs_he	Chananjah, the name of thirteen Israelites
H2609	bdb	חָנֵס n.pr.loc. Is 30:4 in Lower Egypt, on island in Nile, S. of Memphis
H2609	strongs_he	Chanes, a place in Egypt
H2610	bdb	be polluted, profane; be polluted, profane, godless; be polluted; profane, godless; pollute, make profane, godless; pollute; make profane, godless
H2610	strongs_he	to soil, especially in a moral sense
H2611	bdb	profane; irreligious
H2611	strongs_he	soiled (i.e. with sin), impious
H2612	bdb	profaneness
H2612	strongs_he	moral filth, i.e. wickedness
H2613	bdb	profaneness; pollution
H2613	strongs_he	impiety
H2614	bdb	strangle; strangled himself; strangle
H2614	strongs_he	to be narrow; by implication, to throttle, or (reflex.) to choke oneself to death (by a rope)
H2615	bdb	חַנָּתֹן n.pr.loc. place in tribe of Zebulun Jos 19:14
H2615	strongs_he	Channathon, a place in Palestine
H2616	bdb	be reproached; ashamed; be good; kind
H2616	strongs_he	properly, perhaps to bow (the neck only [compare 2603] in courtesy to an equal), i.e. to be kind; also (by euphemistically [compare 1288], but rarely) to reprove
H2617	bdb	shame; reproach; goodness, kindness; kindness, kindness, mercy, affection, love to God, piety, lovely appearance; kindness; kindness, mercy; affection, love to God, piety; lovely appearance; kindness, lovingkindness
H2617	strongs_he	kindness; by implication (towards God) piety; rarely (by opposition) reproof, or (subject.) beauty
H2618	bdb	son of mercy
H2618	strongs_he	Chesed, an Israelite
H2619	bdb	Yah is kind
H2619	strongs_he	Chasadjah, an Israelite
H2620	bdb	seek refuge
H2620	strongs_he	to flee for protection; figuratively, to confide in
H2621	bdb	refuge
H2621	strongs_he	Chosah, an Israelite; also a place in Palestine
H2622	bdb	refuge
H2622	strongs_he	confidence
H2623	bdb	kind, pious, reception; kind; pious, godly
H2623	strongs_he	properly, kind, i.e. (religiously) pious (a saint)
H2624	bdb	stork
H2624	strongs_he	the kind (maternal) bird, i.e. a stork
H2625	bdb	locust
H2625	strongs_he	the ravager, i.e. a locust
H2626	bdb	strong; mighty
H2626	strongs_he	properly, firm, i.e. (by implication) mighty
H2627	bdb	lacking; wanting; deficient
H2627	strongs_he	deficient
H2628	bdb	finish off; consume
H2628	strongs_he	to eat off
H2629	bdb	stop up; muzzle
H2629	strongs_he	to muzzle; by analogy, to stop the nose
H2630	bdb	be strong; take possession of
H2630	strongs_he	properly, to (be) compact; by implication, to hoard
H2631	bdb	take possession of
H2631	strongs_he	to hold in occupancy
H2632	bdb	power
H2632	strongs_he	strength
H2633	bdb	wealth; treasure
H2633	strongs_he	wealth
H2634	bdb	strong
H2634	strongs_he	powerful
H2635	bdb	clay; potsherd
H2635	strongs_he	a clod
H2636	bdb	scaled off; scale-like
H2636	strongs_he	a shred or scale
H2637	bdb	lack, need, be lacking, decrease; lack, be lacking, diminish, decrease; lack; be lacking; diminish, decrease; cause to lack; cause to be lacking, fail
H2637	strongs_he	to lack; by implication, to fail, want, lessen
H2638	bdb	needy; lacking; in want of
H2638	strongs_he	lacking; hence, without
H2639	bdb	want; poverty
H2639	strongs_he	lack; hence, destitution
H2640	bdb	want; lack
H2640	strongs_he	poverty
H2641	bdb	חַסְרָה n.pr.m. grandfather of Shallum who was husband of Huldah the prophetess [2 Ch 34:22]
H2641	strongs_he	Chasrah, an Israelite
H2642	bdb	thing lacking; deficiency
H2642	strongs_he	deficiency
H2643	bdb	clean
H2643	strongs_he	pure
H2644	bdb	do secretly
H2644	strongs_he	properly, to cover, i.e. (in a sinister sense) to act covertly
H2645	bdb	cover; cover; overlay
H2645	strongs_he	to cover; by implication, to veil, to encase, protect
H2646	bdb	canopy; chamber; covering; enclosing
H2646	strongs_he	a canopy
H2647	bdb	חֻפָּה n.pr.m. 1 Ch 24:13 priest of the 13th course
H2647	strongs_he	Chuppah, an Israelite
H2648	bdb	be in trepidation, hurry, alarm; be in a hurry, alarm; hurry away in alarm
H2648	strongs_he	properly, to start up suddenly, i.e. (by implication) to hasten away, to fear
H2649	bdb	trepidation; hurried flight
H2649	strongs_he	hasty flight
H2650	bdb	חֻפִּים n.pr.m. a son of Benjamin
H2650	strongs_he	Chuppim, an Israelite
H2651	bdb	hollow of hand
H2651	strongs_he	a fist (only in the dual)
H2652	bdb	חָפְנִי n.pr.m. one of Eli’s two sons
H2652	strongs_he	Chophni, an Israelite
H2653	bdb	enclose; surround; cover
H2653	strongs_he	to cover (in protection)
H2654	bdb	delight in; bend down
H2654	strongs_he	properly, to incline to; by implication (literally but rarely) to bend; figuratively, to be pleased with, desire
H2655	bdb	delighting in; having pleasure in
H2655	strongs_he	pleased with
H2656	bdb	delight, pleasure; delight; desire, longing; the good pleasure, will, purpose; that in, business, matter
H2656	strongs_he	pleasure; hence (abstractly) desire; concretely, a valuable thing; hence (by extension) a matter (as something in mind)
H2657	bdb	my delight is in her
H2657	strongs_he	Cheptsi-bah, a fanciful name for Palestine
H2658	bdb	dig; search for
H2658	strongs_he	properly, to pry into; by implication, to delve, to explore
H2659	bdb	be abashed, ashamed; be abashed, ashamed; display shame
H2659	strongs_he	to blush; figuratively, to be ashamed, disappointed; causatively, to shame, reproach
H2660	bdb	חֵ֫פֶר n.pr.m. a Manassite a man of Judah one of David's heroes; חֵ֫פֶר n.pr.loc. Canaanitish town, with a king, named just before Aphek in Judah
H2660	strongs_he	Chepher, a place in Palestine; also the name of three Israelites
H2661	bdb	mole; digger
H2661	strongs_he	a burrower, i.e. probably a rat
H2662	bdb	חֶפְרִי adj.gent. only c. art. as n.pr. coll. Nu 26:32.
H2662	strongs_he	a Chephrite (collectively) or descendants of Chepher
H2663	bdb	חֲפָרַיִם n.pr.loc. in Issachar Jos 19:19
H2663	strongs_he	Chapharajim, a place in Palestine
H2664	bdb	search; search, search out, search for, think out, devise, search, test; search for; think out, devise; search, test; searched out; search through, search for; search through; search for; be searched for; disguise oneself, let oneself be searched for
H2664	strongs_he	to seek; causatively, to conceal oneself (i.e. let be sought), or mask
H2665	bdb	a; shrewd; device; plot
H2665	strongs_he	something covert, i.e. a trick
H2666	bdb	be free
H2666	strongs_he	to spread loose; figuratively, to manumit
H2667	bdb	wide-spread; garments for riding
H2667	strongs_he	something spread loosely, i.e. a carpet
H2668	bdb	freedom
H2668	strongs_he	liberty (from slavery)
H2669	bdb	freedom; separateness
H2669	strongs_he	prostration by sickness
H2670	bdb	free
H2670	strongs_he	exempt (from bondage, tax or care)
H2671	bdb	arrow
H2671	strongs_he	properly, a piercer, i.e. an arrow; by implication, a wound; figuratively, (of God) thunder-bolt; the shaft of a spear
H2672	bdb	hew, hew out, cleave; hew out, dig, hew, hew wood, hew in pieces; hew out, dig; hew, hew wood; hew; hew wood; hew in pieces; be cut, hewn, graven; hewn; hew in pieces
H2672	strongs_he	to cut or carve (wood, stone or other material); by implication, to hew, split, square, quarry, engrave
H2673	bdb	divide; divide, shall not halve their days; divide; shall not halve their days; be divided
H2673	strongs_he	to cut or split in two; to halve
H2674	bdb	חָצוֹר, חָצֹר n.pr.loc. a royal city of northern Canaan places in the Negeb a Benjamite town an Arabian locality
H2674	strongs_he	Chatsor, the name (thus simply) of two places in Palestine and of one in Arabia
H2675	bdb	חָצוֹר חֲדַתָּה n.pr.loc. Jos 15:25, in Negeb of Judah, site unknown.
H2675	strongs_he	new Chatsor, a place in Palestine
H2676	bdb	division; middle
H2676	strongs_he	the middle (of the night)
H2677	bdb	half; half; middle, midnight
H2677	strongs_he	the half or middle
H2678	bdb	arrow
H2678	strongs_he	an arrow
H2679	bdb	מָנַחְתִּי adj.gent. perh. fr. foregoing [n.by.ao], only c. art. as n. coll. חֲצִי הַמּ׳ 1 Ch 2:54 of a Judean tribe
H2679	strongs_he	Chatsi-ham-Menuchoth, an Israelite
H2680	bdb	מָנַחְתִּי adj.gent. perh. fr. foregoing [n.by.ao], only c. art. as n. coll. חֲצִי הַמּ׳ 1 Ch 2:54 of a Judean tribe
H2680	strongs_he	a Chatsi-ham-Menachtite or descendant of Chatsi-ham-Menuchoth
H2681	bdb	settled abode; haunt
H2681	strongs_he	a court or abode
H2682	bdb	green grass, herbage; grass, leeks
H2682	strongs_he	grass; also a leek (collectively)
H2683	bdb	bosom
H2683	strongs_he	the bosom (as comprised between the arms)
H2684	bdb	bosom
H2684	strongs_he	arm, lap.
H2685	bdb	shew insolence; harshness
H2685	strongs_he	properly, to shear or cut close; figuratively, to be severe
H2686	bdb	archers; divide; the number of his months, they have been cut in two, curtailed
H2686	strongs_he	properly, to chop into, pierce or sever; hence, to curtail, to distribute (into ranks); to shoot an arrow
H2687	bdb	gravel; divided; comminuted
H2687	strongs_he	properly, something cutting; hence, gravel (as grit); an arrow
H2688	bdb	of the palms
H2688	strongs_he	Chatsetson-tamar, a place in Palestine
H2689	bdb	clarion
H2689	strongs_he	a trumpet (from its sundered or quavering note)
H2690	bdb	sound a clarion; players on clarions; sound with clarions
H2690	strongs_he	to trumpet, i.e. blow on that instrument
H2691	bdb	settled abode; settlement; village; enclosure; court
H2691	strongs_he	a yard (as inclosed by a fence); also a hamlet (as similarly surrounded with walls)
H2692	bdb	חֲצַר־אַדָּר n.pr.loc. place on southern border of Canaan (Judah)
H2692	strongs_he	Chatsar-Addar, a place in Palestine
H2693	bdb	חֲצַר גַּדָּה n.pr.loc. in southern Judah Jos 15:27
H2693	strongs_he	Chatsar-Gaddah, a place in Palestine
H2694	bdb	חֲצַר הַתִּיכוֹן n.pr.loc. Ez 47:16; ‘at the foot of the eastern corner of Hermon.’
H2694	strongs_he	Chatsar-hat-Tikon, a place in Palestine
H2695	bdb	חֶצְרוֹ, חֶצְרַי (n.pr.m.)—one of David’s heroes, called the Carmelite
H2695	strongs_he	Chetsro, an Israelite
H2696	bdb	חֶצְרוֹן, חֶצְרֹן n.pr.loc. et pers. n. pr. loc. place in extreme south of Judah another town of Judah in south n. pr. m. son of Reuben son of Pereṣ and grandson of Judah
H2696	strongs_he	Chetsron, the name of a place in Palestine; also of two Israelites
H2697	bdb	חֶצְרוֹנִי, חֶצְרֹנִי adj.gent. only c. art. as n. coll. Nu 26:6 v 21
H2697	strongs_he	a Chetsronite or (collectively) descendants of Chetsron
H2698	bdb	חֲצֵרוֹת, חֲצֵרֹת n.pr.loc. a station of Isr. in wilderness
H2698	strongs_he	Chatseroth, a place in Palestine
H2699	bdb	settled abode; settlement; village
H2699	strongs_he	Chatserim, a place in Palestine
H2700	bdb	חֲצַרְמָ֫וֶת n.pr.m. 5th in order from Shem; = n.pr.terr. a district in southern Arabia
H2700	strongs_he	Chatsarmaveth, a place in Arabia
H2701	bdb	חֲצַר סוּסָה, ה׳ סוּסִים n.pr.loc. in Simeon
H2701	strongs_he	Chatsar-Susah, a place in Palestine
H2702	bdb	חֲצַר סוּסָה, ה׳ סוּסִים n.pr.loc. in Simeon
H2702	strongs_he	Chatsar-Susim, a place in Palestine
H2703	bdb	חֲצַר עֵינוֹן, ח׳ עֵינָן n.pr.loc. on NE. border of Canaan
H2703	strongs_he	Chatsar-Enon, a place in Palestine
H2704	bdb	חֲצַר עֵינוֹן, ח׳ עֵינָן n.pr.loc. on NE. border of Canaan
H2704	strongs_he	Chatsar-Enan, a place in Palestine
H2705	bdb	חֲצַר שׁוּעָל n.pr.loc. place in southern Judah place in Simeon
H2705	strongs_he	Chatsar-Shual, a place in Palestine
H2706	bdb	something prescribed, a statute, due; prescribed task; prescribed-portion; action prescribed, resolve; prescribed due; prescribed limit, boundary; enactment, decree, ordinance; enactments, statutes
H2706	strongs_he	an enactment; hence, an appointment (of time, space, quantity, labor or usage)
H2707	bdb	cut in, carve; carved, carved work; thou gavest thee a graving, for, the soles of my feet
H2707	strongs_he	to carve; by implication, to delineate; also to entrench
H2708	bdb	something prescribed; enactment; statute
H2708	strongs_he	appointed, custom, manner, ordinance, site, statute.
H2709	bdb	חֲקוּפָא n.pr.m. head of a family of returning exiles
H2709	strongs_he	Chakupha, one of the Nethinim
H2710	bdb	cut in, inscribe, decree; cut in, cut in, on, upon, engrave, inscribe, trace, mark out, engrave, inscribe; cut in; cut in, on, upon, engrave, inscribe; trace, mark out; engrave, inscribe; inscribe, enact, prescriber, commander, commander’s staff; prescriber, commander; commander’s staff; that which is decreed; inscribed
H2710	strongs_he	properly, to hack, i.e. engrave (Judges 5:14, to be a scribe simply); by implication, to enact (laws being cut in stone or metal tablets in primitive times) or (gen.) prescribe
H2711	bdb	something prescribed, a statute, due; prescribed task; prescribed-portion; action prescribed, resolve; prescribed due; prescribed limit, boundary; enactment, decree, ordinance; enactments, statutes
H2711	strongs_he	an enactment, a resolution
H2712	bdb	חוּקֹק n.pr.loc. city in Asher 1 Ch 6:60; but rd. prob. חֶלְקַת (q.v.); [חֻקֹֿק] n.pr.loc. in tribe of Naphtali, only Jos 19:34
H2712	strongs_he	Chukkok or Chukok, a place in Palestine
H2713	bdb	search; search, for, search through, explore, search, searching, examining thoroughly; search, for; search through, explore, search, searching, examining thoroughly; search through, explore; search; searching; examining thoroughly; be searched out, found out, ascertained; he sought out
H2713	strongs_he	properly, to penetrate; hence, to examine intimately
H2714	bdb	searching; thing; searched out
H2714	strongs_he	examination, enumeration, deliberation
H2715	bdb	noble
H2715	strongs_he	properly, white or pure (from the cleansing or shining power of fire); hence (figuratively) noble (in rank)
H2716	bdb	dung
H2716	strongs_he	excrement
H2717	bdb	be waste, desolate; be waste, desolate; desolate; lay waste, make desolate; she is laid waste; be dry, dried up; be dry, dried up; drying up; attack, smite down; attack; the kings have attacked one another, fought together
H2717	strongs_he	to parch (through drought) i.e. (by analogy,) to desolate, destroy, kill
H2718	bdb	be waste
H2718	strongs_he	to demolish
H2719	bdb	sword
H2719	strongs_he	drought; also a cutting instrument (from its destructive effect), as a knife, sword, or other sharp implement
H2720	bdb	dry; waste; desolate
H2720	strongs_he	parched or ruined
H2721	bdb	dryness, drought, heat; dryness; drought; parching heat; desolation
H2721	strongs_he	drought or desolation
H2722	bdb	Horeb; waste; desert
H2722	strongs_he	Choreb, a (generic) name for the Sinaitic mountains
H2723	bdb	waste; desolation; ruin
H2723	strongs_he	properly, drought, i.e. (by implication) a desolation
H2724	bdb	dry ground
H2724	strongs_he	a desert
H2725	bdb	drought
H2725	strongs_he	parching heat
H2726	bdb	חַרְבוֹנָא n.pr.m. eunuch of Ahasuerus
H2726	strongs_he	Charbona or Charbonah, a eunuch of Xerxes
H2727	bdb	quake
H2727	strongs_he	properly, to leap suddenly, i.e. (by implication) to be dismayed
H2728	bdb	locust
H2728	strongs_he	the leaping insect, i.e. a locust
H2729	bdb	tremble, be terrified; tremble, quake, tremble, be anxiously careful, go, come trembling; tremble, quake; tremble; be anxiously careful; go, come trembling; drive in terror, rout
H2729	strongs_he	to shudder with terror; hence, to fear; also to hasten (with anxiety)
H2730	bdb	trembling
H2730	strongs_he	fearful; also reverential
H2731	bdb	trembling, fear, anxiety; trembling, quaking; anxious care
H2731	strongs_he	fear, anxiety
H2732	bdb	חֲרָדָה n.pr.loc. a station of Isr. in wilderness
H2732	strongs_he	Charadah, a place in the Desert
H2733	bdb	חֲרֹדִי adj.loc. only c. art., of Harod
H2733	strongs_he	a Charodite, or inhabitant of Charod
H2734	bdb	burn, be kindled; be angry; burned with zeal, in repairing, and kindled his anger against me; heat oneself in vexation, how canst thou hotly contend, with the horses, because thou strivest eagerly, in cedar
H2734	strongs_he	to glow or grow warm; figuratively (usually) to blaze up, of anger, zeal, jealousy
H2735	bdb	hollow; hollow of Gidgad
H2735	strongs_he	Chor-hag-Gidgad, a place in the Desert
H2736	bdb	חַרְחֲיָה n.pr.m. father of one of the builders of the wall, Neh.’s time Ne 3:8.
H2736	strongs_he	Charhajah, an Israelite
H2737	bdb	string of beads
H2737	strongs_he	properly, pierced, i.e. a bead of pearl, gems or jewels (as strung)
H2738	bdb	chickpea
H2738	strongs_he	properly, pointed, i.e. a bramble or other thorny weed
H2739	bdb	חֲרוּמַף n.pr.m. father of one of the builders of the wall Ne 3:10.
H2739	strongs_he	Charumaph, an Israelite
H2740	bdb	anger
H2740	strongs_he	a burning of anger
H2741	bdb	חֲרִיפִי Qr, חרופי Kt, adj.gent. c. art.
H2741	strongs_he	a Charuphite or inhabitant of Charuph (or Chariph)
H2742	bdb	sharp; diligent; trench; moat; gold; strict decision
H2742	strongs_he	properly, incised or (active) incisive; hence (as noun masculine or feminine) a trench (as dug), gold (as mined), a threshing-sledge (having sharp teeth); (figuratively) determination; also eager
H2743	bdb	חָרוּץ n.pr.m. father of king Amon’s mother 2 K 21:19
H2743	strongs_he	Charuts, an Israelite
H2744	bdb	חַרְחוּר n.pr.m. head of family of returning exiles
H2744	strongs_he	Charchur, one of the Nethinim
H2745	bdb	חַרְחַס n.pr.m. grandfather of Shallum, who was husband of Huldah the prophetess 2 K 22:14.
H2745	strongs_he	Charchas, an Israelite
H2746	bdb	violent heat; fever
H2746	strongs_he	fever (as hot)
H2747	bdb	graving-tool; stylus
H2747	strongs_he	a chisel or graver; also a style for writing
H2748	bdb	engraver; writer; diviner; astrologer; magician
H2748	strongs_he	a horoscopist (as drawing magical lines or circles)
H2749	bdb	magician
H2749	strongs_he	magician.
H2750	bdb	burning
H2750	strongs_he	a burning (i.e. intense) anger
H2751	bdb	white bread; cake
H2751	strongs_he	white bread
H2752	bdb	cave-dweller; Seir the Horite
H2752	strongs_he	a Chorite or aboriginal Idumaean
H2753	bdb	cave-dweller; Seir the Horite
H2753	strongs_he	Chori, the name of two men
H2754	bdb	bag; purse
H2754	strongs_he	properly, cut out (or hollow), i.e. (by implication) a pocket
H2755	bdb	dove’s dung
H2755	strongs_he	excrements of doves
H2756	bdb	autumn
H2756	strongs_he	Chariph, the name of two Israelites
H2757	bdb	a cut; thing cut; sharp instrument
H2757	strongs_he	properly, incisure or (passively) incised; hence, a threshing-sledge (with sharp teeth); also a slice (as cut)
H2758	bdb	ploughing; ploughing-time
H2758	strongs_he	ploughing or its season
H2759	bdb	a silent east wind; still; sultry
H2759	strongs_he	quiet, i.e. sultry (as feminine noun, the sirocco or hot east wind)
H2760	bdb	set in motion; start
H2760	strongs_he	to braid (i.e. to entangle or snare) or catch (game) in a net
H2761	bdb	singe
H2761	strongs_he	to scorch
H2762	bdb	lattice
H2762	strongs_he	properly, a net, i.e. (by analogy) lattice
H2763	bdb	ban, devote, exterminate; ban, devote; be put under the ban, devoted, devoted, forfeited; be put under the ban, devoted; devoted, forfeited; slit; mutilate
H2763	strongs_he	to seclude; specifically (by a ban) to devote to religious uses (especially destruction); physical and reflexive, to be blunt as to the nose
H2764	bdb	devoted thing; devotion, ban; net
H2764	strongs_he	physical (as shutting in) a net (either literally or figuratively); usually a doomed object; abstractly extermination
H2765	bdb	sacred
H2765	strongs_he	Chorem, a place in Palestine
H2766	bdb	consecrated
H2766	strongs_he	Charim, an Israelite
H2767	bdb	asylum
H2767	strongs_he	Chormah, a place in Palestine
H2768	bdb	Hermon; sacred
H2768	strongs_he	Chermon, a mount of Palestine
H2769	bdb	Hermon; sacred
H2769	strongs_he	Hermons, i.e. its peaks
H2770	bdb	sickle
H2770	strongs_he	a sickle (as cutting)
H2771	bdb	חָרָן n.pr.loc. city in northern Mesopotamia; חָרָן n.pr.m. son of Caleb of Judah
H2771	strongs_he	Charan, the name of a man and also of a place
H2772	bdb	place of a hole; hollow
H2772	strongs_he	a Choronite or inhabitant of Choronaim
H2773	bdb	two hollows; caves; ravines
H2773	strongs_he	Choronajim, a place in Moab
H2774	bdb	חַרְנֶ֫פֶר n.pr.m. name in tribe of Asher 1 Ch 7:36 = n.pr.loc.
H2774	strongs_he	Charnepher, an Israelite
H2775	bdb	an eruptive disease; itch; sun
H2775	strongs_he	the sun
H2776	bdb	[חֶ֫רֶס] n.pr.loc. abode of Amorites place E. of Jordan
H2776	strongs_he	Cheres, a mountain in Palestine
H2777	bdb	potsherd
H2777	strongs_he	a potsherd, i.e. (by implication) a pottery; the name of a gate at Jerusalem
H2778	bdb	reproach; reproach, say sharp things against, taunt; acquire; remain in harvest time
H2778	strongs_he	to pull off, i.e. (by implication) to expose (as by stripping); specifically, to betroth (as if a surrender); figuratively, to carp at, i.e. defame; to spend the winter
H2779	bdb	harvest-time; autumn
H2779	strongs_he	properly, the crop gathered, i.e. (by implication) the autumn (and winter) season; figuratively, ripeness of age
H2780	bdb	חָרֵף n.pr.m. a chief of the line of Judah 1 Ch 2:51.
H2780	strongs_he	Chareph, an Israelite
H2781	bdb	reproach; taunt; reproach, shame, disgrace; a reproach
H2781	strongs_he	contumely, disgrace, the pudenda
H2782	bdb	cut, sharpen, decide; cut, mutilate, sharpen, decide; cut, mutilate; sharpen; decide; decisive
H2782	strongs_he	properly, to point sharply, i.e. (literally) to wound; figuratively, to be alert, to decide
H2783	bdb	loin
H2783	strongs_he	the loin (as the seat of strength)
H2784	bdb	bond; fetter; pang
H2784	strongs_he	a fetter; figuratively, a pain
H2785	bdb	grape-kernels; grape-stones
H2785	strongs_he	a sour grape (as sharp in taste)
H2786	bdb	gnash; grind
H2786	strongs_he	to grate the teeth
H2787	bdb	be hot, scorched, burn; be hot, scorched, burn, be burned, burn; be hot, scorched; burn, be burned; burn; be scorched, burn, be parched; be scorched; burn, be parched; to kindle strife
H2787	strongs_he	to glow, i.e. literally (to melt, burn, dry up) or figuratively (to show or incite passion)
H2788	bdb	parched place
H2788	strongs_he	arid
H2789	bdb	earthenware; earthen vessel; sherd; potsherd
H2789	strongs_he	a piece of pottery
H2790	bdb	be silent, dumb, speechless, be deaf; be silent, be deaf; be silent; be deaf; be silent, exhibit silence, make silent, be deaf, shew deafness; be silent, exhibit silence; make silent; be deaf, shew deafness; cut in, engrave, plough, devise; cut in, engrave, plough, devise; cut in, engrave; plough; devise; shall be ploughed; fabricating mischief against
H2790	strongs_he	to scratch, i.e. (by implication) to engrave, plough; hence (from the use of tools) to fabricate (of any material); figuratively, to devise (in a bad sense); hence (from the idea of secrecy) to be silent, to let alone; hence (by implication) to be deaf (as an accompaniment of dumbness)
H2791	bdb	magic art; magic drug; skilled in magic arts; drugs; silently; secretly; exploring secretly
H2791	strongs_he	magical craft; also silence
H2792	bdb	חֶ֫רֶשׁ n.pr.m. a Levite 1 Ch 9:15
H2792	strongs_he	Cheresh, a Levite
H2793	bdb	wood; wooded height
H2793	strongs_he	a forest (perhaps as furnishing the material for fabric)
H2794	bdb	cut in, engrave, plough, devise; cut in, engrave, plough, devise; cut in, engrave; plough; devise; shall be ploughed; fabricating mischief against
H2794	strongs_he	a fabricator or mechanic
H2795	bdb	deaf
H2795	strongs_he	deaf (whether literally or spiritual)
H2796	bdb	graver; artificer
H2796	strongs_he	a fabricator or any material
H2797	bdb	חַרְשָׁא n.pr.m. head of a family of returning exiles
H2797	strongs_he	Charsha, one of the Nethinim
H2798	bdb	cut in, engrave, plough, devise; cut in, engrave, plough, devise; cut in, engrave; plough; devise; shall be ploughed; fabricating mischief against
H2798	strongs_he	mechanics, the name of a valley in Jerusalem
H2799	bdb	carving; skilful working
H2799	strongs_he	mechanical work
H2800	bdb	Ḥarosheth of the nations
H2800	strongs_he	Charosheth, a place in Palestine
H2801	bdb	grave; engrave
H2801	strongs_he	to engrave
H2802	bdb	[חֶרֶת] n.pr.loc., only in 1 S 22:5.
H2802	strongs_he	Chereth, a thicket in Palestine
H2803	bdb	think, account; think, account, devise, plan, mean, charge, impute, esteem, value, regard, invent, think, devise, plan, mean, inpute, reckon, esteem, value, regard, invent; think, account, devise, plan, mean, charge, impute, esteem, value, regard, invent; think, account; devise, plan, mean; charge, impute; esteem, value, regard; invent; think, devise, plan, mean, inpute, reckon, esteem, value, regard, invent; think; devise, plan, mean; inpute, reckon; esteem, value, regard; invent; be accounted, thought, esteemed, be computed, reckoned, be imputed to any one; be accounted, thought, esteemed; be computed, reckoned; be imputed to any one; think upon, consider, be mindful of, think, devise, plan, count, reckon; think upon, consider, be mindful of; think, devise, plan; count, reckon; among the nations it shall not reckon itself
H2803	strongs_he	properly, to plait or interpenetrate, i.e. (literally) to weave or (generally) to fabricate; figuratively, to plot or contrive (usually in a malicious sense); hence (from the mental effort) to think, regard, value, compute
H2804	bdb	think; account
H2804	strongs_he	to regard
H2805	bdb	ingenious work; girdle; band; cunningly woven band
H2805	strongs_he	a belt or strap (as being interlaced)
H2806	bdb	חַשְׁבַּדָּנָה n.pr.m. one of those who stood with Ezra at the reading of the law Ne 8:4
H2806	strongs_he	Chasbaddanah, an Israelite
H2807	bdb	consideration
H2807	strongs_he	Cashubah, an Israelite
H2808	bdb	reckoning; account
H2808	strongs_he	properly, contrivance; by implication, intelligence
H2809	bdb	חֶשְׁבּוֹן n.pr.loc. of the city of Sihon king of the Amorites
H2809	strongs_he	Cheshbon, a place East of the Jordan
H2810	bdb	device; invention
H2810	strongs_he	a contrivance, i.e. actual (a warlike machine) or mental (a machination)
H2811	bdb	Yah, u, has taken account
H2811	strongs_he	Chashabjah, the name of nine Israelites
H2812	bdb	חֲשַׁבְנָה n.pr.m. a chief of the people, Nehemiah’s time
H2812	strongs_he	Chashnah, an Israelite
H2813	bdb	חֲשַׁבְנְיָה n.pr.m. father of a builder at the wall a Levite
H2813	strongs_he	Chashabnejah, the name of two Israelites
H2814	bdb	be silent, inactive, still; be silent; exhibit silence, be silent, shew inactivity, make still, quiet; exhibit silence, be silent; shew inactivity; make still, quiet
H2814	strongs_he	to hush or keep quiet
H2815	bdb	considerate
H2815	strongs_he	Chashshub, the name of two or three Israelites
H2816	bdb	darkness
H2816	strongs_he	the dark
H2817	bdb	חֲשׂוּפָא, חֲשֻׂפָא n.pr.m. head of a family of Nethinim among the returning exiles
H2817	strongs_he	Chasupha, one of the Nethinim
H2818	bdb	thing needed; need
H2818	strongs_he	to be necessary (from the idea of convenience) or (transitively) to need
H2819	bdb	things needed; requirement
H2819	strongs_he	necessity
H2820	bdb	withhold, refrain; withhold, keep back, keep for oneself, keep, hold in check, refrain, spare, reserve, restrain, check, assuage; withhold, keep back, keep for oneself, keep, hold in check, refrain, spare, reserve; withhold, keep back, keep for oneself; keep; hold in check; refrain; spare; reserve; restrain, check, assuage; at the day of calamity the wicked is spared
H2820	strongs_he	to restrain or (reflex.) refrain; by implication, to refuse, spare, preserve; to observe
H2821	bdb	be; grow dark
H2821	strongs_he	to be dark (as withholding light); transitively, to darken
H2822	bdb	darkness, obscurity; darkness; secret place(s), hiding-place
H2822	strongs_he	the dark; hence (literally) darkness; figuratively, misery, destruction, death, ignorance, sorrow, wickedness
H2823	bdb	obscure; low
H2823	strongs_he	dark (figuratively, i.e. obscure)
H2824	bdb	darkness
H2824	strongs_he	darkness
H2825	bdb	darkness
H2825	strongs_he	darkness; figuratively, misery
H2826	bdb	shatter; all the shattered ones
H2826	strongs_he	to make (intrans. be) unsteady, i.e. weak
H2827	bdb	shatter
H2827	strongs_he	to weaken, i.e. crush
H2828	bdb	חָשֻׁם n.pr.m. head of a family of returned exiles
H2828	strongs_he	Chashum, the name of two or three Israelites
H2829	bdb	חֶשְׁמוֹן n.pr.loc. town in southern Judah, site unknown Jos 15:27.
H2829	strongs_he	Cheshmon, a place in Palestine
H2830	bdb	shining; amber
H2830	strongs_he	probably bronze or polished spectrum metal
H2831	bdb	ambassadors
H2831	strongs_he	wealthy
H2832	bdb	חַשְׁמֹנָה n.pr.loc. a station of Isr. in wilderness
H2832	strongs_he	Chasmonah, a place in the Desert
H2833	bdb	breast-piece; sacred pouch
H2833	strongs_he	perhaps a pocket (as holding the Urim and Thummim), or rich (as containing gems), used only of the gorget of the highpriest
H2834	bdb	strip off; strip; make bare
H2834	strongs_he	to strip off, i.e. generally to make naked (for exertion or in disgrace), to drain away or bail up (a liquid)
H2835	bdb	two little flocks of goats
H2835	strongs_he	properly, drawn off, i.e. separated; hence, a small company (as divided from the rest)
H2836	bdb	furnish with fillets; rings; be attached to; love
H2836	strongs_he	to cling, i.e. join, (figuratively) to love, delight in; elliptically; to deliver
H2837	bdb	desire
H2837	strongs_he	delight
H2838	bdb	fillet; ring; binding
H2838	strongs_he	attached, i.e. a fence-rail or rod connecting the posts or pillars
H2839	bdb	spoke; binding
H2839	strongs_he	conjoined, i.e. a wheel-spoke or rod connecting the hub with the rim
H2840	bdb	nave; hub; gathers in
H2840	strongs_he	combined, i.e. the nave or hub of a wheel (as holding the spokes together)
H2841	bdb	collection; mass
H2841	strongs_he	properly, a combination or gathering, i.e. of watery clouds
H2842	bdb	chaff
H2842	strongs_he	dry grass
H2843	bdb	חֻשָׁתִי adj.gent. of foregoing [h.bo.ab]:—1. of individ.
H2843	strongs_he	a Chushathite or descendant of Chushah
H2844	bdb	shattered; dismayed; terror; fear
H2844	strongs_he	concretely, crushed; also afraid; abstractly, terror
H2845	bdb	חֵת n.pr.m. appar. represented as ancestor of Hittites
H2845	strongs_he	Cheth, an aboriginal Canaanite
H2846	bdb	snatch up
H2846	strongs_he	to lay hold of; especially to pick up fire
H2847	bdb	terror
H2847	strongs_he	fear
H2848	bdb	bandage
H2848	strongs_he	swathed, i.e. a bandage
H2849	bdb	terror
H2849	strongs_he	terror
H2850	bdb	Hittite; s
H2850	strongs_he	a Chittite, or descendant of Cheth
H2851	bdb	terror
H2851	strongs_he	fear
H2852	bdb	divide; determine
H2852	strongs_he	properly, to cut off, i.e. (figuratively) to decree
H2853	bdb	entwine, enwrap; be swathed, swaddled
H2853	strongs_he	to swathe
H2854	bdb	swaddling-band
H2854	strongs_he	a swathing cloth (figuratively)
H2855	bdb	חֶתְלֹן n.pr.loc., on the extreme northern boundary of Isr. territory (in Ezek.’s conception)
H2855	strongs_he	Chethlon, a place in Palestine
H2856	bdb	seal, affix seal, seal up; seal, affix one’s seal, seal up, fasten up by sealing; seal, affix one’s seal; seal up, fasten up by sealing; written and sealed; by day they seal up for themselves; or hath his flesh, shewn stoppage by reason of his flux
H2856	strongs_he	to close up; especially to seal
H2857	bdb	seal
H2857	strongs_he	to seal
H2858	bdb	signet-ring
H2858	strongs_he	a seal
H2859	bdb	make oneself a daughter's husband; wife's father; wife's mother
H2859	strongs_he	to give (a daughter) away in marriage; hence (generally) to contract affinity by marriage
H2860	bdb	daughter's husband, bridegroom; daughter’s husband, bridegroom; bridegroom
H2860	strongs_he	a relative by marriage (especially through the bride); figuratively, a circumcised child (as a species of religious espousal)
H2861	bdb	marriage; wedding
H2861	strongs_he	a wedding
H2862	bdb	seize; snatch away
H2862	strongs_he	to clutch
H2863	bdb	prey
H2863	strongs_he	properly, rapine; figuratively, robbery
H2864	bdb	dig; row
H2864	strongs_he	to force a passage, as by burglary; figuratively, with oars
H2865	bdb	be shattered, dismayed; be shattered, broken, be dismayed; be shattered, broken; be dismayed; he is put in awe; dismay, scare; shatter, cause to be dismayed, dismay, terrify; shatter; cause to be dismayed, dismay, terrify; cause to be dismayed; dismay, terrify
H2865	strongs_he	properly, to prostrate; hence, to break down, either (literally) by violence, or (figuratively) by confusion and fear
H2866	bdb	terror
H2866	strongs_he	dismay
H2867	bdb	חֲתַת n.pr.m. son of Othniel and grandson of Kenaz (brother of Caleb), 1 Ch 4:13.
H2867	strongs_he	Chathath, an Israelite
H2868	bdb	be good
H2868	strongs_he	to rejoice
H2869	bdb	good
H2869	strongs_he	good
H2870	bdb	טָֽבְאֵל n.pr.m. Persian officer in Samaria Ezr 4:7; good-for-nothing
H2870	strongs_he	Tabeel, the name of a Syrian and of a Persian
H2871	bdb	turban; turbans on their heads; with pendant turbans
H2871	strongs_he	properly, dyed, i.e. a turban (probably as of colored stuff)
H2872	bdb	highest part; centre
H2872	strongs_he	properly, accumulated; i.e. (by implication) a summit
H2873	bdb	slaughter; butcher; slay
H2873	strongs_he	to slaughter (animals or men)
H2874	bdb	slaughtering; slaughter
H2874	strongs_he	properly, something slaughtered; hence, a beast (or meat, as butchered); abstractly butchery (or concretely, a place of slaughter)
H2875	bdb	טֶ֫בַח n.pr.m. son of Nahor by his concubine Gn 22:24
H2875	strongs_he	Tebach, the name of a Mesopotamian and of an Israelite
H2876	bdb	cook; guardsman
H2876	strongs_he	properly, a butcher; hence, a lifeguardsman (because he was acting as an executioner); also a cook (usually slaughtering the animal for food)
H2877	bdb	guardsman
H2877	strongs_he	a lifeguardsman
H2878	bdb	thing slaughtered; slaughtered meat; slaughter
H2878	strongs_he	flesh, slaughter.
H2879	bdb	female cook
H2879	strongs_he	a female cook
H2880	bdb	טִבְחַת n.pr.loc. a Syrian city
H2880	strongs_he	Tibchath, a place in Syria
H2881	bdb	dip
H2881	strongs_he	to dip, to immerse
H2882	bdb	hath dipped; purified
H2882	strongs_he	Tebaljah, an Israelite
H2883	bdb	sink, sink down; sink, sink down; be sunk; be sunk, settled, planted
H2883	strongs_he	to sink
H2884	bdb	טַבָּעוֹת n.pr.m. a family name among the Nethinim
H2884	strongs_he	Tabbaoth, one of the Nethinim
H2885	bdb	signet, signet-ring, ring; signet-ring; ring
H2885	strongs_he	properly, a seal (as sunk into the wax), i.e. signet (for sealing); hence (generally) a ring of any kind
H2886	bdb	Ramman is good; is wise
H2886	strongs_he	Tabrimmon, a Syrian
H2887	bdb	טֵבֶ֑ת n.pr. 10th month = Dec.-Jan., Est 2:16
H2887	strongs_he	Tebeth, the tenth Hebrew month
H2888	bdb	טַבָּ֑ת n.pr.loc. Ju 7:22, spot near which Gideon’s pursuit of Midianites ended, site unknown.
H2888	strongs_he	Tabbath, a place East of the Jordan
H2889	bdb	clean; pure
H2889	strongs_he	pure (in a physical, chemical, ceremonial or moral sense)
H2890	bdb	clean; pure
H2890	strongs_he	purity
H2891	bdb	be clean, pure; be clean, be clean ceremonially, be clean morally; be clean; be clean ceremonially; be clean morally; cleanse, purify, pronounce clean, perform the ceremony of cleansing; cleanse, purify; pronounce clean; perform the ceremony of cleansing; a land not cleansed; purify oneself, present oneself for purification; purify oneself; present oneself for purification
H2891	strongs_he	to be pure (physical sound, clear, unadulterated; Levitically, uncontaminated; morally, innocent or holy)
H2892	bdb	clearness; lustre; purity; purifying
H2892	strongs_he	literally brightness; ceremonially purification
H2893	bdb	purifying, cleansing; purifying, menstruation; cleansing, purification
H2893	strongs_he	ceremonial purification; moral purity
H2894	bdb	and I will sweep it with the besom of destruction
H2894	strongs_he	to sweep away
H2895	bdb	pleasing, good; be pleasant, delightful, be glad, joyful, art thou really better than Balak, be well with, good for, be pleasing; be pleasant, delightful; be glad, joyful; art thou really better than Balak; be well with, good for; be pleasing; do well, act right
H2895	strongs_he	to be (transitively, do or make) good (or well) in the widest sense
H2896	bdb	a good thing, benefit, welfare; welfare, prosperity, happiness; good things; good, benefit; moral good; pleasant, agreeable, good; pleasant, agreeable; pleasant, agreeable, pleasing, well; good, excellent; good, rich, valuable; good, appropriate, becoming; better; glad, happy, prosperous; good understanding; good, kind, benign; good, right; welfare, benefit, good things, good; welfare, prosperity, happiness; good things; bounty, good
H2896	strongs_he	good (as an adjective) in the widest sense; used likewise as a noun, both in the masculine and the feminine, the singular and the plural (good, a good or good thing, a good man or woman; the good, goods or good things, good men or women), also as an adverb (well)
H2897	bdb	טוֹב n.pr.loc. a region beyond Jordan, N. or NE. of Gilead, prob. Aramean
H2897	strongs_he	Tob, a region apparently East of the Jordan
H2898	bdb	good things; goods; goodness
H2898	strongs_he	good (as a noun), in the widest sense, especially goodness (superlative concretely, the best), beauty, gladness, welfare
H2899	bdb	good is my Lord
H2899	strongs_he	Tob-Adonijah, an Israelite
H2900	bdb	Yah, u, is my good
H2900	strongs_he	Tobijah, the name of three Israelites and of one Samaritan
H2901	bdb	spin
H2901	strongs_he	to spin
H2902	bdb	over-spread, over-lay, coat, besmear; over-spread, coat; be coated; be besmeared
H2902	strongs_he	to smear, especially with lime
H2903	bdb	bands; bands; frontlet-bands; between the eyes
H2903	strongs_he	a fillet for the forehead
H2904	bdb	hurl, cast; hurleth thee; cast, cast out; be hurled, be cast, thrown; be hurled; be cast, thrown
H2904	strongs_he	to pitch over or reel; hence (transitively) to cast down or out
H2905	bdb	row; row, course; row
H2905	strongs_he	a row; hence, a wall
H2906	bdb	mountain
H2906	strongs_he	a rock or hill
H2907	bdb	rush; dart
H2907	strongs_he	to pounce as a bird of prey
H2908	bdb	fastingly; hungrily
H2908	strongs_he	hunger (as twisting)
H2909	bdb	hurl; shoot
H2909	strongs_he	to stretch a bow, as an archer
H2910	bdb	inward parts; covered over
H2910	strongs_he	(in the plural only) the kidneys (as being covered); hence (figuratively) the inmost thought
H2911	bdb	grinding-mill; hand-mill
H2911	strongs_he	a hand mill; hence, a millstone
H2912	bdb	grind
H2912	strongs_he	to grind meal; hence, to be a concubine (that being their employment)
H2913	bdb	mill
H2913	strongs_he	a hand mill; hence (figuratively) chewing
H2914	bdb	tumours
H2914	strongs_he	a boil or ulcer (from the inflammation), especially a tumor in the anus or pudenda (the piles)
H2915	bdb	a coating
H2915	strongs_he	mortar or plaster
H2916	bdb	mud; mire; clay
H2916	strongs_he	mud or clay; figuratively, calamity
H2917	bdb	clay
H2917	strongs_he	clay
H2918	bdb	encampment; battlement
H2918	strongs_he	a wall; hence, a fortress or a hamlet
H2919	bdb	night-mist; dew
H2919	strongs_he	dew (as covering vegetation)
H2920	bdb	dew
H2920	strongs_he	dew.
H2921	bdb	patch, spot; spotted, variegated, variegated; patched
H2921	strongs_he	properly, to cover with pieces; i.e. (by implication) to spot or variegate (as tapestry)
H2922	bdb	lamb
H2922	strongs_he	a lamb
H2923	bdb	טְלָאִים n.pr.loc. c. art., place where Saul mustered his forces 1 S 15:4
H2923	strongs_he	Telaim, a place in Palestine
H2924	bdb	lamb
H2924	strongs_he	a lamb
H2925	bdb	a hurling
H2925	strongs_he	overthrow or rejection
H2926	bdb	cover over; roof
H2926	strongs_he	properly, to strew over, i.e. (by implication) to cover in or plate (with beams)
H2927	bdb	have shade
H2927	strongs_he	to cover with shade
H2928	bdb	טֶ֫לֶם n.pr.loc. et pers. n.pr.loc. in the Negeb of Judah n.pr.m. one of the porters
H2928	strongs_he	Telem, the name of a place in Idumaea, also of a temple doorkeeper
H2929	bdb	טַלְמֹן, once טַלְמוֹן n.pr.m. name of porters
H2929	strongs_he	Talmon, a temple doorkeeper
H2930	bdb	be, become unclean; be, become unclean; defile oneself, be defiled; defile; myself is not polluted; defile oneself; after that she has been defiled; uncleanness
H2930	strongs_he	to be foul, especially in a ceremial or moral sense (contaminated)
H2931	bdb	unclean
H2931	strongs_he	foul in a religious sense
H2932	bdb	uncleanness
H2932	strongs_he	religious impurity
H2933	bdb	we are stopped up; stupid
H2933	strongs_he	to be impure in a religious sense
H2934	bdb	hide, conceal; hide, hiding, concealing, secretly laying, that which is darkened, darkness; hide; hiding, concealing, secretly laying; that which is darkened, darkness; hide thyself in the dust; and they went and hid
H2934	strongs_he	to hide (by covering over)
H2935	bdb	basket
H2935	strongs_he	a basket (of interlaced osiers)
H2936	bdb	soil; defile
H2936	strongs_he	to soil
H2937	bdb	wander, stray; like a wandering, woman; they have led astray my people
H2937	strongs_he	to wander; causatively to lead astray
H2938	bdb	taste; perceive
H2938	strongs_he	to taste; figuratively, to perceive
H2939	bdb	feed
H2939	strongs_he	to taste; causatively to feed
H2940	bdb	taste; judgment
H2940	strongs_he	properly, a taste, i.e. (figuratively) perception; by implication, intelligence; transitively, a mandate
H2941	bdb	taste; judgment; command
H2941	strongs_he	properly, a taste, i.e. a judicial sentence
H2942	bdb	taste; judgment; command
H2942	strongs_he	properly, flavor; figuratively, judgment (both subjective and objective); hence, account (both subjectively and objectively)
H2943	bdb	load
H2943	strongs_he	to load a beast
H2944	bdb	pierce
H2944	strongs_he	to stab
H2945	bdb	children; quick; tripping
H2945	strongs_he	a family (mostly used collectively in the singular)
H2946	bdb	extend; spread
H2946	strongs_he	to flatten out or extend (as a tent); figuratively, to nurse a child (as promotive of growth);
H2947	bdb	a span; hand-breadth; coping
H2947	strongs_he	a spread of the hand, i.e. a palm-breadth (not 'span' of the fingers); architecturally, a corbel (as a supporting palm)
H2948	bdb	span; hand-breadth
H2948	strongs_he	(the same as 2947)
H2949	bdb	dandling
H2949	strongs_he	nursing
H2950	bdb	smear; plaster; stick; glue
H2950	strongs_he	properly, to stick on as a patch; figuratively, to impute falsely
H2951	bdb	scribe; marshal
H2951	strongs_he	a military governor
H2952	bdb	trip; take quick little steps
H2952	strongs_he	to trip (with short steps) coquettishly
H2953	bdb	nail; claw
H2953	strongs_he	a finger-nail; also a hoof or claw
H2954	bdb	be gross
H2954	strongs_he	properly, apparently to be thick; figuratively, to be stupid
H2955	bdb	טָפַת n.pr.f. daughter of Solomon, & wife of בֶּן־אֲבִינָדָב 1 K 4:11.
H2955	strongs_he	Taphath, an Israelitess
H2956	bdb	pursue; chase; be continuous
H2956	strongs_he	to drive on; figuratively, to follow close
H2957	bdb	chase away
H2957	strongs_he	to expel
H2958	bdb	not yet; ere; before that
H2958	strongs_he	not yet
H2959	bdb	toil; be burdened
H2959	strongs_he	to overburden
H2960	bdb	burden
H2960	strongs_he	a burden
H2961	bdb	fresh
H2961	strongs_he	properly, dripping; hence, fresh (i.e. recently made such)
H2962	bdb	not yet; ere; before that
H2962	strongs_he	properly, non-occurrence; used adverbially, not yet or before
H2963	bdb	tear, rend, pluck; tear, rend; torn; Joseph has certainly been torn in pieces; let me devour my appointed bread
H2963	strongs_he	to pluck off or pull to pieces; causatively to supply with food (as in morsels)
H2964	bdb	prey; food; leaf
H2964	strongs_he	something torn, i.e. a fragment, e.g. a fresh leaf, prey, food
H2965	bdb	fresh-plucked
H2965	strongs_he	recently torn off, i.e. fresh
H2966	bdb	animal torn; torn flesh
H2966	strongs_he	prey, i.e. flocks devoured by animals
H2967	bdb	טַרְפְּלָיֵא n.pr.gent. so most, Ezr 4:9
H2967	strongs_he	a Tarpelite (collectively) or inhabitants of Tarpel, a place in Assyria
H2968	bdb	long; desire
H2968	strongs_he	to desire
H2969	bdb	befit; be befitting
H2969	strongs_he	to be suitable
H2970	bdb	Yahweh heareth
H2970	strongs_he	Jaazanjah, the name of four Israelites
H2971	bdb	he enlightens, one giving light
H2971	strongs_he	Jair, the name of four Israelites
H2972	bdb	יָאִירִי adj.gent. Jairite 2 S 20:26.
H2972	strongs_he	a Jairite or descendant of Jair
H2973	bdb	be foolish; do, act foolishly, shew wicked folly, become fools; shew wicked folly; become fools
H2973	strongs_he	properly, to be slack, i.e. (figuratively) to be foolish
H2974	bdb	shew willingness; be pleased; determine; undertake
H2974	strongs_he	properly, to yield, especially assent; hence (pos.) to undertake as an act of volition
H2975	bdb	stream of the Nile; stream; canal
H2975	strongs_he	a channel, e.g. a fosse, canal, shaft; specifically the Nile, as the one river of Egypt, including its collateral trenches; also the Tigris, as the main river of Assyria
H2976	bdb	despair; despair; to make my heart despair, concerning all the toil
H2976	strongs_he	to desist, i.e. (figuratively) to despond
H2977	bdb	supporteth
H2977	strongs_he	Joshijah, the name of two Israelites
H2978	bdb	entrance
H2978	strongs_he	an entry
H2979	bdb	יְאָֽתְרַי n.pr.m. an ancestor of Asaph
H2979	strongs_he	Jeatherai, an Israelite
H2980	bdb	cry shrilly
H2980	strongs_he	to bawl
H2981	bdb	produce
H2981	strongs_he	produce, i.e. a crop or (figuratively) wealth
H2982	bdb	Jebus
H2982	strongs_he	Jebus, the original name of Jerusalem
H2983	bdb	Jebusite, Jebusites; Jerusalem
H2983	strongs_he	a Jebusite or inhabitant of Jebus
H2984	bdb	He; Ēl; chooses
H2984	strongs_he	Jibchar, an Israelite
H2985	bdb	one who is intelligent; discerning
H2985	strongs_he	Jabin, the name of two Canaanitish kings
H2986	bdb	conduct, bear along; bear along, carry away; bear along; carry away; be borne along, be borne, be led, conducted; be borne along; be borne; be led, conducted
H2986	strongs_he	properly, to flow; causatively, to bring (especially with pomp)
H2987	bdb	bear along; carry
H2987	strongs_he	to bring
H2988	bdb	watercourse; stream; conduit
H2988	strongs_he	a stream
H2989	bdb	יָבָל n.pr.m. son of Lamech by Adah, and founder of pastoral life acc. to Gn 4:20 (J)
H2989	strongs_he	Jabal, an antediluvian
H2990	bdb	running; suppurating
H2990	strongs_he	having running sores
H2991	bdb	יִבְלְעָם n.pr.loc. a city of Manasseh in West-Jordan land
H2991	strongs_he	Jibleam, a place in Palestine
H2992	bdb	do duty of; to
H2992	strongs_he	to marry a (deceased) brother's widow
H2993	bdb	husband’s brother
H2993	strongs_he	a brother-in-law
H2994	bdb	sister-in-law
H2994	strongs_he	a sister-in-law
H2995	bdb	Ēl causeth to build
H2995	strongs_he	Jabneel, the name of two places in Palestine
H2996	bdb	he causeth to build
H2996	strongs_he	Jabneh, a place in Palestine
H2997	bdb	Yah buildeth up
H2997	strongs_he	Jibnejah, an Israelite
H2998	bdb	יִבְנְיָה n.pr.m. (id. [b.cb.ak]) a Benjamite 1 Ch 9:8b
H2998	strongs_he	Jibnijah, an Israelite
H2999	bdb	יַבֹּק n.pr.fl. it empties into Jordan from East, in latitude of Shechem, called (southern) boundary of Ammon, and (northern) of Amorites; but some confusion
H2999	strongs_he	Jabbok, a river east of the Jordan
H3000	bdb	Yah blesseth
H3000	strongs_he	Jeberekjah, an Israelite
H3001	bdb	be dry, dried up, withered; be dry, dried up without moisture, be dried up; be dry, dried up without moisture; be dried up; make dry, dry up; dry up, make dry, dry up water, make dry, wither, exhibit dryness; dry up water; make dry, wither; exhibit dryness
H3001	strongs_he	to be ashamed, confused or disappointed; also (as failing) to dry up (as water) or wither (as herbage)
H3002	bdb	dry; dried
H3002	strongs_he	dry
H3003	bdb	Jabesh of Gilead
H3003	strongs_he	Jobesh, the name of an Israelite and of a place in Palestine
H3004	bdb	dry land; dry ground
H3004	strongs_he	dry ground
H3005	bdb	יִבְשָׂם n.pr.m. a descendant of Issachar 1 Ch 7:2.
H3005	strongs_he	Jibsam, an Israelite
H3006	bdb	יַבֶּ֫שֶׁת n.f. id. [j.aj.ad], made by God’s hand; water shall become blood
H3006	strongs_he	dry ground
H3007	bdb	earth
H3007	strongs_he	dry land
H3008	bdb	He redeems
H3008	strongs_he	Jigal, the name of three Israelites
H3009	bdb	till; be husbandman
H3009	strongs_he	to dig or plow
H3010	bdb	field
H3010	strongs_he	a plowed field
H3011	bdb	exalted
H3011	strongs_he	Jogbehah, a place East of the Jordan
H3012	bdb	Yah; u; is great
H3012	strongs_he	Jigdaljah, an Israelite
H3013	bdb	suffer; grieved; grieve; cause grief, sorrow
H3013	strongs_he	to grieve
H3014	bdb	thrust away
H3014	strongs_he	to push away
H3015	bdb	grief; sorrow
H3015	strongs_he	affliction
H3016	bdb	fearing
H3016	strongs_he	fearful
H3017	bdb	יָגוּר n.pr.loc. a southern city of Judah, toward Edom Jos 15:21.
H3017	strongs_he	Jagur, a place in Palestine
H3018	bdb	toil; product
H3018	strongs_he	toil; hence, a work, produce, property (as the result of labor)
H3019	bdb	weary
H3019	strongs_he	tired
H3020	bdb	led into exile
H3020	strongs_he	Jogli, an Israelite
H3021	bdb	toil, grow, be weary; toil, labour, grow, be weary; toil, labour; grow, be weary; weary, make weary; make to toil
H3021	strongs_he	properly, to gasp; hence, to be exhausted, to tire, to toil
H3022	bdb	gain; labour
H3022	strongs_he	earnings (as the product of toil)
H3023	bdb	weary; wearisome
H3023	strongs_he	tired; hence (transitive) tiresome
H3024	bdb	wearying
H3024	strongs_he	fatigue
H3025	bdb	be afraid; fear
H3025	strongs_he	to fear
H3026	bdb	heap; testimony
H3026	strongs_he	Jegar-Sahadutha, a cairn East of the Jordan
H3027	bdb	hand; hand; strength, power; side; sign, monument, part, fractional part, share, time, repetition, axle-trees, stays, supports, tenons, a, hand; sign, monument; part, fractional part, share; time, repetition; axle-trees; stays, supports; tenons; a, hand
H3027	strongs_he	a hand (the open one [indicating power, means, direction, etc.], in distinction from 3709, the closed one); used (as noun, adverb, etc.) in a great variety of applications, both literally and figuratively, both proximate and remote [as follows]
H3028	bdb	hand; hand; power
H3028	strongs_he	hand, power.
H3029	bdb	praise
H3029	strongs_he	to praise
H3030	bdb	יִדְאֲלָה n.pr.loc. in Zebulun Jos 19:15
H3030	strongs_he	Jidalah, a place in Palestine
H3031	bdb	יִדְבָּשׁ n.pr.m. a son of Etam ? 1 Ch 4:3
H3031	strongs_he	Jidbash, an Israelite
H3032	bdb	cast
H3032	strongs_he	properly, to handle, i.e. to throw, e.g. lots
H3033	bdb	love
H3033	strongs_he	properly, affection; concretely, a darling object
H3034	bdb	throw, cast; shoot, at; and they cast, on me; give thanks, laud, praise, confess; give thanks, laud, praise; confess; confess, give thanks; confess; give thanks
H3034	strongs_he	physically, to throw (a stone, an arrow) at or away; especially to revere or worship (with extended hands); intensively, to bemoan (by wringing the hands)
H3035	bdb	יִדּוֹ n.pr.m. a Manassite one of those who took foreign wives
H3035	strongs_he	Jiddo, an Israelite
H3036	bdb	יָדוֹן n.pr.m. a Meronothite, one of the builders of the walls of Jerusalem Ne 3:7.
H3036	strongs_he	Jadon, an Israelite
H3037	bdb	יַדּוּעַ n.pr.m. a chief of the people, one of those sealed a priest, prob. the high priest in time of Alexander the Great
H3037	strongs_he	Jaddua, the name of two Israelites
H3038	bdb	יְדוּתוּן, יְדֻתוּן n.pr.m. chief of one of the three choirs of the temple
H3038	strongs_he	Jeduthun, an Israelite
H3039	bdb	beloved; my beloved; lovely; a song of love
H3039	strongs_he	loved
H3040	bdb	beloved
H3040	strongs_he	Jedidah, an Israelitess
H3041	bdb	beloved of Yah
H3041	strongs_he	Jedidejah, a name of Solomon
H3042	bdb	יְדָיָה n.pr.m. a Simeonite chief a builder at the wall
H3042	strongs_he	Jedajah, the name of two Israelites
H3043	bdb	יְדִיעֲאֵל n.pr.m. a Benjamite one of David’s heroes a Korahite porter
H3043	strongs_he	Jediael, the name of three Israelites
H3044	bdb	יִדְלָ֑ף n.pr.m. son of Nahor Gn 22:22 (J)
H3044	strongs_he	Jidlaph, a Mesopotamian
H3045	bdb	know; know, learn to know, perceive, perceive and see, find out and discern, discriminate, distinguish, know by experience, recognize, admit, acknowledge, confess, consider, not know, not expect, know, be acquainted with, know a person, know how, be skilful in, have knowledge, be wise; know, learn to know, perceive, perceive and see, find out and discern, discriminate, distinguish, know by experience, recognize, admit, acknowledge, confess, consider, not know, not expect; know, learn to know; perceive; perceive and see, find out and discern; discriminate, distinguish; know by experience; recognize, admit, acknowledge, confess; consider; not know, not expect; know, be acquainted with; know a person; know how, be skilful in; know how; be skilful in; have knowledge, be wise; be made known, be, become known, make oneself known, be perceived, be instructed; be made known, be, become known; make oneself known; be perceived; be instructed; cause to know; known; make known, declare; made known; make oneself known
H3045	strongs_he	to know (properly, to ascertain by seeing); used in a great variety of senses, figuratively, literally, euphemistically and inferentially (including observation, care, recognition; and causatively, instruction, designation, punishment, etc.)
H3046	bdb	know; know; cause to know, inform
H3046	strongs_he	certify, know, make known, teach.
H3047	bdb	the knowing; shrewd on
H3047	strongs_he	Jada, an Israelite
H3048	bdb	יְדַעְיָה n.pr.m. priestly name
H3048	strongs_he	Jedajah, the name of two Israelites
H3049	bdb	familiar spirit; knowing; wise; intimate acquaintance
H3049	strongs_he	properly, a knowing one; specifically, a conjurer; (by impl) a ghost
H3050	bdb	יָהּ 60 n.pr.dei contr. fr. יהוה, first appears in early poems
H3050	strongs_he	Jah, the sacred name
H3051	bdb	give; give; set; provide; ascribe; come now, grant, permit
H3051	strongs_he	to give (whether literal or figurative); generally, to put; imperatively (reflexive) come
H3052	bdb	give; give, place, lay; give; place, lay; be given; be given, be paid; be given; be paid
H3052	strongs_he	deliver, give, lay, prolong, pay, yield.
H3053	bdb	lot; given
H3053	strongs_he	properly, what is given (by Providence), i.e. a lot
H3054	bdb	become a Jew
H3054	strongs_he	to Judaize, i.e. become Jewish
H3055	bdb	יְהֻד n.pr.loc. in Dan, Jos 19:45
H3055	strongs_he	Jehud, a place in Palestine
H3056	bdb	[יַהְדַּי] n.pr.m. one of the family of Caleb 1 Ch 2:47
H3056	strongs_he	Jehdai, an Israelite
H3057	bdb	Jewish; a Jew
H3057	strongs_he	Jehudijah, a Jewess
H3058	bdb	יֵהוּא n.pr.m. king of Israel who overthrew the dynasty of Omri prophet of N. Israel in time of Baasha & Jehoshaphat one of David’s heroes a Judahite a Simeonite prince
H3058	strongs_he	Jehu, the name of five Israelites
H3059	bdb	hath grasped
H3059	strongs_he	Jehoachaz, the name of three Israelites
H3060	bdb	is strong
H3060	strongs_he	Jehoash, the name of two Israelite kings
H3061	bdb	Judah
H3061	strongs_he	properly, Judah, hence, Judaea
H3062	bdb	Jew
H3062	strongs_he	a Jehudaite (or Judaite), i.e. Jew
H3063	bdb	Judah; son of Jacob and Leah, tribe, nation; son of Jacob and Leah; tribe; nation; land of Judah
H3063	strongs_he	Jehudah (or Judah), the name of five Israelites; also of the tribe descended from the first, and of its territory
H3064	bdb	Jewish; a Jew
H3064	strongs_he	a Jehudite (i.e. Judaite or Jew), or descendant of Jehudah (i.e. Judah)
H3065	bdb	יְהוּדִי n.pr.m. officer of Jehoiakim
H3065	strongs_he	Jehudi, an Israelite
H3066	bdb	in Jewish; in the Jewish language
H3066	strongs_he	the Jewish (used adverbially) language
H3067	bdb	יְהוּדִית n.pr.f. wife of Esau
H3067	strongs_he	Jehudith, a Canaanitess
H3068	bdb	Yahweh, the one bringing into being, life-giver
H3068	strongs_he	(the) self-Existent or Eternal; Jeho-vah, Jewish national name of God
H3069	bdb	Yahweh, the one bringing into being, life-giver
H3069	strongs_he	God.
H3070	bdb	see; see, see, see, see, see, have, vision, see, look at, see, look into, look at, see; see, see; see; see; see; see; see, have, vision; see; look at, see; look into, look at, see; look into, look at; see; appear, be seen, be visible; appear; be seen; be visible; his bones are not detected; look at each other; cause, to see, shew, cause to experience, cause to look intently at, to behold; cause, to see, shew, cause to experience; cause, to see, shew; cause to experience; cause to look intently at, to behold; be caused to see, be shewn, be exhibited to; be caused to see, be shewn; be exhibited to
H3070	strongs_he	Jehovah-Jireh, a symbolical name for Mount Moriah
H3071	bdb	standard; ensign; signal; sign
H3071	strongs_he	Jehovah-Nissi, a symbolical name of an altar in the Desert
H3072	bdb	rightness, righteousness; what is right, just, normal, rightness, justness; righteousness; righteousness, justice; rightness; righteousness; righteousness, justification, deliverance, victory, prosperity
H3072	strongs_he	Jehovah-Tsidkenu, a symbolical epithet of the Messiah and of Jerusalem
H3073	bdb	completeness, soundness, welfare, peace; completeness; safety, soundness; welfare, health, prosperity; peace, quiet, tranquility, contentment; peace, friendship; peace; those at peace with him
H3073	strongs_he	Jehovah-Shalom, a symbolical name of an altar in Palestine
H3074	bdb	there; thither
H3074	strongs_he	Jehovah-Shammah, a symbolic title of Jerusalem
H3075	bdb	יְהוֹזָבָד, יוֹזָבָד n.pr.m. servant & murderer of Joash of Judah three of David’s mighty men a Benjamite chief priests & Levites
H3075	strongs_he	Jehozabad, the name of three Israelites
H3076	bdb	יְהוֹחָנָן, יוֹחָנָן n.pr.m. a priest high priest Levite son of Tobiah porter in David’s time a Judaite captain an Ephraimite an Israelite, Ezra’s time a Jewish captain, after fall of Jerus. eldest son of king Josiah a post-exilic prince of the line of David father of Azariah, priest in Sol.’s time two of David’s mighty men a returning exile
H3076	strongs_he	Jehochanan, the name of eight Israelites
H3077	bdb	knoweth
H3077	strongs_he	Jehojada, the name of three Israelites
H3078	bdb	appointeth
H3078	strongs_he	Jehojakin, a Jewish king
H3079	bdb	raiseth up
H3079	strongs_he	Jehojakim, a Jewish king
H3080	bdb	pleadeth, contendeth
H3080	strongs_he	Jehojarib, the name of two Israelites
H3081	bdb	is able
H3081	strongs_he	Jehukal, an Israelite
H3082	bdb	is noble, is liberal, hath impelled
H3082	strongs_he	Jehonadab, the name of an Israelite and of an Arab
H3083	bdb	hath given
H3083	strongs_he	Jehonathan, the name of four Israelites
H3084	bdb	he adds, increases
H3084	strongs_he	Jehoseph (i.e. Joseph), a son of Jacob
H3085	bdb	יְהוֹעַדָּה n.pr.m. a descendant of Saul
H3085	strongs_he	Jehoaddah, an Israelite
H3086	bdb	יְהוֹעַדָּן n.pr.f. mother of Amaziah, king of Judah
H3086	strongs_he	Jehoaddin or Jehoaddan, an Israelitess
H3087	bdb	is righteous
H3087	strongs_he	Jehotsadak, an Israelite
H3088	bdb	is exalted
H3088	strongs_he	Jehoram, the name of a Syrian and of three Israelites
H3089	bdb	is an oath
H3089	strongs_he	Jehosheba, an Israelitess
H3090	bdb	is an oath
H3090	strongs_he	Jehoshabath, an Israelitess
H3091	bdb	is salvation, is opulence
H3091	strongs_he	Jehoshua (i.e. Joshua), the Jewish leader
H3092	bdb	hath judged
H3092	strongs_he	Jehoshaphat, the name of six Israelites; also of a valley near Jerusalem
H3093	bdb	proud; haughty
H3093	strongs_he	elated; hence, arrogant
H3094	bdb	he shall praise God
H3094	strongs_he	Jehallelel, the name of two Israelites
H3095	bdb	jasper; onyx; smite; hammer
H3095	strongs_he	a precious stone, probably onyx
H3096	bdb	יַ֫הַץ, יַ֫הְצָה n.pr.loc. in Moab, site unknown
H3096	strongs_he	Jahats or Jahtsah, a place East of the Jordan
H3097	bdb	is father
H3097	strongs_he	Joab, the name of three Israelites
H3098	bdb	is brother
H3098	strongs_he	Joach, the name of four Israelites
H3099	bdb	hath grasped
H3099	strongs_he	Joachaz, the name of two Israelites
H3100	bdb	is God
H3100	strongs_he	Joel, the name of twelve Israelites
H3101	bdb	is strong
H3101	strongs_he	Joash, the name of six Israelites
H3102	bdb	יוֹב n.pr.m. son of Issachar
H3102	strongs_he	Job, an Israelite
H3103	bdb	יוֹבָב n.pr.m. ‘son’ of Yoḳtân a king in Edom king of Madon Benjamites
H3103	strongs_he	Jobab, the name of two Israelites and of three foreigners
H3104	bdb	ram; ram's horn; cornet
H3104	strongs_he	the blast of a horn (from its continuous sound); specifically, the signal of the silver trumpets; hence, the instrument itself and the festival thus introduced
H3105	bdb	stream
H3105	strongs_he	a stream
H3106	bdb	יוּבָ֑ל n.pr.m. son of Lamech by Adah, and inventor of musical instr. Gn 4:21 (J)
H3106	strongs_he	Jubal, an antediluvian
H3107	bdb	יְהוֹזָבָד, יוֹזָבָד n.pr.m. servant & murderer of Joash of Judah three of David’s mighty men a Benjamite chief priests & Levites
H3107	strongs_he	Jozabad, the name of ten Israelites
H3108	bdb	hath remembered
H3108	strongs_he	Jozacar, an Israelite
H3109	bdb	יוֹחָא n.pr.m. a Benjamite one of David’s heroes
H3109	strongs_he	Jocha, the name of two Israelites
H3110	bdb	יְהוֹחָנָן, יוֹחָנָן n.pr.m. a priest high priest Levite son of Tobiah porter in David’s time a Judaite captain an Ephraimite an Israelite, Ezra’s time a Jewish captain, after fall of Jerus. eldest son of king Josiah a post-exilic prince of the line of David father of Azariah, priest in Sol.’s time two of David’s mighty men a returning exile
H3110	strongs_he	Jochanan, the name of nine Israelites
H3111	bdb	knoweth
H3111	strongs_he	Jojada, the name of two Israelites
H3112	bdb	appointeth
H3112	strongs_he	Jojakin, an Israelite king
H3113	bdb	raiseth up
H3113	strongs_he	Jojakim, an Israelite
H3114	bdb	pleadeth, contendeth
H3114	strongs_he	Jojarib, the name of four Israelites
H3115	bdb	is glory
H3115	strongs_he	Jokebed, the mother of Moses
H3116	bdb	is able
H3116	strongs_he	Jukal, an Israelite
H3117	bdb	day; day; Day; day of Yahweh; days; Days; time
H3117	strongs_he	a day (as the warm hours), whether literal (from sunrise to sunset, or from one sunset to the next), or figurative (a space of time defined by an associated term), (often used adverb)
H3118	bdb	day
H3118	strongs_he	a day
H3119	bdb	daytime; by day
H3119	strongs_he	daily
H3120	bdb	Ionia; ns; Greece
H3120	strongs_he	Javan, the name of a son of Joktan, and of the race (Ionians, i.e. Greeks) descended from him, with their territory; also of a place in Arabia
H3121	bdb	mire
H3121	strongs_he	properly, dregs (as effervescing); hence, mud
H3122	bdb	is noble, is liberal, hath impelled
H3122	strongs_he	Jonadab, the name of an Israelite and of a Rechabite
H3123	bdb	dove
H3123	strongs_he	a dove (apparently from the warmth of their mating)
H3124	bdb	יוֹנָה n.pr.m. prophet; he is also the principal figure of the Book of Jonah
H3124	strongs_he	Jonah, an Israelite
H3125	bdb	[יְוָנִי] adj.gent. only c. art. as n.pr.gent.: Jo 4:6
H3125	strongs_he	a Jevanite, or descendant of Javan
H3126	bdb	young plant; sapling; sucker
H3126	strongs_he	a sucker; hence, a twig (of a tree felled and sprouting)
H3127	bdb	young shoot; twig
H3127	strongs_he	a sprout
H3128	bdb	dove
H3128	strongs_he	dove of (the) silence (i.e. dumb Israel) of (i.e. among) distances (i.e. strangers); the title of a ditty (used for a name of its melody)
H3129	bdb	hath given
H3129	strongs_he	Jonathan, the name of ten Israelites
H3130	bdb	he adds, increases
H3130	strongs_he	Joseph, the name of seven Israelites
H3131	bdb	adds
H3131	strongs_he	Josiphjah, an Israelite
H3132	bdb	may he avail!
H3132	strongs_he	Joelah, an Israelite
H3133	bdb	is a witness
H3133	strongs_he	Joed, an Israelite
H3134	bdb	is a help
H3134	strongs_he	Joezer, an Israelite
H3135	bdb	hath aided
H3135	strongs_he	Joash, the name of two Israelites
H3136	bdb	is righteous; יוֹצָדָק n.pr.m. Ezr 5:2 (BH id. [e.az.av], √ הָיָה).
H3136	strongs_he	Jotsadak, an Israelite
H3137	bdb	raiseth up
H3137	strongs_he	Jokim, an Israelite
H3138	bdb	early rain
H3138	strongs_he	sprinkling; hence, a sprinkling (or autumnal showers)
H3139	bdb	יוֹרָה n.pr.m. one of the families of the restoration
H3139	strongs_he	Jorah, an Israelite
H3140	bdb	Yah teacheth
H3140	strongs_he	Jorai, an Israelite
H3141	bdb	is exalted
H3141	strongs_he	Joram, the name of three Israelites and one Syrian
H3142	bdb	י֥וּשַׁב חֶ֖סֶד n.pr.m. son of Zerubbabel, 1 Ch 3:20
H3142	strongs_he	Jushab-Chesed, an Israelite
H3143	bdb	setteth; causeth to dwell
H3143	strongs_he	Josibjah, an Israelite
H3144	bdb	יוֹשָׁה n.pr.m. a Simeonite 1 Ch 4:34
H3144	strongs_he	Joshah, an Israelite
H3145	bdb	יוֹשַׁוְיָה n.pr.m. one of David’s heroes 1 Ch 11:46
H3145	strongs_he	Joshavjah, an Israelite
H3146	bdb	hath judged
H3146	strongs_he	Joshaphat, an Israelite
H3147	bdb	is perfect
H3147	strongs_he	Jotham, the name of three Israelites
H3148	bdb	superiority; advantage; excess
H3148	strongs_he	properly, redundant; hence, over and above, as adjective, noun, adverb or conjunction
H3149	bdb	[יְזִיאֵל, יזואל] n.pr.m. one of David’s heroes 1 Ch 12:3.
H3149	strongs_he	Jezavel, an Israelite
H3150	bdb	may; sprinkle
H3150	strongs_he	Jizzijah, an Israelite
H3151	bdb	יָזִיז n.pr.m. an officer of David 1 Ch 27:31.
H3151	strongs_he	Jaziz, an Israelite
H3152	bdb	יִזְלִיאָה n.pr.m. a Benjamite 1 Ch 8:18
H3152	strongs_he	Jizliah, an Israelite
H3153	bdb	Yahweh heareth
H3153	strongs_he	Jezanjah, an Israelite
H3154	bdb	sweat
H3154	strongs_he	sweat, i.e. (by implication) a sweating dress
H3155	bdb	יִזְרָ֑ח adj.gent. only in 1 Ch 27:8
H3155	strongs_he	a Jizrach (i.e. Ezrachite or Zarchite) or descendant of Zerach
H3156	bdb	will arise, shine
H3156	strongs_he	Jizrachjah, the name of two Israelites
H3157	bdb	God soweth
H3157	strongs_he	Jizreel, the name of two places in Palestine and of two Israelites
H3158	bdb	יִזְרְעֵאלִי m., יִזְרְעֵאלִית f., adj.gent.
H3158	strongs_he	a Jizreelite or native of Jizreel
H3159	bdb	יִזְרְעֵאלִי m., יִזְרְעֵאלִית f., adj.gent.
H3159	strongs_he	a Jezreelitess
H3160	bdb	חֻבָּה n.pr.m. a descendant of Asher, 1 Ch 7:34
H3160	strongs_he	Jechubbah, an Israelite
H3161	bdb	be united; not be united; unite
H3161	strongs_he	to be (or become) one
H3162	bdb	unitedness; in union, together; together
H3162	strongs_he	properly, a unit, i.e. (adverb) unitedly
H3163	bdb	יַחְדֹּי Baer, יַחְדּוֹ van d. H, n.pr.m. a Gileadite, 1 Ch 5:14
H3163	strongs_he	Jachdo, an Israelite
H3164	bdb	God giveth joy
H3164	strongs_he	Jachdiel, an Israelite
H3165	bdb	May, give joy!
H3165	strongs_he	Jechdijah, the name of two Israelites
H3166	bdb	Ēl sees
H3166	strongs_he	Jachaziel, the name of five Israelites
H3167	bdb	Yah sees
H3167	strongs_he	Jachzejah, an Israelite
H3168	bdb	God strengtheneth
H3168	strongs_he	Jechezkel, the name of two Israelites
H3169	bdb	hath strengthened, strengtheneth
H3169	strongs_he	Jechizkijah, the name of five Israelites
H3170	bdb	יַחְזֵרָה n.pr.m. a priest
H3170	strongs_he	Jachzerah, an Israelite
H3171	bdb	may Ēl live
H3171	strongs_he	Jechiel (or Jechavel), the name of eight Israelites
H3172	bdb	יְחִיאֵלִי n.pr.m. (patronym.)
H3172	strongs_he	a Jechielite or descendant of Jechiel
H3173	bdb	only; only one; solitary
H3173	strongs_he	properly, united, i.e. sole; by implication, beloved; also lonely; (feminine) the life (as not to be replaced)
H3174	bdb	may Yah live
H3174	strongs_he	Jechijah, an Israelite
H3175	bdb	waiting
H3175	strongs_he	expectant
H3176	bdb	wait, await; wait; wait, tarry, wait for, hope for; wait, tarry; wait for, hope for; wait, tarry
H3176	strongs_he	to wait; by implication, to be patient, hope
H3177	bdb	wait for God!
H3177	strongs_he	Jachleel, an Israelite
H3178	bdb	יַחְלְאֵלִי adj.gent. of foregoing [j.bf.ad]: only c. art. as n.pr.coll. Nu 26:26.
H3178	strongs_he	a Jachleelite or descendant of Jachleel
H3179	bdb	be hot; conceive
H3179	strongs_he	probably to be hot; figuratively, to conceive
H3180	bdb	roebuck
H3180	strongs_he	a kind of deer
H3181	bdb	יַחְמַי n.pr.m. a man of Issachar 1 Ch 7:2
H3181	strongs_he	Jachmai, an Israelite
H3182	bdb	barefoot
H3182	strongs_he	unsandalled
H3183	bdb	God divideth; apportioneth
H3183	strongs_he	Jachtseel, an Israelite
H3184	bdb	יַחְצְאֵלִי adj.gent. of foregoing [h.ex.af]; only c. art. as n.pr.coll., Nu 26:48.
H3184	strongs_he	a Jachtseelite (collectively) or descendants of Jachtseel
H3185	bdb	God divideth; apportioneth
H3185	strongs_he	Jachtsiel, an Israelite
H3186	bdb	to remain behind, delay, tarry; and I have tarried; delay, tarry, cause one to delay, hinder, keep back, bring late; delay, tarry; cause one to delay, hinder, keep back, bring late
H3186	strongs_he	to delay
H3187	bdb	enroll oneself; be enrolled by genealogy
H3187	strongs_he	to enroll by pedigree
H3188	bdb	genealogy
H3188	strongs_he	a pedigree or family list (as growing spontaneously)
H3189	bdb	יַ֫חַת n.pr.m. grandson of Judah Levites
H3189	strongs_he	Jachath, the name of four Israelites
H3190	bdb	be good, well, glad, pleasing; be glad, joyful, be well placed, be well for, with, go well with, be pleasing; be glad, joyful; be well placed; be well for, with, go well with; be pleasing; make glad, rejoice, do good, deal well, do well, thoroughly, make a thing good, right, beautiful, do well, right; make glad, rejoice; do good, deal well; do well, thoroughly; make a thing good, right, beautiful; do well, right
H3190	strongs_he	to be (causative) make well, literally (sound, beautiful) or figuratively (happy, successful, right)
H3191	bdb	be; good; pleasing
H3191	strongs_he	seem good.
H3192	bdb	pleasantness
H3192	strongs_he	Jotbah, a place in Palestine
H3193	bdb	pleasantness
H3193	strongs_he	Jotbathah, a place in the Desert
H3194	bdb	יֻטָּה, יוּטָּה n.pr.loc. town in Judah
H3194	strongs_he	Juttah (or Jutah), a place in Palestine
H3195	bdb	יְטוּר n.pr.m. and gent. a ‘son’ of Ishmael
H3195	strongs_he	Jetur, a son of Ishmael
H3196	bdb	wine
H3196	strongs_he	wine (as fermented); by implication, intoxication
H3197	bdb	יך 1 S 4:13 Kt; err. for יד Qr.
H3197	strongs_he	a hand or side
H3198	bdb	decide, adjudge, prove; decide, judge, adjudge, appoint, shew to be right, prove, convince, convict, reprove, chide, correct, rebuke; decide, judge; adjudge, appoint; shew to be right, prove; convince, convict; reprove, chide; correct, rebuke; he is chastened also with pain; come now and let us reason together, there an upright man might reason with him, and thou art set right, righted, justified; with Israel he will argue
H3198	strongs_he	to be right (i.e. correct); reciprocal, to argue; causatively, to decide, justify or convict
H3199	bdb	he will establish
H3199	strongs_he	Jakin, the name of three Israelites and of a temple pillar
H3200	bdb	יָכִינִי adj.gent. with art. as n.coll. Nu 26:12.
H3200	strongs_he	a Jakinite (collectively) or descendants of Jakin
H3201	bdb	be able, have power, prevail, endure; be able, prevail, have ability, strength; be able; prevail; have ability, strength
H3201	strongs_he	to be able, literally (can, could) or morally (may, might)
H3202	bdb	be able
H3202	strongs_he	be able, can, couldest, prevail.
H3203	bdb	hath been able
H3203	strongs_he	Jekoljah or Jekiljah, an Israelitess
H3204	bdb	is firm; enduring
H3204	strongs_he	Jekonjah, a Jewish king
H3205	bdb	bear, bring forth, beget; bear, bring forth, beget; bear, bring forth; beget; be born; cause, help, to bring forth, assist, tend as midwife; be born; beget, bear; beget; bear; day of one's being born; declared their pedigree
H3205	strongs_he	to bear young; causatively, to beget; medically, to act as midwife; specifically, to show lineage
H3206	bdb	child; son; boy; youth
H3206	strongs_he	something born, i.e. a lad or offspring
H3207	bdb	girl; damsel
H3207	strongs_he	a lass
H3208	bdb	childhood; youth
H3208	strongs_he	boyhood (or girlhood)
H3209	bdb	born
H3209	strongs_he	born
H3210	bdb	יָלוֹן n.pr.m. son of Ezra, 1 Ch 4:17.
H3210	strongs_he	Jalon, an Israelite
H3211	bdb	born
H3211	strongs_he	born
H3212	bdb	go, come, walk; pass away, die, live, walk; pass away, die, live, walk; pass away, die; live, walk; walk, walking about, depart, go entirely away; walk; walking about; depart, go entirely away; walk, walk about, move to and fro; lead, bring, lead away, carry, bring, cause to walk, go, cause to flow, run, cause to depart, retire, go back; lead, bring; lead away; carry, bring; cause to walk, go, cause to flow, run, cause to depart, retire, go back; cause to walk, go; cause to flow, run; cause to depart, retire, go back
H3212	strongs_he	to walk (literally or figuratively); causatively, to carry (in various senses)
H3213	bdb	howl; make a howling
H3213	strongs_he	to howl (with a wailing tone) or yell (with a boisterous one)
H3214	bdb	howling
H3214	strongs_he	howl
H3215	bdb	howling
H3215	strongs_he	a howling
H3216	bdb	talk wildly
H3216	strongs_he	to blurt or utter inconsiderately
H3217	bdb	scab; scurf
H3217	strongs_he	scurf or tetter
H3218	bdb	locust
H3218	strongs_he	a devourer; specifically, the young locust
H3219	bdb	receptacle; wallet; collector
H3219	strongs_he	a travelling pouch (as if for gleanings)
H3220	bdb	sea
H3220	strongs_he	a sea (as breaking in noisy surf) or large body of water; specifically (with the article), the Mediterranean Sea; sometimes a large river, or an artifical basin; locally, the west, or (rarely) the south
H3221	bdb	sea
H3221	strongs_he	sea.
H3222	bdb	hot springs
H3222	strongs_he	a warm spring
H3223	bdb	יְמוּאֵל n.pr.m. son of Simeon
H3223	strongs_he	Jemuel, an Israelite
H3224	bdb	dove
H3224	strongs_he	Jemimah, one of Job's daughters
H3225	bdb	right hand; right hand; the right; south
H3225	strongs_he	the right hand or side (leg, eye) of a person or other object (as the stronger and more dexterous); locally, the south
H3226	bdb	יָמִין n.pr.m. son of Simeon man of Judah Levite (?) name, time of Ezra
H3226	strongs_he	Jamin, the name of three Israelites
H3227	bdb	יְמִינִי adj. gent.; right hand; on the right
H3227	strongs_he	right
H3228	bdb	יָֽמִינִי adj.gent. of II. ימן 1; only c. art. as subst. coll. Nu 26:12.
H3228	strongs_he	a Jeminite (collectively) or descendants of Jamin
H3229	bdb	יִמְלָה, יִמְלָא n.pr.m. father of prophet Micaiah of Isr.
H3229	strongs_he	Jimla or Jimlah, an Israelite
H3230	bdb	יַמְלֵךְ n.pr.m. a Simeonite;—1 Ch 4:34.
H3230	strongs_he	Jamlek, an Israelite
H3231	bdb	go to; choose the right; use the right hand
H3231	strongs_he	to be right-handed or take the right-hand side
H3232	bdb	the Yimnites
H3232	strongs_he	Jimnah, the name of two Israelites; also (with the article) of the posterity of one of them
H3233	bdb	right hand; right
H3233	strongs_he	right (i.e. at the right hand)
H3234	bdb	יִמְנָע n.pr.m. son of Helem (of Asher) 1 Ch 7:35.
H3234	strongs_he	Jimna, an Israelite
H3235	bdb	ימר vb. assumed in Thes to expl. Hiph. הֵימִיר = הֵמִיר Je 2:11, and Hithp. תִּתְיַמָּ֑רוּ Is 61:6; but on הימיר v. מור, and תִּתְיַמָּ֑רוּ is prob. from אמר q.v. supr. p. 56b.
H3235	strongs_he	to exchange; by implication, to change places
H3236	bdb	יִמְרָה n.pr.m. 1 Ch 7:36 a chief of Asher.
H3236	strongs_he	Jimrah, an Israelite
H3237	bdb	touch
H3237	strongs_he	to touch
H3238	bdb	suppress, oppress, maltreat; suppress; oppress, maltreat
H3238	strongs_he	to rage or be violent; by implication, to suppress, to maltreat
H3239	bdb	יָנוֹחַ n.pr.loc. in extreme N. of Isr. 2 K 15:29; יָנ֫וֹחָה n.pr.loc. on border of Ephraim
H3239	strongs_he	Janoach, a place in Palestine
H3240	bdb	rest; rest, settle down and remain, repose, be quiet, have rest; rest, settle down and remain; repose, be quiet, have rest; cause to rest, give rest, cause to rest, light, lay, set down, deposit, let lie, let remain, leave, leave, abandon, let alone, permit; cause to rest, give rest, cause to rest, light; cause to rest, give rest; cause to rest, light; lay, set down, deposit, let lie, let remain, leave, leave, abandon, let alone, permit; lay, set down, deposit, let lie; let remain, leave; leave; abandon; let alone; permit; no rest is granted to us, space left, open space; no rest is granted to us; space left, open space
H3240	strongs_he	to deposit; by implication, to allow to stay
H3241	bdb	יָנוּם n.pr.loc. city in Judah, Jos 15:53 Qr; Kt ינים
H3241	strongs_he	Janim, a place in Palestine
H3242	bdb	[יְנִיקָה] n.f. id. [j.bw.ac], only Ez 17:4 of Israel under figure of cedar.
H3242	strongs_he	a sucker or sapling
H3243	bdb	suck; suck; give suck to, nurse
H3243	strongs_he	to suck; causatively, to give milk
H3244	bdb	strident
H3244	strongs_he	an unclean (acquatic) bird; probably the heron (perhaps from its blowing cry, or because the nightheron is meant)
H3245	bdb	establish, found, fix; found, establish; fix, seat themselves close together, sit in conclave, be founded; fix, seat themselves close together, sit in conclave; be founded; found, establish; found; establish; be founded, be laid; be founded
H3245	strongs_he	to set (literally or figuratively); intensively, to found; reflexively, to sit down together, i.e. settle, consult
H3246	bdb	foundation; beginning
H3246	strongs_he	a foundation (figuratively, i.e. beginning)
H3247	bdb	foundation; base
H3247	strongs_he	a foundation (literally or figuratively)
H3248	bdb	foundation; city founded
H3248	strongs_he	a foundation
H3249	bdb	יסור only in יסורי Je 17:13 Kt, but v. Qr סור Qal Pt.
H3249	strongs_he	departing
H3250	bdb	one who reproves; faultfinder
H3250	strongs_he	a reprover
H3251	bdb	pour, anoint, anoint; anoint, anoint oneself, anoint, be poured; anoint oneself; anoint; be poured
H3251	strongs_he	to pour (intransitive)
H3252	bdb	יִסְכָּה n.pr.f. Gn 11:29
H3252	strongs_he	Jiskah, sister of Lot
H3253	bdb	sustaineth
H3253	strongs_he	Jismakjah, an Israelite
H3254	bdb	add; add; join, join oneself to, be joined, added to; join, join oneself to; be joined, added to; add, add to do, do again, more; add; add to do, do again, more; add to do, do again, more
H3254	strongs_he	to add or augment (often adverbial, to continue to do a thing)
H3255	bdb	add
H3255	strongs_he	add.
H3256	bdb	discipline, chasten, admonish; admonish, instruct, discipline; admonish; instruct; discipline; let oneself be corrected, admonished; discipline, correct, chasten, chastise; discipline, correct; chasten, chastise; be disciplined, corrected; chasten
H3256	strongs_he	to chastise, literally (with blows) or figuratively (with words); hence, to instruct
H3257	bdb	shovel
H3257	strongs_he	a shovel
H3258	bdb	Jabez
H3258	strongs_he	Jabets, the name of an Israelite, and also of a place in Palestine
H3259	bdb	appoint; appoint, assign, designate; meet at an appointed place, meet by appointment, gather, assemble by appointment; meet at an appointed place; meet by appointment; gather, assemble by appointment; who will make me meet him at the appointed place; be set, placed before
H3259	strongs_he	to fix upon (by agreement or appointment); by implication, to meet (at a stated time), to summon (to trial), to direct (in a certain quarter or position), to engage (for marriage)
H3260	bdb	יֶעְדּוֹ Qr, ידעי Kt n.pr.m. 2 Ch 9:29
H3260	strongs_he	Jedi, an Israelite
H3261	bdb	sweep together; carrying away
H3261	strongs_he	to brush aside
H3262	bdb	יְעוּאֵל, יְעִיאֵל, יְעִו֯אֵל n.pr.m. son of Zerah a companion of Ezra a chief of the Reubenites Levites one of those who took strange wives man of Gibeon, ancestor of Saul one of David’s heroes the סוֹפֵר (q.v.) of King Uzziah a Levite
H3262	strongs_he	Jeuel, the name of four Israelites
H3263	bdb	יְעוּץ n.pr.m. Benjamite name 1 Ch 8:10
H3263	strongs_he	Jeuts, an Israelite
H3264	bdb	wood; forest; thicket
H3264	strongs_he	a forest
H3265	bdb	יָעוֹר Kt, יָעִיר Qr, n.pr.m. father of Elḫanan the giant-slayer
H3265	strongs_he	Jaur, an Israelite
H3266	bdb	he comes to help
H3266	strongs_he	Jeush, the name of an Edomite and of four Israelites
H3267	bdb	a barbarous; people
H3267	strongs_he	to be bold or obstinate
H3268	bdb	(וְ)יַעֲזִיאֵל n.pr.m. Levite name 1 Ch 15:18 = (וַ)עֲזִיאֵל v 20, both prob. err. for עֻזִּיאֵל
H3268	strongs_he	Jaaziel, an Israelite
H3269	bdb	יַעֲזִיָּ֫הוּ n.pr.m. Levite name
H3269	strongs_he	Jaazijah, an Israelite
H3270	bdb	יַעְזֵר and יַעְזֵיר n.pr.loc. E. of Jordan
H3270	strongs_he	Jaazer or Jazer, a place East of the Jordan
H3271	bdb	cover
H3271	strongs_he	to clothe
H3272	bdb	advise; counsellor
H3272	strongs_he	to counsel; reflexively, to consult
H3273	bdb	יְעוּאֵל, יְעִיאֵל, יְעִו֯אֵל n.pr.m. son of Zerah a companion of Ezra a chief of the Reubenites Levites one of those who took strange wives man of Gibeon, ancestor of Saul one of David’s heroes the סוֹפֵר (q.v.) of King Uzziah a Levite
H3273	strongs_he	Jeiel, the name of six Israelites
H3274	bdb	he comes to help
H3274	strongs_he	Jeish, the name of an Edomite and of a an Israelite
H3275	bdb	יַעְכָּן n.pr.m. Gadite 1 Ch 5:13
H3275	strongs_he	Jakan, an Israelite
H3276	bdb	profit; avail; benefit
H3276	strongs_he	properly, to ascend; figuratively, to be valuable (objectively; useful, subjectively; benefited)
H3277	bdb	mountain-goat
H3277	strongs_he	an ibex (as climbing)
H3278	bdb	יָעֵל n.pr.f. wife of Heber the Kenite slayer of Sisera
H3278	strongs_he	Jael, a Canaanite
H3279	bdb	יַעֲלָא, יַעֲלָה n.pr.m. head of family of returning exiles
H3279	strongs_he	Jaala or Jaalah, one of the Nethinim
H3280	bdb	[יַעֲלָה] n.f. Pr 5:19 fig. of wife.
H3280	strongs_he	roe.
H3281	bdb	יַעְלָם n.pr.m. Edomite
H3281	strongs_he	Jalam, an Edomite
H3282	bdb	purpose; intention; on account of; because
H3282	strongs_he	properly, heed; by implication, purpose (sake or account); used adverbially to indicate the reason or cause
H3283	bdb	ostrich; voracious
H3283	strongs_he	the ostrich (probably from its answering cry
H3284	bdb	greed; ostrich
H3284	strongs_he	owl.
H3285	bdb	יַעֲנַי n.pr. v. sub ענה
H3285	strongs_he	Jaanai, an Israelite
H3286	bdb	be weary, faint; be, grow weary, be faint; wearied
H3286	strongs_he	to tire (as if from wearisome flight)
H3287	bdb	weary; faint
H3287	strongs_he	fatigued; figuratively, exhausted
H3288	bdb	weariness; faintness
H3288	strongs_he	fatigue (adverb, utterly exhausted)
H3289	bdb	advise, counsel; advise, counsel; consult together, exchange counsel; conspire
H3289	strongs_he	to advise; reflexively, to deliberate or resolve
H3290	bdb	Jacob
H3290	strongs_he	Jaakob, the Israelitish patriarch
H3291	bdb	יַעֲקֹ֫בָה n.pr.m. Simeonite 1 Ch 4:36
H3291	strongs_he	Jaakobah, an Israelite
H3292	bdb	עֲקָן n.pr.m. in Edom; = יַעֲקָן
H3292	strongs_he	Jaakan, an Idumaean
H3293	bdb	honeycomb; wood; forest; thicket
H3293	strongs_he	a copse of bushes; hence, a forest; hence, honey in the comb (as hived in trees)
H3294	bdb	יַעְרָה n.pr.m. a descendant of Saul
H3294	strongs_he	Jarah, an Israelite
H3295	bdb	honeycomb
H3295	strongs_he	(honey-) comb, forest.
H3296	bdb	יַעֲרֵי אֹרְגִים n.pr.m. father of Elḥanan 2 S 21:19
H3296	strongs_he	Jaare-Oregim, an Israelite
H3297	bdb	יְעָרִים n.pr.mont. only Jos 15:10, NE. of Beth Shemesh
H3297	strongs_he	Jearim, a place in Palestine
H3298	bdb	יַעֲרֶשְׁיָה n.pr.m. Benjamite 1 Ch 8:27
H3298	strongs_he	Jaareshjah, an Israelite
H3299	bdb	(ו)יעשׂו Kt, (וְ)יַעֲשָׂ֑י Qr, n.pr.m. one with foreign wife Ezr 10:37
H3299	strongs_he	Jaasu, an Israelite
H3300	bdb	יַעֲשִׂיאֵל n.pr.m. hero of David Benjamite ruler
H3300	strongs_he	Jaasiel, an Israelite
H3301	bdb	יִפְדְּיָה 1 Ch 8:25 v. sub פדה.
H3301	strongs_he	Jiphdejah, an Israelite
H3302	bdb	be fair, beautiful; be beautiful; beautify; beautify thyself
H3302	strongs_he	properly, to be bright, i.e. (by implication) beautiful
H3303	bdb	fair; beautiful
H3303	strongs_he	beautiful (literally or figuratively)
H3304	bdb	pretty
H3304	strongs_he	very beautiful
H3305	bdb	Joppa
H3305	strongs_he	Japho, a place in Palestine
H3306	bdb	breathe; puff
H3306	strongs_he	properly, to breathe hard, i.e. (by implication) to sigh
H3307	bdb	breathing; puffing out
H3307	strongs_he	properly, puffing, i.e. (figuratively) meditating
H3308	bdb	beauty
H3308	strongs_he	beauty
H3309	bdb	יָפִיעַ n.pr.pers. et loc. n.pr.m. a king of Lachish a son of David n.pr.loc. on border of Zebulun
H3309	strongs_he	Japhia, the name of a Canaanite, an Israelite, and a place in Palestine
H3310	bdb	יַפְלֵט n.pr.m. Asherite
H3310	strongs_he	Japhlet, an Israelite
H3311	bdb	יַפְלֵטִי adj.gent. c. art. as n. coll. Jos 16:3, family or clan on SW. border of Ephraim
H3311	strongs_he	a Japhletite or descendant of Japhlet
H3312	bdb	יְפֻנֶּה 16 n.pr.m. father of Caleb Asherite
H3312	strongs_he	Jephunneh, the name of two Israelites
H3313	bdb	shine out; forth; send out beams; cause to shine
H3313	strongs_he	to shine
H3314	bdb	brightness; splendour
H3314	strongs_he	splendor or (figuratively) beauty
H3315	bdb	יֶ֫פֶת n.pr.m. third son of Noah
H3315	strongs_he	Jepheth, a son of Noah; also his posterity
H3316	bdb	Jephthah
H3316	strongs_he	Jiphtach, an Israelite; also a place in Palestine
H3317	bdb	God openeth
H3317	strongs_he	Jiphtach-el, a place in Palestine
H3318	bdb	go, come out; go, come out, forth, go forth, depart, going forth, go forth, go forward, proceed, come, go forth; go, come out, forth, go forth, depart, going forth; go forth; depart; going forth; go forth, go forward, proceed, come, go forth; go forth; go forward, proceed; come, go forth; cause to go, come out, bring out, lead out, bring out of, bring out, bring forth; cause to go, come out, bring out, lead out; bring out of; bring out; bring forth; be brought forth
H3318	strongs_he	to go (causatively, bring) out, in a great variety of applications, literally and figuratively, direct and proxim.
H3319	bdb	bring out; finish
H3319	strongs_he	finish.
H3320	bdb	set; station oneself; take one's stand
H3320	strongs_he	to place (any thing so as to stay); reflexively, to station, offer, continue
H3321	bdb	make certain; gain certainty
H3321	strongs_he	to be firm; hence, to speak surely
H3322	bdb	set, place; set, place; be stayed, stopped, detained
H3322	strongs_he	to place permanently
H3323	bdb	fresh oil; appeared
H3323	strongs_he	oil (as producing light); figuratively, anointing
H3324	bdb	יִצְהָר n.pr.m. Levite, son of Kohath
H3324	strongs_he	Jitshar, an Israelite
H3325	bdb	יִצְהָרִי adj.gent. of foreg. [r.av.af], c. art. as subst. coll.
H3325	strongs_he	a Jitsharite or descendant of Jitshar
H3326	bdb	couch; bed; flat surface
H3326	strongs_he	spread, i.e. a bed; (architecture) an extension, i.e. wing or lean-to (a single story or collectively)
H3327	bdb	Isaac; he laugheth
H3327	strongs_he	Jitschak (or Isaac), son of Abraham
H3328	bdb	צֹ֫חַר n.pr.m. father of Ephron the Hittite son of Simeon name in Judah
H3328	strongs_he	Jitschar, an Israelite
H3329	bdb	coming forth
H3329	strongs_he	issue, i.e. offspring
H3330	bdb	certain; true
H3330	strongs_he	fixed, sure; concretely, certainty
H3331	bdb	lay, spread; lay, spread out; be laid, spread
H3331	strongs_he	to strew as a surface
H3332	bdb	pour, cast, flow; pour, pour out, cast, cast, hard, flow, pour; pour, pour out; cast; cast, hard; flow, pour; pour; be poured, cast, molten, firmly established; be poured; cast, molten; firmly established
H3332	strongs_he	properly, to pour out (transitive or intransitive); by implication, to melt or cast as metal; by extension, to place firmly, to stiffen or grow hard
H3333	bdb	a casting
H3333	strongs_he	poured out, i.e. run into a mould
H3334	bdb	bind, tie up, be restricted, narrow, scant, cramped; bind, tie up, tied up; bind, tie up; tied up; be scant, cramped, in straits, make narrow, press hard, cause distress; be scant, cramped, in straits; make narrow, press hard, cause distress
H3334	strongs_he	to press (intransitive), i.e. be narrow; figuratively, be in distress
H3335	bdb	form, fashion; human activity, divine activity; human activity; divine activity; before me a god was not formed; days, were pre-ordained; any weapon that is formed against thee will not prosper
H3335	strongs_he	to mould into a form; especially as a potter; figuratively, to determine (i.e. form a resolution)
H3336	bdb	form, framing, purpose; pottery
H3336	strongs_he	a form; figuratively, conception (i.e. purpose)
H3337	bdb	יֵ֫צֶר n.pr.m. son of Naphtali
H3337	strongs_he	Jetser, an Israelite
H3338	bdb	forms; members
H3338	strongs_he	structure, i.e. limb or part
H3339	bdb	יִצְרִי n.pr.m. chief of one of the Levitical choirs of singers adj.gent. c. art. = subst. coll.
H3339	strongs_he	Jitsri, an Israelite
H3340	bdb	יִצְרִי n.pr.m. chief of one of the Levitical choirs of singers adj.gent. c. art. = subst. coll.
H3340	strongs_he	a Jitsrite (collectively) or descendants of Jetser
H3341	bdb	kindle, burn; kindle, be kindled with fire; be kindled, be burned, desolated; kindle, set on fire
H3341	strongs_he	to burn or set on fire; figuratively, to desolate
H3342	bdb	wine-vat; wine-press
H3342	strongs_he	a trough (as dug out); specifically, a wine-vat (whether the lower one, into which the juice drains; or the upper, in which the grapes are crushed)
H3343	bdb	gathering of Ēl; Ēl gathereth
H3343	strongs_he	Jekabtseel, a place in Palestine
H3344	bdb	be kindled, burn; be kindled, burn; be burning, burn
H3344	strongs_he	to burn
H3345	bdb	burn
H3345	strongs_he	burning.
H3346	bdb	burning
H3346	strongs_he	a conflagration
H3347	bdb	יָקְדְעָם n.pr.loc. a city of Judah Jos 15:56; site unknown
H3347	strongs_he	Jokdeam, a place in Palestine
H3348	bdb	יָקֶה n.pr.m. father of Agur, Pr 30:1
H3348	strongs_he	Jakeh, a symbolical name (for Solomon)
H3349	bdb	obedience
H3349	strongs_he	obedience
H3350	bdb	a burning
H3350	strongs_he	a burning
H3351	bdb	substance; existence
H3351	strongs_he	properly, standing (extant), i.e. by implication, a living thing
H3352	bdb	bait-layer; fowler
H3352	strongs_he	properly, entangling; hence, a snarer
H3353	bdb	יָקוּשׁ n.[m.] id. [יָקוֹשׁ]
H3353	strongs_he	properly, entangled, i.e. by implication (intransitively) a snare, or (transitive) a snarer
H3354	bdb	יְקוּתִיאֵל n.pr.m. a man of Judah 1 Ch 4:18
H3354	strongs_he	Jekuthiel, an Israelite
H3355	bdb	יָקְטָן n.pr.m. son of Eber, descendant of Shem
H3355	strongs_he	Joktan, an Arabian patriarch
H3356	bdb	he lifteth up
H3356	strongs_he	Jakim, the name of two Israelites
H3357	bdb	very precious; dear
H3357	strongs_he	precious
H3358	bdb	honourable; difficult
H3358	strongs_he	noble, rare.
H3359	bdb	יְקַמְיָה n.pr.m. in Judah
H3359	strongs_he	Jekamjah, the name of two Israelites
H3360	bdb	יְקַמְעָם n.pr.m. a Levite
H3360	strongs_he	Jekamam, an Israelite
H3361	bdb	יָקְמְעָם n.pr.loc. in N. Isr.
H3361	strongs_he	Jokmeam, a place in Palestine
H3362	bdb	יָקְנְעָם n.pr.loc. Canaanitish city, with a king
H3362	strongs_he	Jokneam, a place in Palestine
H3363	bdb	be dislocated, alienated; dislocated, torn away, alienated
H3363	strongs_he	properly, to sever oneself, i.e. (by implication) to be dislocated; figuratively, to abandon; causatively, to impale (and thus allow to drop to pieces by rotting)
H3364	bdb	awake
H3364	strongs_he	to awake (intransitive)
H3365	bdb	be precious, prized, appraised; be precious, be appraised; be precious; be appraised; I will make men more rare, precious, than fine gold
H3365	strongs_he	properly, apparently, to be heavy, i.e. (figuratively) valuable; causatively, to make rare (figuratively, to inhibit)
H3366	bdb	preciousness; price; honour
H3366	strongs_he	value, i.e. (concretely) wealth; abstractly, costliness, dignity
H3367	bdb	honour
H3367	strongs_he	glory, honour.
H3368	bdb	precious; rare; splendid; weighty
H3368	strongs_he	valuable (objectively or subjectively)
H3369	bdb	lay a bait, lure, lay snares; lay snares, bait-layers, fowlers; be caught by bait, ensnared; entrapped
H3369	strongs_he	to ensnare (literally or figuratively)
H3370	bdb	יָקְשָׁן n.pr.m. son of Abraham and Keturah
H3370	strongs_he	Jokshan, an Arabian patriarch
H3371	bdb	יָקְתְאֵל n.pr.loc. in the Shephelah of Judah name given to סֶלַע (= Petra) by King Amaziah, its captor
H3371	strongs_he	Joktheel, the name of a place in Palestine, and of one in Idumaea
H3372	bdb	fear; fear, be afraid, stand in awe of, fear, reverence, honour; fear, be afraid; stand in awe of; fear, reverence, honour; be fearful, dreadful, cause astonishment and awe, inspire reverence, godly fear, awe; be fearful, dreadful; cause astonishment and awe; inspire reverence, godly fear, awe; make afraid, terrify
H3372	strongs_he	to fear; morally to revere; causatively to frighten
H3373	bdb	יָרֵא adj. verb. v. supr. [j.df.aa] Pt.
H3373	strongs_he	fearing; morally, reverent
H3374	bdb	fear; fear, terror; a terror, obj. of terror; fear of God, reverence, piety; fear, revered
H3374	strongs_he	fear (also used as infinitive); morally, reverence
H3375	bdb	יִרְאוֹן n.pr.loc. city in Naphtali Jos 19:38
H3375	strongs_he	Jiron, a place in Palestine
H3376	bdb	seeth
H3376	strongs_he	Jirijah, an Israelite
H3377	bdb	יָרֵב n.m.epith. of Assyrian king
H3377	strongs_he	Jareb, a symbolical name for Assyria
H3378	bdb	יְרֻבַּ֫עַל n.pr.m. name given to Gideon
H3378	strongs_he	Jerubbaal, a symbolic name of Gideon
H3379	bdb	Jeroboam
H3379	strongs_he	Jarobam, the name of two Israelite kings
H3380	bdb	יְרֻבַּ֫עַל n.pr.m. name given to Gideon
H3380	strongs_he	Jerubbesheth, a symbolic name for Gideon
H3381	bdb	come, go down, descend; come, go down, go down, go down, go down, go down, sink, go down, going down, in tears, be prostrated, descend; come, go down, go down, go down, go down, go down, sink, go down, going down, in tears, be prostrated; come, go down; go down; go down; go down; go down; sink; go down; going down, in tears; be prostrated; descend; cause to come, go down, bring down, send down, cause to flow down, lay prostrate, bring down, take down, let down; cause to come, go down, bring down, send down, cause to flow down, lay prostrate, bring down; bring down; send down, cause to flow down; lay prostrate; bring down; take down; let down; be brought down, be taken down; be brought down; be taken down
H3381	strongs_he	to descend (literally, to go downwards; or conventionally to a lower region, as the shore, a boundary, the enemy, etc.; or figuratively, to fall); causatively, to bring down (in all the above applications)
H3382	bdb	יֶ֫רֶד n.pr.m. son of Mehall’ēl, fourth generation from Seth man of Judah
H3382	strongs_he	Jered, the name of an antediluvian, and of an Israelite
H3383	bdb	Jordan
H3383	strongs_he	Jarden, the principal river of Palestine
H3384	bdb	shoot, pour; shoot with arrows; and they shot at, the shooters, archers; shall, be watered; throw, shoot; throw, cast, cast, lay, set, shoot arrows, throw water, rain; throw, cast; cast, lay, set; shoot arrows; throw water, rain; shot through; throw, cast, shoot, throw water, rain, point out, shew, direct, teach, instruct; throw, cast; shoot; throw water, rain; point out, shew; direct, teach, instruct
H3384	strongs_he	properly, to flow as water (i.e. to rain); transitively, to lay or throw (especially an arrow, i.e. to shoot); figuratively, to point out (as if by aiming the finger), to teach
H3385	bdb	founded of Ēl
H3385	strongs_he	Jeruel, a place in Palestine
H3386	bdb	יָרוֹחַ n.pr.m. a Gadite, 1 Ch 5:14
H3386	strongs_he	Jaroach, an Israelite
H3387	bdb	green thing
H3387	strongs_he	green, i.e. an herb
H3388	bdb	taken possession of; married
H3388	strongs_he	Jerusha or Jerushah, as Israelitess
H3389	bdb	Jerusalem
H3389	strongs_he	Jerushalaim or Jerushalem, the capital city of Palestine
H3390	bdb	Jerusalem
H3390	strongs_he	(Aramaic) corresponding to 3389
H3391	bdb	month
H3391	strongs_he	a lunation, i.e. month
H3392	bdb	[יֶ֫רַח] n.pr.m. ‘son’ of Joktan
H3392	strongs_he	Jerach, an Arabian patriarch
H3393	bdb	month
H3393	strongs_he	a month
H3394	bdb	moon
H3394	strongs_he	the moon
H3395	bdb	may he be compassionated
H3395	strongs_he	Jerocham, the name of seven or eight Israelites
H3396	bdb	may Ēl have compassion
H3396	strongs_he	Jerachmeel, the name of three Israelites
H3397	bdb	the Negeb of the Yeraḥmeelites
H3397	strongs_he	a Jerachmeelite or descendant of Jerachmeel
H3398	bdb	יַרְחָע n.pr.m. an Egyptian slave
H3398	strongs_he	Jarcha, an Egyptian
H3399	bdb	be precipitate; precipitate; wring out
H3399	strongs_he	to precipitate or hurl (rush) headlong; (intransitively) to be rash
H3400	bdb	יְרִיאֵל n.pr.m. chief of tribe of Issachar, 1 Ch 7:2
H3400	strongs_he	Jeriel, an Israelite
H3401	bdb	opponent; adversary
H3401	strongs_he	literally he will contend; properly, adjective contentious; used as noun, an adversary
H3402	bdb	he contendeth, taketh, part, conducteth, case
H3402	strongs_he	Jarib, the name of three Israelites
H3403	bdb	[יְרִיבַי] n.pr.m. a hero of David;—1 Ch 11:46
H3403	strongs_he	Jeribai, an Israelite
H3404	bdb	יְרִיָּהוּ n.pr.m. chief of one of the Levitical courses
H3404	strongs_he	Jerijah, an Israelite
H3405	bdb	Jericho
H3405	strongs_he	Jericho or Jerecho, a place in Palestine
H3406	bdb	יְרֵימוֹת, יְרֵמוֹת, יְרִימוֹת n.pr.m. Benjamites Levites Naphtalite son of David and father of Rehoboam’s wife men who had strange wives
H3406	strongs_he	Jerimoth or Jeremoth, the name of twelve Israelites
H3407	bdb	curtain
H3407	strongs_he	a hanging (as tremulous)
H3408	bdb	יְרִיעוֹת n.pr.m. (?) only 1 Ch 2:18
H3408	strongs_he	Jerioth, an Israelitess
H3409	bdb	thigh; loin; side; base
H3409	strongs_he	the thigh (from its fleshy softness); by euphemistically the generative parts; figuratively, a shank, flank, side
H3410	bdb	thigh; loin
H3410	strongs_he	a thigh
H3411	bdb	flank; side; extreme parts; recesses
H3411	strongs_he	properly, the flank; but used only figuratively, the rear or recess
H3412	bdb	יַרְמוּת n.pr.loc. Canaanitish city, with a king, named between Hebron and Lachish Levitical city in Issachar
H3412	strongs_he	Jarmuth, the name of two places in Palestine
H3413	bdb	יְרֵמַי n.pr.m. one of those who had strange wives Ezr 10:33
H3413	strongs_he	Jeremai, an Israelite
H3414	bdb	looseneth
H3414	strongs_he	Jirmejah, the name of eight or nine Israelites
H3415	bdb	quiver
H3415	strongs_he	properly, to be broken up (with any violent action) i.e. (figuratively) to fear
H3416	bdb	יִרְפְּאֵל n.pr.loc. in Benj., Jos 18:27
H3416	strongs_he	Jirpeel, a place in Palestine
H3417	bdb	spit
H3417	strongs_he	to spit
H3418	bdb	green; greenness
H3418	strongs_he	properly, pallor, i.e. hence, the yellowish green of young and sickly vegetation; concretely, verdure, i.e. grass or vegetation
H3419	bdb	herbs; herbage
H3419	strongs_he	properly, green; concretely, a vegetable
H3420	bdb	mildew; paleness; lividness
H3420	strongs_he	paleness, whether of persons (from fright), or of plants (from drought)
H3421	bdb	יָרְקְעָ֑ם n.pr.m. a name in Judah 1 Ch 2:44
H3421	strongs_he	Jorkeam, a place in Palestine
H3422	bdb	greenish; pale-green
H3422	strongs_he	yellowishness
H3423	bdb	take possession of, inherit, dispossess; take possession of, have as a possession, taking in place of, succeeding to, inheriting, inherit, be one's heir, impoverish; take possession of, have as a possession, taking in place of, succeeding to, inheriting; inherit, be one's heir; impoverish; be, dispossessed, impoverished, come to poverty; the fruit of thy ground shall the cricket get full possession; cause to possess, inherit, cause, to possess, inherit, dispossess, impoverish, bring to ruin, destroy, take possession of; cause to possess, inherit; cause, to possess, inherit, dispossess; impoverish; bring to ruin, destroy; take possession of
H3423	strongs_he	to occupy (by driving out previous tenants, and possessing in their place); by implication, to seize, to rob, to inherit; also to expel, to impoverish, to ruin
H3424	bdb	a possession
H3424	strongs_he	occupancy
H3425	bdb	a; possession; inheritance
H3425	strongs_he	something occupied; a conquest; also a patrimony
H3426	bdb	being, substance, existence; substance; existence, is, are, was, were, will be, the being, presence of
H3426	strongs_he	there is or are (or any other form of the verb to be, as may suit the connection)
H3427	bdb	sit, remain, dwell; sit, sit, sit down, sit down, sit, be set, remain, stay, tarry, dwell, have one’s abode, sit, abide, seated in its place, be inhabited; sit, sit, sit down, sit down, sit, be set; sit; sit, sit down; sit down; sit, be set; remain, stay, tarry; remain, stay, tarry; dwell, have one’s abode; sit, abide, seated in its place, be inhabited; be inhabited; and they shall set their encampments in thee; cause to sit, cause to abide, cause to dwell, cause, to be inhabited, marry, give a dwelling; cause to sit; cause to abide; cause to dwell, cause, to be inhabited; cause to dwell; cause, to be inhabited; marry, give a dwelling; and ye be made to dwell alone in the midst of the land
H3427	strongs_he	properly, to sit down (specifically as judge. in ambush, in quiet); by implication, to dwell, to remain; causatively, to settle, to marry
H3428	bdb	יֶֽשֶׁבְאָב n.pr.m. Levite of the 14th course 1 Ch 24:13
H3428	strongs_he	Jeshebab, an Israelite
H3429	bdb	יֹשֵׁב בַּשֶּׁ֫בֶת n.pr.m. one of David’s heroes 2 S 23:8
H3429	strongs_he	Joshebbash-Shebeth, an Israelite
H3430	bdb	יִשְׁבּוֹ בְּנֹב Kt, יִשְׁבִּי בְּנֹב Qr, n.pr.m. a gigantic Philistine
H3430	strongs_he	Jishbo-be-Nob, a Philistine
H3431	bdb	יִשְׁבַּח n.pr.m. in Judah;—1 Ch 4:17
H3431	strongs_he	Jishbach, an Israelite
H3432	bdb	יָשֻׁבִי adj.gent. of foregoing [v.bn.ag] 1; c. art. as subst. coll. הַי׳ Nu 26:24.
H3432	strongs_he	a Jashubite, or descendant of Jashub
H3433	bdb	יָשֻׁ֫בִי לָ֑חֶם n.pr.m. in Judah 1 Ch 4:22
H3433	strongs_he	Jashubi-Lechem, an Israelite
H3434	bdb	יָשׇׁבְעָם n.pr.m. a hero of David
H3434	strongs_he	Jashobam, the name of two or three Israelites
H3435	bdb	יִשְׁבָּק n.pr.m. son of Abr. and Ḳetûrâh
H3435	strongs_he	Jishbak, a son of Abraham
H3436	bdb	יָשְׁבְּקָ֫שָׁה n.pr.m. a son of Heman
H3436	strongs_he	Joshbekashah, an Israelite
H3437	bdb	יָשׁוּב n.pr.m. in Issachar one with foreign wife
H3437	strongs_he	Jashub, the name of two Israelites
H3438	bdb	יִשְׁוָה n.pr.m. in Asher
H3438	strongs_he	Jishvah, an Israelite
H3439	bdb	[יְשׁוֹחָיָה] n.pr.m. in Simeon (mng.?);—1 Ch 4:36
H3439	strongs_he	Jeshochajah, an Israelite
H3440	bdb	יִשְׁוִי n.pr.m. in Asher a son of Saul
H3440	strongs_he	Jishvi, the name of two Israelites
H3441	bdb	יִשְׁוִי adj.gent. of foregoing [v.bp.ae] 1; c. art. as n.coll. הַיִּ׳, Nu 26:44.
H3441	strongs_he	a Jishvite (collectively) or descendants of Jishvi
H3442	bdb	is salvation, is opulence
H3442	strongs_he	Jeshua, the name of ten Israelites, also of a place in Palestine
H3443	bdb	יֵשׁוּעַ n.pr.m. (BH id. 3, p. 221);—Ezr 5:2.
H3443	strongs_he	Jeshua.
H3444	bdb	salvation; welfare, prosperity; deliverance; salvation; victory
H3444	strongs_he	something saved, i.e. (abstractly) deliverance; hence, aid, victory, prosperity
H3445	bdb	emptiness
H3445	strongs_he	hunger
H3446	bdb	Isaac; he laugheth
H3446	strongs_he	Jischak, the heir of Abraham
H3447	bdb	extend; hold out
H3447	strongs_he	to extend
H3448	bdb	יִשַׁי 41 n.pr.m. father of David
H3448	strongs_he	Jishai, David's father
H3449	bdb	יִשִּׁיָּהוּ, יִשִּׁיָּה n.pr.m. one of David’s heroes a man of Issachar Levites one of those strange wives
H3449	strongs_he	Jishshijah, the name of five Israelites
H3450	bdb	Ēl establisheth
H3450	strongs_he	Jesimael, an Israelite
H3451	bdb	desolation
H3451	strongs_he	desolation
H3452	bdb	waste; wilderness
H3452	strongs_he	a desolation
H3453	bdb	aged
H3453	strongs_he	an old man
H3454	bdb	יְשִׁישַׁי n.pr.m. a Gileadite man 1 Ch 5:14.
H3454	strongs_he	Jeshishai, an Israelite
H3455	bdb	[יָשַׂם] vb. Impf. וַיִּישֶׂם Gn 50:26, and so 24:33 Kt, v. שׂום, שׂים
H3455	strongs_he	to place; intransitively, to be placed
H3456	bdb	be desolate
H3456	strongs_he	to lie waste
H3457	bdb	יִשְׁמָא n.pr.m. a name in Judah 1 Ch 4:3
H3457	strongs_he	Jishma, an Israelite
H3458	bdb	Ēl heareth
H3458	strongs_he	Jishmael, the name of Abraham's oldest son, and of five Israelites
H3459	bdb	Ishmaelites
H3459	strongs_he	a Jishmaelite or descendant of Jishmael
H3460	bdb	heareth
H3460	strongs_he	Jishmajah, the name of two Israelites
H3461	bdb	יִשְׁמְרַי n.pr.m. in Benj., 1 Ch 8:18
H3461	strongs_he	Jishmerai, an Israelite
H3462	bdb	sleep; sleep, go to sleep, be sleep; become inactive, stationary; she made him sleep
H3462	strongs_he	properly, to be slack or languid, i.e. (by implication) sleep (figuratively, to die); also to grow old, stale or inveterate
H3463	bdb	sleeping
H3463	strongs_he	sleepy
H3464	bdb	יָשֵׁן n.pr.m. one of David’s heroes
H3464	strongs_he	Jashen, an Israelite
H3465	bdb	old; withered; flabby
H3465	strongs_he	old
H3466	bdb	יְשָׁנָה n.pr.loc. town on southern border of N. Israel, near Bethel
H3466	strongs_he	Jeshanah, a place in Palestine
H3467	bdb	deliver; be liberated, saved, placed in freedom, be saved, victorious; be liberated, saved, placed in freedom; be saved, victorious; deliver, save, give width and breadth to, liberate, save from moral troubles, give victory to; deliver, save, give width and breadth to, liberate; save from moral troubles; give victory to
H3467	strongs_he	properly, to be open, wide or free, i.e. (by implication) to be safe; causatively, to free or succor
H3468	bdb	deliverance, rescue, salvation, safety, welfare; safety, welfare, prosperity; salvation; victory
H3468	strongs_he	liberty, deliverance, prosperity
H3469	bdb	salutary
H3469	strongs_he	Jishi, the name of four Israelites
H3470	bdb	salvation of Yah; salvation of Yah
H3470	strongs_he	Jeshajah, the name of seven Israelites
H3471	bdb	jasper
H3471	strongs_he	a gem supposed to be jasper (from the resemblance in name)
H3472	bdb	יִשְׁפָּה n.pr.m. in Benjamin 1 Ch 8:16
H3472	strongs_he	Jishpah, an Israelite
H3473	bdb	יִשְׁפָּן n.pr.m. in Benjamin 1 Ch 8:22
H3473	strongs_he	Jishpan, an Israelite
H3474	bdb	be smooth, straight, right; go straight, be pleasing, agreeable, right, straightforward, upright; go straight; be pleasing, agreeable, right; straightforward, upright; make smooth, straight, lead straight along, direct, esteem right, approve; make smooth, straight; lead straight along, direct; esteem right, approve; gold made level, laid smoothly out, upon the graven work; let thine eyelids look straight before thee
H3474	strongs_he	to be straight or even; figuratively, to be (causatively, to make) right, pleasant, prosperous
H3475	bdb	uprightness
H3475	strongs_he	Jesher, an Israelite
H3476	bdb	straightness, uprightness; straightness, evenness; rightness, uprightness; what is due, right
H3476	strongs_he	the right
H3477	bdb	straight, right; straight, level; right, pleasing; straightforward, just, upright; uprightness
H3477	strongs_he	straight (literally or figuratively)
H3478	bdb	Israel, Ēl persisteth, persevereth
H3478	strongs_he	he will rule as God; Jisraël, a symbolical name of Jacob; also (typically) of his posterity
H3479	bdb	Israel
H3479	strongs_he	Israel.
H3480	bdb	יְשַׂרְאֵ֫לָה n.pr.m. a son of Asaph
H3480	strongs_he	Jesarelah, an Israelite
H3481	bdb	יִשְׂרְאֵלִי adj.gent. of foregoing [u.ce.ab]
H3481	strongs_he	a Jisreelite or descendant of Jisrael
H3482	bdb	יִשְׂרְאֵלִי adj.gent. of foregoing [u.ce.ab]
H3482	strongs_he	a Jisreelitess or female descendant of Jisrael
H3483	bdb	uprightness
H3483	strongs_he	rectitude
H3484	bdb	upright one; ideal
H3484	strongs_he	Jeshurun, a symbolic name for Israel
H3485	bdb	Issachar
H3485	strongs_he	Jissaskar, a son of Jacob
H3486	bdb	aged; decrepit
H3486	strongs_he	gray-haired, i.e. an aged man
H3487	bdb	יָת mark of accus.;—Dn 3:12
H3487	strongs_he	a sign of the object of a verb
H3488	bdb	sit, dwell; sit, be seated, dwell; sit, be seated; dwell; cause to dwell
H3488	strongs_he	to sit or dwell
H3489	bdb	pin; peg
H3489	strongs_he	a peg
H3490	bdb	orphan
H3490	strongs_he	a bereaved person
H3491	bdb	searching
H3491	strongs_he	properly, what is left, i.e. (by implication) a gleaning
H3492	bdb	יַתִּיר, יַתִּר n.pr.loc. town in Judah
H3492	strongs_he	Jattir, a place in Palestine
H3493	bdb	pre-eminent; surpassing
H3493	strongs_he	preeminent; as an adverb, very
H3494	bdb	יִתְלָה n.pr.loc. in (Southern) Dan Jos 19:42
H3494	strongs_he	Jithlah, a place in Palestine
H3495	bdb	יִתְמָה n.pr.m. one of David’s valiant men, 1 Ch 11:46
H3495	strongs_he	Jithmah, an Israelite
H3496	bdb	Ēl hireth
H3496	strongs_he	Jathniel, an Israelite
H3497	bdb	יִתְנָ֑ן n.pr.loc. (etym. dub.) city in the Negeb of Judah Jos 15:23
H3497	strongs_he	Jithnan, a place in Palestine
H3498	bdb	remain over; the remainder; be left over, remain over; leave over, leave, leave a remnant, save over, presevre alive, excel, shew pre-eminence, shew excess, have more than enough; leave over, leave, leave a remnant, save over, presevre alive; leave over, leave; leave a remnant; save over, presevre alive; excel, shew pre-eminence; shew excess, have more than enough
H3498	strongs_he	to jut over or exceed; by implication, to excel; (intransitively) to remain or be left; causatively to leave, cause to abound, preserve
H3499	bdb	remainder; excellence; excess; cord; hanging over; down
H3499	strongs_he	properly, an overhanging, i.e. (by implication) an excess, superiority, remainder; also a small rope (as hanging free)
H3500	bdb	abundance
H3500	strongs_he	Jether, the name of five or six Israelites and of one Midianite
H3501	bdb	יִתְרָא n.pr.m. father of Amasa 2 S 17:25
H3501	strongs_he	Jithra, an Israelite (or Ishmaelite)
H3502	bdb	abundance; riches
H3502	strongs_he	properly, excellence, i.e. (by implication) wealth
H3503	bdb	יִתְרוֹ n.pr.m. father of Moses’ wife
H3503	strongs_he	Jethro, Moses' father-in-law
H3504	bdb	advantage; profit
H3504	strongs_he	preeminence, gain
H3505	bdb	יִתְרִי adj.gent., alw. c. art.
H3505	strongs_he	a Jithrite or descendant of Jether
H3506	bdb	יִתְרָן n.pr.m. an Edomite a man of Asher
H3506	strongs_he	Jithran, the name of an Edomite and of an Israelite
H3507	bdb	יִתְרְעָם n.m. 6th son of David
H3507	strongs_he	Jithream, a son of David
H3508	bdb	appendage
H3508	strongs_he	the lobe or flap of the liver (as if redundant or outhanging)
H3509	bdb	יְתֵת n.pr.m. an Edomite chief
H3509	strongs_he	Jetheth, an Edomite
H3510	bdb	be in pain; be in pain, mental pain; be in pain; mental pain; pain, mar
H3510	strongs_he	properly, to feel pain; by implication, to grieve; figuratively, to spoil
H3511	bdb	pain
H3511	strongs_he	suffering (physical or mental), adversity
H3512	bdb	cowed; be disheartened, cowed; then shall he be cowed, downhearted
H3512	strongs_he	to despond; causatively, to deject
H3513	bdb	be heavy, weighty, burdensome, honoured; be heavy, heavy, insensible, dull, be honoured; be heavy; heavy, insensible, dull; be honoured; be made heavy, be honoured, enjoy honour, get oneself glory, honour; be made heavy, be honoured, enjoy honour; be made heavy; be honoured, enjoy honour; get oneself glory, honour; make heavy, insensible, make honourable, honour, glorify; make heavy, insensible; make honourable, honour, glorify; be made honourable, honoured; make heavy, make heavy, dull, unresponsive, cause to be honoured; make heavy; make heavy, dull, unresponsive; cause to be honoured; make oneself heavy, dense, numerous, honour oneself; make oneself heavy, dense, numerous; honour oneself
H3513	strongs_he	to be heavy, i.e. in a bad sense (burdensome, severe, dull) or in a good sense (numerous, rich, honorable); causatively, to make weighty (in the same two senses)
H3514	bdb	heaviness, weight; mass, abundance; vehemence
H3514	strongs_he	weight, multitude, vehemence
H3515	bdb	heavy
H3515	strongs_he	heavy; figuratively in a good sense (numerous) or in a bad sense (severe, difficult, stupid)
H3516	bdb	liver; heavy
H3516	strongs_he	the liver (as the heaviest of the viscera)
H3517	bdb	heaviness
H3517	strongs_he	difficulty
H3518	bdb	be quenched, extinguished, go out; be quenched, extinguished; quench, extinguish
H3518	strongs_he	to expire or (causatively) to extinguish (fire, light, anger)
H3519	bdb	abundance, honour, glory; abundance, riches; honour, splendor, glory; honour, dignity; honour, reputation; my honour; honour, reverence, glory; glory, the object
H3519	strongs_he	properly, weight, but only figuratively in a good sense, splendor or copiousness
H3520	bdb	glorious; abundance; riches
H3520	strongs_he	weightiness, i.e. magnificence, wealth
H3521	bdb	כָּבוּל n.pr.loc. city on border of Asher district in Galilee containing 20 cities given by Sol. to Hiram
H3521	strongs_he	Cabul, the name of two places in Palestine
H3522	bdb	כַּבוֹן n.pr.loc. in Judah Jos 15:40
H3522	strongs_he	Cabon, a place in Palestine
H3523	bdb	netted; fly-net
H3523	strongs_he	a matrass (of intertwined materials)
H3524	bdb	great; mighty; much
H3524	strongs_he	vast, whether in extent (figuratively, of power, mighty; of time, aged), or in number, many
H3525	bdb	fetter; s
H3525	strongs_he	a fetter
H3526	bdb	tread, wash; highway of fuller’s, treader’s, washer’s, field; wash, wash; wash; wash; be washed; after the plague is washed out
H3526	strongs_he	to trample; hence, to wash (properly, by stamping with the feet), whether literal (including the fulling process) or figurative
H3527	bdb	be much, many; make many
H3527	strongs_he	properly, to plait together, i.e. (figuratively) to augment (especially in number or quantity, to accumulate)
H3528	bdb	already
H3528	strongs_he	properly, extent of time, i.e. a great while; hence, long ago, formerly, hitherto
H3529	bdb	Kĕbār
H3529	strongs_he	Kebar, a river of Mesopotamia
H3530	bdb	distance; distance of land; length of way
H3530	strongs_he	properly, length, i.e. a measure (of uncertain dimension)
H3531	bdb	a sieve; net
H3531	strongs_he	a sieve (as netted)
H3532	bdb	lamb
H3532	strongs_he	a ram (just old enough to butt)
H3533	bdb	subdue, bring into bondage; bring into bondage, subdue, force, subdue, dominate; bring into bondage; subdue, force; subdue, dominate; bring into bondage
H3533	strongs_he	to tread down; hence, negatively, to disregard; positively, to conquer, subjugate, violate
H3534	bdb	footstool
H3534	strongs_he	a footstool (as trodden upon)
H3535	bdb	ewe-lamb
H3535	strongs_he	a ewe
H3536	bdb	kiln
H3536	strongs_he	a smelting furnace (as reducing metals)
H3537	bdb	jar
H3537	strongs_he	properly, a pail; but generally of earthenware; a jar for domestic purposes
H3538	bdb	false
H3538	strongs_he	false
H3539	bdb	ruby
H3539	strongs_he	a sparkling gem, probably the ruby
H3540	bdb	כְּדָרְלָעֹמֶר n.pr.m. king of Elam
H3540	strongs_he	Kedorlaomer, an early Persian king
H3541	bdb	thus, here; thus; here; hitherto
H3541	strongs_he	properly, like this, i.e. by implication, (of manner) thus (or so); also (of place) here (or hither); or (of time) now
H3542	bdb	here
H3542	strongs_he	hitherto.
H3543	bdb	rebuke; be, grow dim, faint; grow dim; grow faint
H3543	strongs_he	to be weak, i.e. (figuratively) to despond (causatively, rebuke), or (of light, the eye) to grow dull
H3544	bdb	dim; dull; faint
H3544	strongs_he	feeble, obscure
H3545	bdb	dimming; lessening; alleviation
H3545	strongs_he	properly, a weakening; figuratively, alleviation, i.e. cure
H3546	bdb	be able
H3546	strongs_he	to be able
H3547	bdb	act as priest
H3547	strongs_he	to officiate as a priest; figuratively, to put on regalia
H3548	bdb	priest
H3548	strongs_he	literally one officiating, a priest; also (by courtesy) an acting priest (although a layman)
H3549	bdb	priest
H3549	strongs_he	priest.
H3550	bdb	priesthood
H3550	strongs_he	priesthood
H3551	bdb	window
H3551	strongs_he	a window (as a perforation)
H3552	bdb	כּוּב n.pr.gent. Ez 30:5
H3552	strongs_he	Kub, a country near Egypt
H3553	bdb	helmet
H3553	strongs_he	a helmet (as arched)
H3554	bdb	burn, scorch, brand; be scorched
H3554	strongs_he	properly, to prick or penetrate; hence, to blister (as smarting or eating into)
H3555	bdb	כְּוִיָּה n.f. id. [כִּי]; Ex 21:25.
H3555	strongs_he	a branding
H3556	bdb	star
H3556	strongs_he	a star (as round or as shining); figuratively, a prince
H3557	bdb	comprehend, contain; who hath comprehended the dust of the earth in a shalish-measure; sustain, maintain, contain; were supplied with food; contain, hold, hold in, endure
H3557	strongs_he	properly, to keep in; hence, to measure; figuratively, to maintain (in various senses)
H3558	bdb	כּוּמָז n.[m.] name of a golden ornament
H3558	strongs_he	a jewel (probably gold beads)
H3559	bdb	be firm; be set up, established, fixed, be directed aright, prepare, be ready, be prepared; be set up, established, fixed; be directed aright; prepare, be ready; be prepared; establish, set up, fix, make ready, prepare, provide for, provide, furnish, direct, arrange, order; establish, set up; fix, make ready, prepare, provide for, provide, furnish; fix, make ready, prepare; provide for, provide, furnish; direct; arrange, order; be established, be prepared; be established; be prepared; set up, establish, constitute, make, fix, direct; set up, establish; constitute, make; fix; direct; be established; be established; blow
H3559	strongs_he	properly, to be erect (i.e. stand perpendicular); hence (causatively) to set up, in a great variety of applications, whether literal (establish, fix, prepare, apply), or figurative (appoint, render sure, proper or prosperous)
H3560	bdb	כּוּן n.pr.loc. city of Hadarezer
H3560	strongs_he	Kun, a place in Syria
H3561	bdb	cake; sacrificial cake
H3561	strongs_he	something prepared, i.e. a sacrificial wafer
H3562	bdb	כּוֹנַנְיָ֫הוּ Kt, כֳּנַנְיָ֫הוּ Qr, n.pr.m. Levites.
H3562	strongs_he	Conanjah, the name of two Israelites
H3563	bdb	owl; cup
H3563	strongs_he	a cup (as a container), often figuratively, a lot (as if a potion); also some unclean bird, probably an owl (perhaps from the cup-like cavity of its eye)
H3564	bdb	smelting-pot; furnace
H3564	strongs_he	a pot or furnace (as if excavated)
H3565	bdb	smoking pit
H3565	strongs_he	Cor-Ashan, a place in Palestine
H3566	bdb	Cyrus
H3566	strongs_he	Koresh (or Cyrus), the Persian king
H3567	bdb	Cyrus
H3567	strongs_he	Cyrus.
H3568	bdb	כּוּשׁ n.pr.pers.m., gent. et terr. 1st ‘son’ of חָם land and people of southern Nile-valley, or Upper Egypt, extending from Syene indefinitely to the south כּוּשׁ is err. for כַּשׁ = Bab. Kaššu; כּוּשׁ n.pr.m. a Benjamite, ψ 7:1 (title)
H3568	strongs_he	Cush (or Ethiopia), the name of a son of Ham, and of his territory; also of an Israelite
H3569	bdb	a Cushite; the Cushite
H3569	strongs_he	a Cushite, or descendant of Cush
H3570	bdb	כּוּשִׁי n.pr.m. great-grandfather of יְהוּדִי father of prophet Zephaniah
H3570	strongs_he	Cushi, the name of two Israelites
H3571	bdb	a Cushite; the Cushite
H3571	strongs_he	a Cushite woman
H3572	bdb	כּוּשָׁן n.pr., gent. vel terr., only Hb 3:7
H3572	strongs_he	Cushan, a region of Arabia
H3573	bdb	כּוּשַׁן רִשְׁעָתַ֫יִם n.pr.m. king of Aram Naharaim
H3573	strongs_he	Cushan-Rishathajim, a Mesopotamian king
H3574	bdb	prosperity
H3574	strongs_he	prosperity; in plural freedom
H3575	bdb	כּוּתָה, כּוּת n.pr.loc. whence king of Assyria (Sargon) transported colonists into N. Israel
H3575	strongs_he	Cuth or Cuthah, a province of Assyria
H3576	bdb	lie, be a liar; his hope has been made deceptive; lie, tell a lie, disappoint, fail; lie, tell a lie; disappoint, fail; will make me a liar
H3576	strongs_he	to lie (i.e. deceive), literally or figuratively
H3577	bdb	lie; falsehood; deceptive thing
H3577	strongs_he	falsehood; literally (untruth) or figuratively (idol)
H3578	bdb	כֹּֽזֵבָ֗א n.pr.loc. 1 Ch 4:22
H3578	strongs_he	Cozeba, a place in Palestine
H3579	bdb	כָּזְבִי n.pr.f. a woman of Midian
H3579	strongs_he	Cozbi, a Midianitess
H3580	bdb	כְּזִיב n.pr.loc. in plain of Judah Gn 38:5
H3580	strongs_he	Kezib, a place in Palestine
H3581	bdb	chameleon; strength; power
H3581	strongs_he	vigor, literally (force, in a good or a bad sense) or figuratively (capacity, means, produce); also (from its hardiness) a large lizard
H3582	bdb	hide, efface; be hidden, be effaced, destroyed; be hidden; be effaced, destroyed; hide; hide, efface, annihilate; hide; efface, annihilate
H3582	strongs_he	to secrete, by act or word; hence (intensively) to destroy
H3583	bdb	paint
H3583	strongs_he	to paint (with stibium)
H3584	bdb	be disappointing, deceive, fail, grow lean; my flesh hath grown lean, fr. fatness; thine enemies shall cringe; deceive, act deceptively, cringe, come cringing, disappoint, fail; deceive; act deceptively; cringe, come cringing; disappoint, fail; shall come cringing to me
H3584	strongs_he	to be untrue, in word (to lie, feign, disown) or deed (to disappoint, fail, cringe)
H3585	bdb	lying; leanness
H3585	strongs_he	literally a failure of flesh, i.e. emaciation; figuratively, hypocrisy
H3586	bdb	deceptive; false
H3586	strongs_he	faithless
H3587	bdb	burning; branding
H3587	strongs_he	a brand or scar
H3588	bdb	that, for, when; that; when, if, when, if, though; when; if; when, if, though; Because, since; that if, for if; that if; for if; except, but rather, but, surely; except; but rather, but; surely; forasmuch as
H3588	strongs_he	(by implication) very widely used as a relative conjunction or adverb (as below); often largely modified by other particles annexed
H3589	bdb	his misfortune
H3589	strongs_he	a crushing; figuratively, calamity
H3590	bdb	spark
H3590	strongs_he	properly, something struck off, i.e. a spark (as struck)
H3591	bdb	dart; javelin
H3591	strongs_he	properly, something to strike with, i.e. a dart
H3592	bdb	כִּידֹן n.pr.m. 1 Ch 13:9
H3592	strongs_he	Kidon, a place in Palestine
H3593	bdb	onset
H3593	strongs_he	perhaps tumult
H3594	bdb	established; firm
H3594	strongs_he	properly, a statue, i.e. idol; but used (by euphemism) for some heathen deity (perhaps corresponding to Priapus or Baal-peor)
H3595	bdb	pot, basin; pot; fire-pot; basin, laver; platform, stage
H3595	strongs_he	properly, something round (as excavated or bored), i.e. a chafing-dish for coals or a caldron for cooking; hence (from similarity of form) a washbowl; also (for the same reason) a pulpit or platform
H3596	bdb	knave
H3596	strongs_he	niggardly
H3597	bdb	axe
H3597	strongs_he	a club or sledge-hammer
H3598	bdb	Pleiades
H3598	strongs_he	a cluster of stars, i.e. the Pleiades
H3599	bdb	bag, purse, from his purse, bag; a purse
H3599	strongs_he	a cup; also a bag for money or weights
H3600	bdb	cooking-furnace
H3600	strongs_he	a cooking range (consisting of two parallel stones, across which the boiler is set)
H3601	bdb	distaff
H3601	strongs_he	literally a director, i.e. the spindle or shank of a distaff, by which it is twirled
H3602	bdb	thus
H3602	strongs_he	just so, referring to the previous or following context
H3603	bdb	a round; a round district; a round loaf; a round weight; talent
H3603	strongs_he	a circle, i.e. (by implication) a circumjacent tract or region, especially the Ghor or valley of the Jordan; also a (round) loaf; also a talent (or large [round] coin)
H3604	bdb	talent
H3604	strongs_he	a talent
H3605	bdb	the whole, all; the whole of, any, every; all things, all, all; all things, all; all; all
H3605	strongs_he	properly, the whole; hence, all, any or every (in the singular only, but often in a plural sense)
H3606	bdb	the whole; all
H3606	strongs_he	all, any, (forasmuch) as, be-(for this) cause, every, no (manner, -ne), there (where) -fore, though, what (where, who) -soever, (the) whole.
H3607	bdb	shut up, restrain, withhold, restrain, hinder, protect; shut up, restrain, withhold; shut up; restrain; withhold; and the rain from heaven was restrained
H3607	strongs_he	to restrict, by act (hold back or in) or word (prohibit)
H3608	bdb	confinement; restraint; imprisonment; confinement; prison; garments of imprisonment
H3608	strongs_he	a prison
H3609	bdb	כִּלְאָב n.pr.m. second son of David, 2 S 3:3 = דָּנִיֵּאל 1 Ch 3:1, v. דָּנִיֵּאל 1. p. 193 supr.
H3609	strongs_he	Kilab, an Israelite
H3610	bdb	two kinds; both; two; both; two; reservoirs; not cause thy cattle to breed; two kinds
H3610	strongs_he	two heterogeneities
H3611	bdb	dog, dog; my sheep-dogs; a dead dog
H3611	strongs_he	a dog; hence (by euphemism) a male prostitute
H3612	bdb	כָּלֵב n.pr.m. son of יְפֻנֶּה
H3612	strongs_he	Caleb, the name of three Israelites
H3613	bdb	אֶפְרָ֫תָה n.pr. n. pr. loc. place near Bethel, where Rachel died & was buried id., a name of Bethlehem id., perh. applied to district where Kitjath Jearim lay, on the border of Judah & Benjamin n. pr. f. name given to wife of Caleb
H3613	strongs_he	Caleb-Ephrathah, a place in Egypt (if the text is correct)
H3614	bdb	כָּלִבִּי adj.gent. 1 S 25:3 Qr
H3614	strongs_he	a Calebite or descendant of Caleb
H3615	bdb	be complete, at an end, finished, accomplished, spent; be complete, at an end, be completed, finished, be accomplished, fulfilled, be determined, plotted, be spent, used up, come to an end, waste away, be exhausted, fail, come to an end, vanish, perish, be destroyed; be complete, at an end, be completed, finished, be accomplished, fulfilled, be determined, plotted; be complete, at an end; be completed, finished; be accomplished, fulfilled; be determined, plotted; be spent, used up, come to an end, waste away, be exhausted, fail, come to an end, vanish, perish, be destroyed; be spent, used up, come to an end; waste away, be exhausted, fail; come to an end, vanish, perish, be destroyed; complete, bring to an end, finish, complete, finish, make an end, end, accomplish, fulfil, bring to pass, accomplish, determine, put an end to, cause to cease, cause to fail, exhaust, use up, spend, destroy, exterminate; complete, bring to an end, finish, complete, finish, make an end, end, accomplish, fulfil, bring to pass, accomplish, determine; complete, bring to an end, finish; complete; finish; make an end, end; accomplish, fulfil, bring to pass; accomplish, determine; put an end to, cause to cease, cause to fail, exhaust, use up, spend, destroy, exterminate; put an end to, cause to cease; cause to fail, exhaust, use up, spend; destroy, exterminate
H3615	strongs_he	to end, whether intransitive (to cease, be finished, perish) or transitive (to complete, prepare, consume)
H3616	bdb	failing
H3616	strongs_he	pining
H3617	bdb	completion; complete destruction; consumption; annihilation
H3617	strongs_he	a completion; adverb, completely; also destruction
H3618	bdb	daughter-in-law; bride
H3618	strongs_he	a bride (as if perfect); hence, a son's wife
H3619	bdb	basket; cage
H3619	strongs_he	a bird-trap (as furnished with a clap-stick or treadle to spring it); hence, a basket (as resembling a wicker cage)
H3620	bdb	כְּלוּב n.pr.m. a name in Judah father of one of David’s officers
H3620	strongs_he	Kelub, the name of two Israelites
H3621	bdb	כְּלוּבָ֑י n.pr.m. a son of Hezron of Judah
H3621	strongs_he	Kelubai, an Israelite
H3622	bdb	כלוהי Kt, כְּלוּהוּ Qr n.pr.m. one of those who had strange wives Ezr 10:35
H3622	strongs_he	Keluhai, an Israelite
H3623	bdb	betrothal
H3623	strongs_he	bridehood (only in the plural)
H3624	bdb	firm; rugged strength
H3624	strongs_he	maturity
H3625	bdb	[כֶּ֫לַח], כָּ֑לַח n.pr.loc. city in Assyria
H3625	strongs_he	Kelach, a place in Assyria
H3626	bdb	כָּל־חֹזֶה n.pr.m. father of one of the builders, Shallun a name in Judah
H3626	strongs_he	Col-Chozeh, an Israelite
H3627	bdb	article; utensil; vessel
H3627	strongs_he	something prepared, i.e. any apparatus (as an implement, utensil, dress, vessel or weapon)
H3628	bdb	כלוא Kt, כְּלִיא Qr n.[m.] id. [k.bi.ab];—בֵּ֥ית הַכּ׳ Je 37:4 52:31 (v. כֶּלֶא supr.)
H3628	strongs_he	a prison
H3629	bdb	kidneys
H3629	strongs_he	a kidney (as an essential organ); figuratively, the mind (as the interior self)
H3630	bdb	כִּלְיוֹן n.pr.m. one of Naomi’s sons
H3630	strongs_he	Kiljon, an Israelite
H3631	bdb	failing; pining; annihilation
H3631	strongs_he	pining, destruction
H3632	bdb	entire; whole; holocaust
H3632	strongs_he	complete; as noun, the whole (specifically, a sacrifice entirely consumed); as adverb, fully
H3633	bdb	כַּלְכֹּל n.pr.m. one of the wise men whom Solomon surpassed
H3633	strongs_he	Calcol, an Israelite
H3634	bdb	complete; perfect
H3634	strongs_he	to complete
H3635	bdb	complete; he finished it; be completed
H3635	strongs_he	to complete
H3636	bdb	כְּלָ֑ל n.pr.m. one of those who took strange wives Ezr 10:30
H3636	strongs_he	Kelal, an Israelite
H3637	bdb	be humiliated, humiliate; be humiliated, ashamed, put to shame, dishonoured, confounded; put to shame, insult, humiliate, exhibit shame; put to shame, insult, humiliate; exhibit shame; we were not insulted, humiliated, they were put to shame, dishonoured, confounded; we were not insulted, humiliated; they were put to shame, dishonoured, confounded
H3637	strongs_he	properly, to wound; but only figuratively, to taunt or insult
H3638	bdb	כִּלְמָד n.pr.loc. Ez 27:23, named after אַשּׁוּר
H3638	strongs_he	Kilmad, a place apparently in the Assyrian empire
H3639	bdb	insult; reproach; ignominy
H3639	strongs_he	disgrace
H3640	bdb	ignominy
H3640	strongs_he	disgrace
H3641	bdb	כַּלְנֵ֑ה n.pr.loc. in Babylonia, Gn 10:10 (J); כַּלְנֶה n.pr.loc. city (conquered by Assyria under Sargon?)
H3641	strongs_he	Calneh or Calno, a place in the Assyrian empire
H3642	bdb	faint
H3642	strongs_he	to pine after
H3643	bdb	כִּמְהָם n.pr.m. attendant of David in n.loc.
H3643	strongs_he	Kimham, an Israelite
H3644	bdb	like; as; when; the like of what
H3644	strongs_he	as, thus, so
H3645	bdb	Chemosh
H3645	strongs_he	Kemosh, the god of the Moabites
H3646	bdb	cummin
H3646	strongs_he	'cummin' (from its use as a condiment)
H3647	bdb	store up
H3647	strongs_he	to store away, i.e. (figuratively) in the memory
H3648	bdb	grow warm; tender; be; grow hot
H3648	strongs_he	properly, to intertwine or contract, i.e. (by implication) to shrivel (as with heat); figuratively, to be deeply affected with passion (love or pity)
H3649	bdb	idol-; priest
H3649	strongs_he	properly, an ascetic (as if shrunk with self-maceration), i.e. an idolatrous priest (only in plural)
H3650	bdb	darkness; gloominess
H3650	strongs_he	obscuration (as if from shrinkage of light), i.e. an eclipse (only in plural)
H3651	bdb	forasmuch as; right, veritable, honest; right; veritable, true; honest; so
H3651	strongs_he	properly, set upright; hence (figuratively as adjective) just; but usually (as adverb or conjunction) rightly or so (in various applications to manner, time and relation; often with other particles)
H3652	bdb	thus; as follows
H3652	strongs_he	so
H3653	bdb	base; pedestal; office
H3653	strongs_he	a stand, i.e. pedestal or station
H3654	bdb	gnat; gnats; gnat-swarm; lice
H3654	strongs_he	a gnat
H3655	bdb	betitle, title, give an epithet, cognomen; I have called thee by thy name, given thee a title; he is betitled
H3655	strongs_he	to address by an additional name; hence, to eulogize
H3656	bdb	כַּנֶּה n.pr.loc. appar. in Mesopot., Ez 27:23
H3656	strongs_he	Canneh, a place in Assyria
H3657	bdb	support; root; stock
H3657	strongs_he	a plant (as set)
H3658	bdb	lyre
H3658	strongs_he	a harp
H3659	bdb	appointeth
H3659	strongs_he	Conjah, an Israelite king
H3660	bdb	accordingly; as follows
H3660	strongs_he	so or thus
H3661	bdb	support; root; stock
H3661	strongs_he	to set out, i.e. plant
H3662	bdb	כְּנָנִי n.pr.m. a Levite Ne 9:4
H3662	strongs_he	Kenani, an Israelite
H3663	bdb	is firm
H3663	strongs_he	Kenanjah, an Israelite
H3664	bdb	gather, collect; gather; and I will gather you together; and the covering is, narrow when one gathers oneself together
H3664	strongs_he	to collect; hence, to enfold
H3665	bdb	be humble; humble oneself, be humbled, subdued; humble oneself; be humbled, subdued; humble, subdue; humble; subdue
H3665	strongs_he	properly, to bend the knee; hence, to humiliate, vanquish
H3666	bdb	bundle; pack
H3666	strongs_he	a package
H3667	bdb	merchant; s; Canaan
H3667	strongs_he	Kenaan, a son a Ham; also the country inhabited by him
H3668	bdb	כְּנַעֲנָה n.pr.m. father of proph. Zedekiah a Benjamite
H3668	strongs_he	Kenaanah, the name of two Israelites
H3669	bdb	כְּנַעֲנִי adj. et nom.gent.; trader; merchant
H3669	strongs_he	a Kenaanite or inhabitant of Kenaan; by implication, a pedlar (the Canaanites standing for their neighbors the Ishmaelites, who conducted mercantile caravans)
H3670	bdb	be cornered; thrust into a corner; aside
H3670	strongs_he	properly, to project laterally, i.e. probably (reflexive) to withdraw
H3671	bdb	wing; extremity
H3671	strongs_he	an edge or extremity; specifically (of a bird or army) a wing, (of a garment or bedclothing) a flap, (of the earth) a quarter, (of a building) a pinnacle
H3672	bdb	כִּנֶּ֫רֶת, כִּנֲּֿרוֹת n.pr.loc. in Galilee (Naphtali) a city lake near the city
H3672	strongs_he	Kinneroth or Kinnereth, a place in Palestine
H3673	bdb	gather; assembled
H3673	strongs_he	to assemble
H3674	bdb	associate; colleague
H3674	strongs_he	a colleague (as having the same title)
H3675	bdb	associate
H3675	strongs_he	companion.
H3676	bdb	seat; throne
H3676	strongs_he	sworn.
H3677	bdb	full moon
H3677	strongs_he	properly, fulness or the full moon, i.e. its festival
H3678	bdb	seat; throne
H3678	strongs_he	properly, covered, i.e. a throne (as canopied)
H3679	bdb	Chaldean
H3679	strongs_he	Chaldean.
H3680	bdb	cover; conceal, covered; conceal; covered; covered; cover, clothe, cover, conceal, cover, cover, spread over, cover, overwhelm, cover over; cover, clothe; cover, conceal; cover; cover, spread over; cover, overwhelm; cover over; be covered, be clothed; be covered; be clothed; cover, clothe oneself
H3680	strongs_he	properly, to plump, i.e. fill up hollows; by implication, to cover (for clothing or secrecy)
H3681	bdb	covering
H3681	strongs_he	properly, covered, i.e. (as noun) a covering
H3682	bdb	covering; covering, clothing; covering
H3682	strongs_he	a cover (garment); figuratively, a veiling
H3683	bdb	cut off; away
H3683	strongs_he	to cut off
H3684	bdb	stupid fellow; dullard; fool
H3684	strongs_he	properly, fat, i.e. (figuratively) stupid or silly
H3685	bdb	Orion
H3685	strongs_he	any notable constellation; specifically Orion (as if a burly one)
H3686	bdb	כְּסִיל n.pr.loc. in S of tribe of Judah
H3686	strongs_he	Kesil, a place in Palestine
H3687	bdb	stupidity
H3687	strongs_he	silliness
H3688	bdb	be; become stupid
H3688	strongs_he	properly, to be fat, i.e. (figuratively) silly
H3689	bdb	loins; stupidity; confidence
H3689	strongs_he	properly, fatness, i.e. by implication (literally) the loin (as the seat of the leaf fat) or (generally) the viscera; also (figuratively) silliness or (in a good sense) trust
H3690	bdb	stupidity; confidence
H3690	strongs_he	in a good sense, trust; in a bad one, silliness
H3691	bdb	Kislew
H3691	strongs_he	Kisleu, the 9th Hebrew month
H3692	bdb	כִּסְלוֹן n.pr.m. a prince of Benjamin Nu 34:21.
H3692	strongs_he	Kislon, an Israelite
H3693	bdb	כְּסָלוֹן n.pr.loc. on border of tribe of Judah Jos 15:10
H3693	strongs_he	Kesalon, a place in Palestine
H3694	bdb	כְּסֻלּוֹת n.pr.loc. in the tribe of Issachar
H3694	strongs_he	Kesulloth, a place in Palestine
H3695	bdb	כַּסְלֻחִים n.pr.gent. not identif.
H3695	strongs_he	Casluchim, a people cognate to the Egyptians
H3696	bdb	כְּסֻלּוֹת n.pr.loc. in the tribe of Issachar
H3696	strongs_he	Kisloth-Tabor, a place in Palestine
H3697	bdb	shear; clip
H3697	strongs_he	to shear
H3698	bdb	spelt
H3698	strongs_he	spelt (from its bristliness as if just shorn)
H3699	bdb	compute
H3699	strongs_he	to estimate
H3700	bdb	long; for the work of thy hands thou wouldest long, like a lion that longeth to rend; thou didst long sorely for thy father’s house
H3700	strongs_he	properly, to become pale, i.e. (by implication) to pine after; also to fear
H3701	bdb	silver, money
H3701	strongs_he	silver (from its pale color); by implication, money
H3702	bdb	silver
H3702	strongs_he	money, silver.
H3703	bdb	כָּסִפְיָא n.pr.loc. in Babylonia, site unknown
H3703	strongs_he	Casiphja, a place in Babylon
H3704	bdb	band; fillet
H3704	strongs_he	a cushion or pillow (as covering a seat or bed)
H3705	bdb	now
H3705	strongs_he	now
H3706	bdb	now
H3706	strongs_he	thus (only in the formula 'and so forth')
H3707	bdb	be vexed, angry; be vexed, indignant, be angry; be vexed, indignant; be angry; provoke to anger; vex, vex, provoke to anger; vex; vex, provoke to anger
H3707	strongs_he	to trouble; by implication, to grieve, rage, be indignant
H3708	bdb	vexation; anger; vexation, grief; vexation, anger
H3708	strongs_he	vexation
H3709	bdb	hollow; flat of the hand; palm; sole of foot; hand
H3709	strongs_he	the hollow hand or palm (so of the paw of an animal, of the sole, and even of the bowl of a dish or sling, the handle of a bolt, the leaves of a palm-tree); figuratively, power
H3710	bdb	rock
H3710	strongs_he	a hollow rock
H3711	bdb	subdue
H3711	strongs_he	properly, to bend, i.e. (figuratively) to tame or subdue
H3712	bdb	branch; frond
H3712	strongs_he	a leaf of a palmtree
H3713	bdb	bowl; hoar frost
H3713	strongs_he	properly, a cover, i.e. (by implication) a tankard (or covered goblet); also white frost (as covering the ground)
H3714	bdb	rafter; girder
H3714	strongs_he	a girder
H3715	bdb	young lion; villages
H3715	strongs_he	a village (as covered in by walls); also a young lion (perhaps as covered with a mane)
H3716	bdb	כְּפִירָה n.pr.loc. city of the Hivites subsequently assigned to Benjamin.
H3716	strongs_he	Kephirah, a place in Palestine
H3717	bdb	double, double over; and thou shalt double over, folded double; and let, be doubled
H3717	strongs_he	to fold together; figuratively, to repeat
H3718	bdb	the double
H3718	strongs_he	a duplicate
H3719	bdb	be hungry; hunger; hungrily desire
H3719	strongs_he	to bend
H3720	bdb	hunger; famine
H3720	strongs_he	hunger (as making to stoop with emptiness and pain)
H3721	bdb	bend, bend down, be bent, bowed; my soul is bowed down; shall I bow myself, toward the high God?
H3721	strongs_he	to curve
H3722	bdb	cover over, pacify, make propitiation; cover over, pacify, propitiate, cover over, atone for sin, cover over, atone for sin and persons by legal rites; cover over, pacify, propitiate; cover over, atone for sin; cover over, atone for sin and persons by legal rites; be covered over, atoned for; the iniquity of the house of Eli shall not be covered by peace-offering or minchah; and the blood shall be covered for them; and thou shalt pitch it with pitch
H3722	strongs_he	to cover (specifically with bitumen); figuratively, to expiate or condone, to placate or cancel
H3723	bdb	village; village of the Ammonites
H3723	strongs_he	a village (as protected by walls)
H3724	bdb	pitch; El Ḥenna; the price of a life; ransom; village
H3724	strongs_he	properly, a cover, i.e. (literally) a village (as covered in); (specifically) bitumen (as used for coating), and the henna plant (as used for dyeing); figuratively, a redemption-price
H3725	bdb	atonement
H3725	strongs_he	expiation (only in plural)
H3726	bdb	village; village of the Ammonites
H3726	strongs_he	Kefar-ha-Ammoni, a place in Palestine
H3727	bdb	propitiatory; cover over sin; cover; lid
H3727	strongs_he	a lid (used only of the cover of the sacred Ark)
H3728	bdb	make bent; press; bend together
H3728	strongs_he	to tread down; figuratively, to humiliate
H3729	bdb	bind; they were bound; bind
H3729	strongs_he	to fetter
H3730	bdb	capital; knob; bulb
H3730	strongs_he	a chaplet; but used only in an architectonic sense, i.e. the capital of a column, or a wreath-like button or disk on the candelabrum
H3731	bdb	Crete
H3731	strongs_he	Caphtor (i.e. a wreath-shaped island), the original seat of the Philistines
H3732	bdb	Cretans
H3732	strongs_he	a Caphtorite (collectively) or native of Caphtor
H3733	bdb	pasture; he-lamb; battering-ram; basket-saddle
H3733	strongs_he	a ram (as full-grown and fat), including a battering-ram (as butting); hence, a meadow (as for sheep); also a pad or camel's saddle (as puffed out)
H3734	bdb	kōr; kōr
H3734	strongs_he	properly, a deep round vessel, i.e. (specifically) a cor or measure for things dry
H3735	bdb	be distressed
H3735	strongs_he	to grieve
H3736	bdb	be-mantle; mantle; bind round
H3736	strongs_he	to gird or clothe
H3737	bdb	helmet; cap
H3737	strongs_he	a mantle
H3738	bdb	bore; dig; hew; dig; dig; until the pit be digged
H3738	strongs_he	properly, to dig; figuratively, to plot; generally, to bore or open
H3739	bdb	give a feast; get by trade; trade
H3739	strongs_he	to purchase
H3740	bdb	a feast
H3740	strongs_he	a purchase
H3741	bdb	cistern; well
H3741	strongs_he	a meadow
H3742	bdb	cherub
H3742	strongs_he	a cherub or imaginary figure
H3743	bdb	cherub
H3743	strongs_he	Kerub, a place in Babylon
H3744	bdb	herald
H3744	strongs_he	a herald
H3745	bdb	make proclamation
H3745	strongs_he	to proclaim
H3746	bdb	Carian; Carians
H3746	strongs_he	a life-guardsman
H3747	bdb	כְּרִית n.pr. the brook where Elijah was hidden
H3747	strongs_he	Kerith, a brook of Palestine
H3748	bdb	divorcement
H3748	strongs_he	a cutting (of the matrimonial bond), i.e. divorce
H3749	bdb	border; rim
H3749	strongs_he	a rim or top margin
H3750	bdb	saffron
H3750	strongs_he	the crocus
H3751	bdb	כַּרְכְּמִישׁ, כַּרְכְּמִשׁ n.pr.loc. city on Euphrates
H3751	strongs_he	Karkemish, a place in Syria
H3752	bdb	כַּרְכַּס n.pr.m. Pers., a eunuch of Ahasuerus, Est 1:10.
H3752	strongs_he	Karkas, a eunuch of Xerxes
H3753	bdb	dromedary
H3753	strongs_he	a dromedary (from its rapid motion as if dancing)
H3754	bdb	vineyard
H3754	strongs_he	a garden or vineyard
H3755	bdb	tend vineyards; dress vines; vinedressers
H3755	strongs_he	a vinedresser
H3756	bdb	כַּרְמִי n.pr.m. son of Reuben a Judaite
H3756	strongs_he	Karmi, the name of three Israelites
H3757	bdb	כַּרְמִי adj.gent. only c. art., as subst. Nu 26:6.
H3757	strongs_he	a Karmite or descendant of Karmi
H3758	bdb	crimson; carmine
H3758	strongs_he	carmine, a deep red
H3759	bdb	plantation; garden-land; fruit; garden-growth
H3759	strongs_he	a planted field (garden, orchard, vineyard or park); by implication, garden produce
H3760	bdb	Carmel
H3760	strongs_he	Karmel, the name of a hill and of a town in Palestine
H3761	bdb	the Carmelite; the Carmelitess
H3761	strongs_he	a Karmelite or inhabitant of Karmel (the town)
H3762	bdb	the Carmelite; the Carmelitess
H3762	strongs_he	a Karmelitess or female inhabitant of Karmel
H3763	bdb	כְּרָ֑ן n.pr.m., an Edomite
H3763	strongs_he	Keran, an aboriginal Idumaean
H3764	bdb	throne
H3764	strongs_he	a throne
H3765	bdb	tear off
H3765	strongs_he	to lay waste
H3766	bdb	bow down; bow, bow down, bow down over, bow down; bow; bow down; bow down over; bow down; bow in grief, bow down in death; bow in grief; bow down in death
H3766	strongs_he	to bend the knee; by implication, to sink, to prostrate
H3767	bdb	leg
H3767	strongs_he	the leg (from the knee to the ankle) of men or locusts (only in the dual)
H3768	bdb	cotton; fine linen
H3768	strongs_he	byssus or fine vegetable wool
H3769	bdb	dancing; whirling
H3769	strongs_he	to dance (i.e. whirl)
H3770	bdb	belly
H3770	strongs_he	the paunch or belly (as swelling out)
H3771	bdb	כַּרְשְׁנָא n.pr.m. a Pers. prince Est 1:14.
H3771	strongs_he	Karshena, a courtier of Xerxes
H3772	bdb	cut off, cut down; cut off, cut down, hew, cut, make a covenant; cut off; cut down; hew; cut, make a covenant; be cut off, be cut down, be chewed, be cut off, fail; be cut off; be cut down; be chewed; be cut off, fail; be cut off, be cut down; be cut off; be cut down; cut off, cut off, cut down, destroy, take away, permit to perish; cut off; cut off; cut down, destroy; take away; permit to perish
H3772	strongs_he	to cut (off, down or asunder); by implication, to destroy or consume; specifically, to covenant (i.e. make an alliance or bargain, originally by cutting flesh and passing between the pieces)
H3773	bdb	cut off, cut down; cut off, cut down, hew, cut, make a covenant; cut off; cut down; hew; cut, make a covenant; be cut off, be cut down, be chewed, be cut off, fail; be cut off; be cut down; be chewed; be cut off, fail; be cut off, be cut down; be cut off; be cut down; cut off, cut off, cut down, destroy, take away, permit to perish; cut off; cut off; cut down, destroy; take away; permit to perish
H3773	strongs_he	something cut, i.e. a hewn timber
H3774	bdb	Kerethites; Cretans
H3774	strongs_he	a Kerethite or life-guardsman
H3775	bdb	lamb
H3775	strongs_he	a young sheep
H3776	bdb	ewe-lamb
H3776	strongs_he	a young ewe
H3777	bdb	כֶּ֫שֶׂד n.pr.m. son of Nahor acc. to Gn 22:22 (J).
H3777	strongs_he	Kesed, a relative of Abraham
H3778	bdb	Kasdim; Chaldeans; Chaldea
H3778	strongs_he	a Kasdite, or descendant of Kesed; by implication, a Chaldaean (as if so descended); also an astrologer (as if proverbial of that people
H3779	bdb	Chaldean
H3779	strongs_he	a Chaldaean or inhabitant of Chaldaea; by implication, a Magian or professional astrologer
H3780	bdb	be sated; gorged
H3780	strongs_he	to grow fat (i.e. be covered with flesh)
H3781	bdb	axe
H3781	strongs_he	properly, a feller, i.e. an axe
H3782	bdb	stumble, stagger, totter; stumble, by means of, totter; stumble, by means of; totter; stumble, be tottering, feeble; stumble; be tottering, feeble; cause to stumble, make feeble, weak; cause to stumble; make feeble, weak; and let them be ones who have stumbled before thee, and let them be ones overthrown before thee
H3782	strongs_he	to totter or waver (through weakness of the legs, especially the ankle); by implication, to falter, stumble, faint or fall
H3783	bdb	a stumbling; calamity
H3783	strongs_he	properly, a tottering, i.e. ruin
H3784	bdb	practice sorcery
H3784	strongs_he	properly, to whisper a spell, i.e. to inchant or practise magic
H3785	bdb	sorcery
H3785	strongs_he	magic
H3786	bdb	sorcerer
H3786	strongs_he	a magician
H3787	bdb	be advantageous, proper, suitable, succeed; and the thing be proper in the view of the king; an advantage for giving success in wisdom
H3787	strongs_he	by implication, to be acceptable; also to succeed or prosper
H3788	bdb	skill; success
H3788	strongs_he	success, advantage
H3789	bdb	write; write, write down, describe in writing, register, enroll, decree; write; write down, describe in writing; register, enroll; decree; be written, be written down, recorded; be written; be written down, recorded
H3789	strongs_he	to grave, by implication, to write (describe, inscribe, prescribe, subscribe)
H3790	bdb	write; thus, it, was written
H3790	strongs_he	write(-ten).
H3791	bdb	writing; register, enrolment; mode of writing, character, letter; letter
H3791	strongs_he	something written, i.e. a writing, record or book
H3792	bdb	writing
H3792	strongs_he	prescribing, writing(-ten).
H3793	bdb	a writing; of imprintment
H3793	strongs_he	a letter or other mark branded on the skin
H3794	bdb	Cypriotes
H3794	strongs_he	a Kittite or Cypriote; hence, an islander in general, i.e. the Greeks or Romans on the shores opposite Palestine
H3795	bdb	beaten; beaten oil
H3795	strongs_he	beaten, i.e. pure (oil)
H3796	bdb	wall
H3796	strongs_he	a wall (as gathering inmates)
H3797	bdb	wall
H3797	strongs_he	wall.
H3798	bdb	כִּתְלִישׁ n.pr.loc. a city of Judah Jos 15:40, site unknown
H3798	strongs_he	Kithlish, a place in Palestine
H3799	bdb	be stained
H3799	strongs_he	properly, to carve or engrave, i.e. (by implication) to inscribe indelibly
H3800	bdb	gold
H3800	strongs_he	properly, something carved out, i.e. ore; hence, gold (pure as originally mined)
H3801	bdb	tunic
H3801	strongs_he	a shirt
H3802	bdb	shoulder; shoulder-blade; side
H3802	strongs_he	the shoulder (proper, i.e. upper end of the arm; as being the spot where the garments hang); figuratively, side-piece or lateral projection of anything
H3803	bdb	surround; surrounding; throw out crowns
H3803	strongs_he	to enclose; hence (in a friendly sense) to crown, (in a hostile one) to besiege; also to wait (as restraining oneself)
H3804	bdb	crown
H3804	strongs_he	properly, a circlet, i.e. a diadem
H3805	bdb	capital; surrounding; crowning
H3805	strongs_he	the capital of a column
H3806	bdb	pound; pound fine; bray
H3806	strongs_he	to butt or pound
H3807	bdb	beat, crush by beating; beat, crush fine, beat, hammer; beat, crush fine; beat, hammer; beat, crush fine; and they were beaten in pieces; beat in pieces; and to ruins is the gate crushed
H3807	strongs_he	to bruise or violently strike
H3808	bdb	not
H3808	strongs_he	not (the simple or abs. negation); by implication, no; often used with other particles
H3809	bdb	not
H3809	strongs_he	or even, neither, no(-ne, -r), (can-) not, as nothing, without.
H3810	bdb	לֹא דְבָר, לוֹ דְבָר n.pr.loc. in Gilead, near, perh. east of, Mahanaim (q.v.)
H3810	strongs_he	Lo-Debar, a place in Palestine
H3811	bdb	be weary, impatient; be weary; be weary, make oneself weary, weary, oneself; weary, make weary, exhaust
H3811	strongs_he	to tire; (figuratively) to be (or make) disgusted
H3812	bdb	Leah
H3812	strongs_he	Leah, a wife of Jacob
H3813	bdb	cover
H3813	strongs_he	to muffle
H3814	bdb	secrecy, mystery; secretly; with their mysteries
H3814	strongs_he	properly, muffled, i.e. silently
H3815	bdb	belonging to God
H3815	strongs_he	Laël an Israelite
H3816	bdb	people
H3816	strongs_he	a community
H3817	bdb	לְאֻמִּ֑ים n.pr.gent. as ‘son’ of Dedan Gn 25:3.
H3817	strongs_he	Leummim, an Arabian
H3818	bdb	not my people
H3818	strongs_he	Lo-Ammi, the symbolic name of a son of Hosea
H3819	bdb	uncompassionated
H3819	strongs_he	Lo-Ruchamah, the symbolic name of a son of Hosea
H3820	bdb	inner man, mind, will, heart; in the midst of the sea; the inner man, the inner man, soul, mind, inclinations, resolutions, determinations of the will, conscience, the man himself, seat of appetites, seat of emotions and passions, seat of courage; the inner man; the inner man, soul; mind; inclinations, resolutions, determinations of the will; conscience; the man himself; seat of appetites; seat of emotions and passions; seat of courage; לֵב קָמָי prob. late Atbash Je 51:1.
H3820	strongs_he	the heart; also used (figuratively) very widely for the feelings, the will and even the intellect; likewise for the centre of anything
H3821	bdb	[לֵב] n.[m.] id. [xl.ad.aa];—sf. Dn 7:28.
H3821	strongs_he	heart.
H3822	bdb	לְבָאוֹת n.pr.loc. a city in S. Judah
H3822	strongs_he	Lebaoth, a place in Palestine
H3823	bdb	make cakes; get a mind; encourage
H3823	strongs_he	properly, to be enclosed (as if with fat); by implication (as denominative from 3824); to unheart; i.e. (in a good sense) transport (with love), or (in a bad sense) stultify; to make cakes
H3824	bdb	inner man, mind, will, heart; in the midst of the seas; the inner man, the inner man, soul, mind, inclinations, resolutions, determinations of the will, conscience, moral character, the man himself, seat of appetites, seat of the emotions and passions, seat of courage; the inner man; the inner man, soul; mind; inclinations, resolutions, determinations of the will; conscience; moral character; the man himself; seat of appetites; seat of the emotions and passions; seat of courage
H3824	strongs_he	the heart (as the most interior organ);
H3825	bdb	heart
H3825	strongs_he	heart.
H3826	bdb	[לִבָּה] Ez 16:30 should be corrected
H3826	strongs_he	the heart
H3827	bdb	flame; point, head
H3827	strongs_he	flame
H3828	bdb	frankincense
H3828	strongs_he	frankincense (from its whiteness or perhaps that of its smoke)
H3829	bdb	לְבוֹנָה n.pr.loc., by which, among other places, loc. of Shiloh is fixed
H3829	strongs_he	Lebonah, a place in Palestine
H3830	bdb	garment; clothing; raiment
H3830	strongs_he	a garment (literally or figuratively); by implication (euphemistically) a wife
H3831	bdb	garment
H3831	strongs_he	garment.
H3832	bdb	thrust down; out; away; be thrust down; away
H3832	strongs_he	to overthrow; intransposed, to fall
H3833	bdb	lion; lioness; lion; lioness
H3833	strongs_he	a lion (properly, a lioness as the fiercer (although not a roarer;))
H3834	bdb	cakes; pancake
H3834	strongs_he	a cake (either as fried or turned)
H3835	bdb	be white; make white, shew whiteness, grow white; make white; shew whiteness, grow white; be purified; make brick
H3835	strongs_he	to be (or become) white; to make bricks
H3836	bdb	white
H3836	strongs_he	white
H3837	bdb	לָבָן n.pr.loc. connected with desert-journey of Israelites Dt 1:1; לָבָן 54 n.pr.m. son of Bethuel, brother of Rebekah, and father-in-law of Jacob
H3837	strongs_he	Laban, a Mesopotamian; also a place in the Desert
H3838	bdb	לְבָנָא head of a family of returning exiles
H3838	strongs_he	Lebana or Lebanah, one of the Nethinim
H3839	bdb	poplar
H3839	strongs_he	some sort of whitish tree, perhaps the storax
H3840	bdb	brick, tile; tile; pavement
H3840	strongs_he	properly, whiteness, i.e. (by implication) transparency
H3841	bdb	לִבְנָה n.pr.loc. city in SW. Judah, exact site unknown, captured by Joshua station of Isr. in wilderness
H3841	strongs_he	Libnah, a place in the Desert and one in Palestine
H3842	bdb	moon
H3842	strongs_he	properly, (the) white, i.e. the moon
H3843	bdb	brick, tile; tile; pavement
H3843	strongs_he	a brick (from the whiteness of the clay)
H3844	bdb	Lebanon
H3844	strongs_he	Lebanon, a mountain range in Palestine
H3845	bdb	לִבְנִי n.pr.m. a Levite, son of Gershom
H3845	strongs_he	Libni, an Israelite
H3846	bdb	לִבְנִי adj.gent. of foregoing [l.ak.aj], always c. art. הַלּ׳ as subst. coll., Nu 3:21 26:58.
H3846	strongs_he	a Libnite or descendants of Libni (collectively)
H3847	bdb	put on, wear, clothe, be clothed; put on, wear, put on, be clothed with, put on, clothed with, and the spirit of, clothed itself with Gideon; put on, wear, put on, be clothed with, put on, clothed with, and the spirit of, clothed itself with Gideon; put on, wear; put on, be clothed with; put on; clothed with; and the spirit of, clothed itself with Gideon; arrayed; clothe, array with
H3847	strongs_he	properly, wrap around, i.e. (by implication) to put on a garment or clothe (oneself, or another), literally or figuratively
H3848	bdb	be clothed; clothe
H3848	strongs_he	clothe.
H3849	bdb	לֹג n.m. a liquid measure
H3849	strongs_he	a log or measure for liquids
H3850	bdb	Lydda
H3850	strongs_he	Lod, a place in Palestine
H3851	bdb	flame, blade; flame; flashing point, blade
H3851	strongs_he	a flash; figuratively, a sharply polished blade or point of a weapon
H3852	bdb	flame; point, head
H3852	strongs_he	flame(-ming), head (of a spear).
H3853	bdb	לְהָבִים n.pr.gent.
H3853	strongs_he	Lehabim, a son of Mizraim, and his descendants
H3854	bdb	study; devotion
H3854	strongs_he	intense mental application
H3855	bdb	לָ֑הַד n.pr.m. son of יַ֫חַת of Judah 1 Ch 4:2
H3855	strongs_he	Lahad, an Israelite
H3856	bdb	languish; faint; amaze; startle; madman
H3856	strongs_he	to be rabid (figuratively, insane); also (from the exhaustion of frenzy) to languish
H3857	bdb	blaze up, flame; a flaming fire; set ablaze
H3857	strongs_he	properly, to lick, i.e. (by implication) to blaze
H3858	bdb	flame
H3858	strongs_he	a blaze; also (from the idea of enwrapping) magic (as covert)
H3859	bdb	swallow greedily
H3859	strongs_he	properly, to burn in, i.e. (figuratively) to rankle
H3860	bdb	on this account; therefore
H3860	strongs_he	properly for if; hence, therefore
H3861	bdb	except; but
H3861	strongs_he	therefore; also except
H3862	bdb	band; company
H3862	strongs_he	an assembly
H3863	bdb	if, O that; if; If only …!, O that!, would that!
H3863	strongs_he	a conditional particle; if; by implication (interj. as a wish) would that!
H3864	bdb	Lybians
H3864	strongs_he	a Libyan or inhabitant of interior Africa (only in plural)
H3865	bdb	Lud, Lydia
H3865	strongs_he	Lud, the name of two nations
H3866	bdb	Lud, Lydia
H3866	strongs_he	a Ludite or inhabitants of Lud (only in plural)
H3867	bdb	borrow; borrow; cause to borrow, lend to; join, be joined; be joined to, attend; join oneself, be joined
H3867	strongs_he	properly, to twine, i.e. (by implication) to unite, to remain; also to borrow (as a form of obligation) or (caus.) to lend
H3868	bdb	turn aside, depart; let them not, depart from thine eyes; devious, crooked; let them, not depart from thine eyes, let them not practice, exhibit, deviation
H3868	strongs_he	to turn aside , i.e. (literally) to depart, (figuratively) be perverse
H3869	bdb	almond-tree; almond-wood
H3869	strongs_he	some kind of nut-tree, perhaps the almond
H3870	bdb	לוּז n.pr.loc. former name of Bethel city in hands of Hittites
H3870	strongs_he	Luz, the name of two places in Palestine
H3871	bdb	tablet, board, plank, plate; boards, planks; plates
H3871	strongs_he	probably meaning to glisten; a tablet (as polished), of stone, wood or metal
H3872	bdb	לוּחִית n.pr.loc. in Moab
H3872	strongs_he	Luchith, a place East of the Jordan
H3873	bdb	whisperer
H3873	strongs_he	Lochesh, an Israelite
H3874	bdb	wrap closely, tightly, enwrap, envelope; wrapped up in a garment; envelope, wrap
H3874	strongs_he	to wrap up
H3875	bdb	envelope; covering
H3875	strongs_he	a veil
H3876	bdb	Lot
H3876	strongs_he	Lot, Abraham's nephew
H3877	bdb	לוֹטָן n.pr.m. 𝔊 Λωταν; a son of שֵׂעִיר
H3877	strongs_he	Lotan, an Idumaean
H3878	bdb	Levi
H3878	strongs_he	Levi, a son of Jacob
H3879	bdb	Levite
H3879	strongs_he	Levite.
H3880	bdb	wreath
H3880	strongs_he	something attached, i.e. a wreath
H3881	bdb	Levite
H3881	strongs_he	a Levite or descendant of Levi
H3882	bdb	serpent; dragon; leviathan
H3882	strongs_he	a wreathed animal, i.e. a serpent (especially the crocodile or some other large sea-monster); figuratively, the constellation of the dragon; also as a symbol of Babylon
H3883	bdb	shaft; enclosed space; with steps; ladder
H3883	strongs_he	a spiral step
H3884	bdb	if not; unless
H3884	strongs_he	if not
H3885	bdb	murmur; murmur; murmur, cause to murmur; lodge, pass the night, abide; lodge, pass the night, abide, remain; lodge, pass the night; abide, remain; cause to rest, lodge; dwell, abide
H3885	strongs_he	to stop (usually over night); by implication, to stay permanently; hence (in a bad sense) to be obstinate (especially in words, to complain)
H3886	bdb	swallow; swallow down; talk wildly
H3886	strongs_he	to gulp; figuratively, to be rash
H3887	bdb	scorn; scorn; deride, interpreter; deride; interpreter; scorners; act as a scorner, shew oneself a mocker
H3887	strongs_he	properly, to make mouths at, i.e. to scoff; hence (from the effort to pronounce a foreign language) to interpret, or (generally) intercede
H3888	bdb	knead
H3888	strongs_he	to knead
H3889	bdb	לַ֫יִשׁ n.pr.m. father of Michal's second husband
H3889	strongs_he	Lush, a place in Palestine
H3890	bdb	to; at; beside
H3890	strongs_he	properly, adhesion, i.e. (as preposition) with
H3891	bdb	deviation; crookedness
H3891	strongs_he	perverseness
H3892	bdb	moist; fresh; new
H3892	strongs_he	fresh, i.e. unused or undried
H3893	bdb	moisture; freshness
H3893	strongs_he	freshness, i.e. vigor
H3894	bdb	intestines; bowels
H3894	strongs_he	properly, eaten, i.e. food; also flesh, i.e. body
H3895	bdb	jaw, cheek; jaw, jawbone; cheek
H3895	strongs_he	the cheek (from its fleshiness); hence, the jaw-bone
H3896	bdb	לְחִי n.pr.loc. scene of an exploit of Samson
H3896	strongs_he	Lechi, a place in Palestine
H3897	bdb	lick; lick up, lick the dust
H3897	strongs_he	to lick
H3898	bdb	use as food; eat; fight, do battle; fight, do battle; engage in battle, wage war
H3898	strongs_he	to feed on; figuratively, to consume; by implication, to battle (as destruction)
H3899	bdb	bread; food
H3899	strongs_he	food (for man or beast), especially bread, or grain (for making it)
H3900	bdb	feast
H3900	strongs_he	feast.
H3901	bdb	then; war; gates
H3901	strongs_he	battle
H3902	bdb	לַחְמִי n.pr.m. brother of Goliath of Gath (q.v.) slain by Elhanan, acc. to 1 Ch 20:5
H3902	strongs_he	Lachmi, an Israelite; or rather probably a brief form
H3903	bdb	לַחְמָס n.pr.loc. in Judah;—Jos 15:40
H3903	strongs_he	Lachmam or Lachmas, a place in Palestine
H3904	bdb	concubine
H3904	strongs_he	a concubine
H3905	bdb	squeeze, press, oppress; squeeze, press, oppress; squeeze, press; oppress; squeeze oneself
H3905	strongs_he	properly, to press, i.e. (figuratively) to distress
H3906	bdb	oppression; distress
H3906	strongs_he	distress
H3907	bdb	whisper, charm; voice of whisperers, serpent-charmers; whisper together
H3907	strongs_he	to whisper; by implication, to mumble a spell (as a magician)
H3908	bdb	a whispering, charming; serpent-charming; charms, amulets; whisper of prayer
H3908	strongs_he	properly, a whisper, i.e. by implication, (in a good sense) a private prayer, (in a bad one) an incantation; concretely, an amulet
H3909	bdb	secrecy, mystery; secretly; with their mysteries
H3909	strongs_he	properly, covered, i.e. secret; by implication, incantation; also secrecy or (adverb) covertly
H3910	bdb	myrrh; ladanum
H3910	strongs_he	a gum (from its sticky nature), probably ladanum
H3911	bdb	lizard
H3911	strongs_he	a kind of lizard (from its covert habits)
H3912	bdb	לְטוּשִׁם n.pr.gent. Gn 25:3, descendants of Abraham and Keturah; 𝔊 Λατουσιειμ.
H3912	strongs_he	Letushim, an Arabian tribe
H3913	bdb	hammer, sharpen, whet; hammer, sharpen; hammer; sharpen; a sharpened razor
H3913	strongs_he	properly, to hammer out (an edge), i.e. to sharpen
H3914	bdb	wreath
H3914	strongs_he	a wreath
H3915	bdb	night
H3915	strongs_he	properly, a twist (away of the light), i.e. night; figuratively, adversity
H3916	bdb	night
H3916	strongs_he	night.
H3917	bdb	Lilith; night-hag
H3917	strongs_he	a night spectre
H3918	bdb	lion
H3918	strongs_he	a lion (from his destructive blows)
H3919	bdb	לַ֫יִשׁ n.pr.loc. former name of Dan, in extreme north of Canaan; לַ֫יִשׁ n.pr.m. father of Michal's second husband; לַ֫יְשָׁה n.pr.loc. N. of Jerus. Is 10:30; site unknown
H3919	strongs_he	Laish, the name of two places in Palestine
H3920	bdb	capture, seize, take; capture, seize, taking; capture, seize; taking; be captured, be caught, be taken; be captured; be caught; be taken; they grasp each other, and cannot be separated
H3920	strongs_he	to catch (in a net, trap or pit); generally, to capture or occupy; also to choose (by lot); figuratively, to cohere
H3921	bdb	a taking; capture
H3921	strongs_he	something to capture with, i.e. a noose
H3922	bdb	לֵכָה n.pr.loc. in Judah 1 Ch 4:21; unknown
H3922	strongs_he	Lekah, a place in Palestine
H3923	bdb	לָכִישׁ n.pr.loc. Canaanitish (Amorit.) city
H3923	strongs_he	Lakish, a place in Palestine
H3924	bdb	loop
H3924	strongs_he	a loop
H3925	bdb	exercise in, learn; learn; teach; trained, taught
H3925	strongs_he	properly, to goad, i.e. (by implication) to teach (the rod being an Oriental incentive)
H3926	bdb	לְמוֹ poet. for לְ
H3926	strongs_he	to or for
H3927	bdb	לְמוּאֵל, לְמוֹאֵל n.pr.m. king of Massa
H3927	strongs_he	Lemuel or Lemoel, a symbolic name of Solomon
H3928	bdb	taught; taught; accustomed to
H3928	strongs_he	instructed
H3929	bdb	לֶ֫מֶךְ n.pr.m. son of מְתוּשָׁאֵל (Cainite) son of מְתוּשֶׁלַח (Sethite)
H3929	strongs_he	Lemek, the name of two antediluvian patriarchs
H3930	bdb	throat
H3930	strongs_he	the gullet
H3931	bdb	jest
H3931	strongs_he	to deride
H3932	bdb	mock, deride, stammer; mock, deride, have in derision; a people stammering of tongue; mock, deride
H3932	strongs_he	to deride; by implication (as if imitating a foreigner) to speak unintelligibly
H3933	bdb	mocking; derision; stammering
H3933	strongs_he	derision, scoffing
H3934	bdb	mocking
H3934	strongs_he	a buffoon; also a foreigner
H3935	bdb	לַעְדָּה n.pr.m. a man of Judah 1 Ch 4:21
H3935	strongs_he	Ladah, an Israelite
H3936	bdb	לַעְדָּן n.pr.m. an Ephraimite a Gershonite
H3936	strongs_he	Ladan, the name of two Israelites
H3937	bdb	talk indistinctly; unintelligibly
H3937	strongs_he	to speak in a foreign tongue
H3938	bdb	swallow; greedily
H3938	strongs_he	to swallow greedily; causatively, to feed
H3939	bdb	wormwood
H3939	strongs_he	wormwood (regarded as poisonous, and therefore accursed)
H3940	bdb	torch
H3940	strongs_he	a flambeau, lamp or flame
H3941	bdb	לַפִּידוֹת n.pr.m. husband of Deborah Ju 4:4
H3941	strongs_he	Lappidoth, the husband of Deborah
H3942	bdb	anterior
H3942	strongs_he	anterior
H3943	bdb	twist, turn, grasp with a twisting motion; grasped; and twisted himself, turn aside
H3943	strongs_he	properly, to bend, i.e. (by implication) to clasp; also (reflexively) to turn around or aside
H3944	bdb	scorning
H3944	strongs_he	derision
H3945	bdb	scorn; scorn; deride, interpreter; deride; interpreter; scorners; act as a scorner, shew oneself a mocker
H3945	strongs_he	to deride
H3946	bdb	לַקּוּם n.pr.loc. northern border-town of Naphtali, Jos 19:33 (P)
H3946	strongs_he	Lakkum, a place in Palestine
H3947	bdb	take; take, take in hand, take and carry along, take, take, carry away, take away, take away, take, take, put, fetch, take, lead, conduct, take, capture, seize, take, carry off, take; take, take in hand; take and carry along; take, take, carry away, take away, take away; take; take, carry away; take away; take away; take; take, put; fetch; take, lead, conduct; take, capture, seize; take, carry off; take; be captured, be taken away, removed, be taken, brought; be captured; be taken away, removed; be taken, brought; be taken, be stolen, be taken captive, be taken away, removed; be taken; be stolen; be taken captive; be taken away, removed; be taken, brought, be taken, be taken away; be taken, brought; be taken; be taken away; taking hold of itself
H3947	strongs_he	to take (in the widest variety of applications)
H3948	bdb	learning, teaching, what is received; instruction; teaching, teaching-power, persuasiveness
H3948	strongs_he	properly, something received, i.e. (mentally) instruction (whether on the part of the teacher or hearer); also (in an active and sinister sense) inveiglement
H3949	bdb	לִקְחִי n.pr.m. a Manassite, 1 Ch 7:19
H3949	strongs_he	Likchi, an Israelite
H3950	bdb	pick, gather up, glean; pick up, gather, glean; pick up, gather; glean; gather, gather up, collect, glean; gather, gather up; collect; glean; ye shall be picked up; there collected themselves
H3950	strongs_he	properly, to pick up, i.e. (generally) to gather; specifically, to glean
H3951	bdb	gleaning
H3951	strongs_he	the gleaning
H3952	bdb	lap, lick; lap; lap, lap up
H3952	strongs_he	to lick or lap
H3953	bdb	take the aftermath; take everything; despoil
H3953	strongs_he	to gather the after crop
H3954	bdb	after-growth; after-math
H3954	strongs_he	the after crop
H3955	bdb	juice; juicy; dainty bit; dainty
H3955	strongs_he	(figuratively) vigor; also a sweet or fat cake
H3956	bdb	tongue; tongue; language; tongue; tongue; tongue, wedge; tongue, bay
H3956	strongs_he	the tongue (of man or animals), used literally (as the instrument of licking, eating, or speech), and figuratively (speech, an ingot, a fork of flame, a cove of water)
H3957	bdb	room; chamber; hall; cell; lishka
H3957	strongs_he	a room in a building (whether for storage, eating, or lodging)
H3958	bdb	לֶ֫שֶׁם m.[m.] a precious stone in h. p.’s breast-plate Ex 28:19 39:12 (√ and mng. dub.; 𝔊 λιγύριον, Joseph. iii. 7, 6 λίγυρος, 𝔙 ligurius)
H3958	strongs_he	a gem, perhaps the jacinth
H3959	bdb	לֶ֫שֶׁם n.pr.loc. variant of לַיִשׁ
H3959	strongs_he	Leshem, a place in Palestine
H3960	bdb	use the tongue, slander
H3960	strongs_he	to wag the tongue, i.e. to calumniate
H3961	bdb	tongue
H3961	strongs_he	speech, i.e. a nation
H3962	bdb	[לֶ֫שַׁע] n.pr.loc. near Sodom and Gomorrah, only Gn 10:19; site unknown
H3962	strongs_he	Lesha, a place probably East of the Jordan
H3963	bdb	a barley-measure
H3963	strongs_he	a measure for things dry
H3964	bdb	what?
H3964	strongs_he	(as indefinitely) that
H3965	bdb	granary; place of fodder
H3965	strongs_he	a granary
H3966	bdb	muchness, force, abundance, exceedingly; force, might; exceedingly, greatly, very
H3966	strongs_he	properly, vehemence, i.e. (with or without preposition) vehemently; by implication, wholly, speedily, etc. (often with other words as an intensive or superlative; especially when repeated)
H3967	bdb	hundred; hundredth
H3967	strongs_he	a hundred; also as a multiplicative and a fraction
H3968	bdb	מֵאָה n.f. used as n.pr. of tower on northern wall of Jerus.
H3968	strongs_he	Meah, a tower in Jerusalem
H3969	bdb	hundred
H3969	strongs_he	a hundred; also as a multiplicative and a fraction}
H3970	bdb	desire
H3970	strongs_he	a desire
H3971	bdb	blemish; defect; blemish; defect
H3971	strongs_he	a blemish (physically or morally)
H3972	bdb	anything
H3972	strongs_he	properly, a speck or point, i.e. (by implication) something; with negative, nothing
H3973	bdb	refuse
H3973	strongs_he	refuse
H3974	bdb	luminary
H3974	strongs_he	properly, a luminous body or luminary, i.e. (abstractly) light (as an element); figuratively, brightness, i.e.cheerfulness; specifically, a chandelier
H3975	bdb	light-hole
H3975	strongs_he	something lighted, i.e. an aperture; by implication, a crevice or hole (of a serpent)
H3976	bdb	balances; scales
H3976	strongs_he	(only in the dual) a pair of scales
H3977	bdb	scale; balance
H3977	strongs_he	balances.
H3978	bdb	food
H3978	strongs_he	an eatable (includ. provender, flesh and fruit)
H3979	bdb	knife; cutting
H3979	strongs_he	something to eat with, i.e. a knife
H3980	bdb	fuel
H3980	strongs_he	something eaten (by fire), i.e. fuel
H3981	bdb	power; strength; force
H3981	strongs_he	strength, i.e. (plural) resources
H3982	bdb	word; command
H3982	strongs_he	something (authoritatively) said, i.e. an edict
H3983	bdb	word
H3983	strongs_he	appointment, word.
H3984	bdb	vessel; utensil
H3984	strongs_he	a utensil
H3985	bdb	refuse
H3985	strongs_he	to refuse
H3986	bdb	refusing
H3986	strongs_he	unwilling
H3987	bdb	[מֵאֵן] adj. id. [m.ae.ab], of disobeying י׳ Je 13:10.
H3987	strongs_he	refractory
H3988	bdb	flow; run; reject; reject, refuse, despise; reject, refuse; despise; be rejected
H3988	strongs_he	to spurn; also (intransitively) to disappear
H3989	bdb	thing baked
H3989	strongs_he	something baked, i.e. a batch
H3990	bdb	darkness
H3990	strongs_he	something opaque
H3991	bdb	deep darkness
H3991	strongs_he	opaqueness
H3992	bdb	excite hostility, irritate, break open; prick, pain
H3992	strongs_he	to be bitter or (causatively) to embitter, i.e. be painful
H3993	bdb	ambush; ambush, lurking-place; ambush; lurking-place; liers-in-wait
H3993	strongs_he	an ambuscade
H3994	bdb	a curse
H3994	strongs_he	an execration
H3995	bdb	separate place
H3995	strongs_he	a separation, i.e. (concretely) a separate place
H3996	bdb	entrance, a coming in, entering; entrance; entering
H3996	strongs_he	an entrance (the place or the act); specifically sunset or the west; also (adverb with preposition) towards
H3997	bdb	entrance, a coming in, entering; entrance; entering
H3997	strongs_he	a haven
H3998	bdb	confusion; confounding
H3998	strongs_he	perplexity
H3999	bdb	flood
H3999	strongs_he	a deluge
H4000	bdb	discern; perceive, understand, know, observe, mark, give heed to, distinguish, consider, have discernment, insight, understanding; perceive; understand, know; observe, mark, give heed to, distinguish, consider; have discernment, insight, understanding; be intelligent, discreet, discerning, distinguish, have understanding; he attentively considereth him; understand, give heed to, attend to, observe, discern, give understanding, make understand, teach; understand; give heed to, attend to, observe, discern; give understanding, make understand, teach; shew oneself attentive, consider diligently, get understanding, understand, shew oneself to have understanding; shew oneself attentive, consider diligently; get understanding, understand; shew oneself to have understanding
H4000	strongs_he	instructing
H4001	bdb	down-treading; subjugation
H4001	strongs_he	a trampling
H4002	bdb	spring
H4002	strongs_he	a fountain
H4003	bdb	מְבוּקָה n.f. id. [b.av.ab], Na 2:11 v. supr.
H4003	strongs_he	emptiness
H4004	bdb	choice
H4004	strongs_he	select, i.e. well fortified
H4005	bdb	choicest; best
H4005	strongs_he	select, i.e. best
H4006	bdb	choice
H4006	strongs_he	Mibchar, an Israelite
H4007	bdb	expectation
H4007	strongs_he	something expected, i.e. (abstractly) expectation
H4008	bdb	rash utterance
H4008	strongs_he	a rash utterance (hasty vow)
H4009	bdb	confidence; the act; the object; security.
H4009	strongs_he	properly, a refuge, i.e. (objective) security, or (subjective) assurance
H4010	bdb	smiling; cheerfulness; source of brightening
H4010	strongs_he	desistance (or rather desolation)
H4011	bdb	structure; like the structure of a city
H4011	strongs_he	a building
H4012	bdb	מְבֻנַּי n.pr.m. one of David’s heroes 2 S 23:27
H4012	strongs_he	Mebunnai, an Israelite
H4013	bdb	fortification
H4013	strongs_he	a fortification, castle, or fortified city; figuratively, a defender
H4014	bdb	מִבְצָר n.pr.m. Edomite chief
H4014	strongs_he	Mibtsar, an Idumaean
H4015	bdb	flight; fugitive
H4015	strongs_he	a refugee
H4016	bdb	his privates; pudenda
H4016	strongs_he	(plural) the (male) pudenda
H4017	bdb	מִבְשָׂם n.pr.m. son of Ishmael a descendant of Simeon
H4017	strongs_he	Mibsam, the name of an Ishmaelite and of an Israelite
H4018	bdb	cooking-places
H4018	strongs_he	a cooking hearth
H4019	bdb	מַגְבִּישׁ n.pr.m. a family of returning exiles
H4019	strongs_he	Magbish, an Israelite, or a place in Palestine
H4020	bdb	twisted; cords
H4020	strongs_he	a border
H4021	bdb	head-gear; turban
H4021	strongs_he	a cap (as hemispherical)
H4022	bdb	excellence
H4022	strongs_he	properly, a distinguished thing; hence something valuable, as a product or fruit
H4023	bdb	מְגִדּוֹ and מְגִדּוֹן n.pr.loc. old Canaanitish city, assigned to Manasseh
H4023	strongs_he	Megiddon or Megiddo, a place in Palestine
H4024	bdb	tower; מִגְדֹּל n.pr. fortified city on the NE. border of Egypt
H4024	strongs_he	Migdol, a place in Egypt
H4025	bdb	מַגְדִּיאֵל n.pr.m. a chief of Edom
H4025	strongs_he	Magdiel, an Idumaean
H4026	bdb	tower; tower; elevated stage, pulpit; raised bed
H4026	strongs_he	a tower (from its size or height); by analogy, a rostrum; figuratively, a (pyramidal) bed of flowers
H4027	bdb	tower of God
H4027	strongs_he	Migdal-El, a place in Palestine
H4028	bdb	tower of Gad
H4028	strongs_he	Migdal-Gad, a place in Palestine
H4029	bdb	flock-tower
H4029	strongs_he	Migdal-Eder, a place in Palestine
H4030	bdb	choice; excellent thing
H4030	strongs_he	preciousness, i.e. a gem
H4031	bdb	land of Gog
H4031	strongs_he	Magog, a son of Japheth; also a barbarous northern region
H4032	bdb	fear; terror
H4032	strongs_he	a fright (objective or subjective)
H4033	bdb	sojourning-place; dwelling-place; sojourning
H4033	strongs_he	a temporary abode; by extension, a permanent residence
H4034	bdb	fear; terror
H4034	strongs_he	affright
H4035	bdb	store-house; granary
H4035	strongs_he	a fright; also a granary
H4036	bdb	circuit; round about
H4036	strongs_he	Magor-mis-Sabib, a symbolic name of Pashur
H4037	bdb	cutting instrument; axe
H4037	strongs_he	a cutting implement, i.e. a blade
H4038	bdb	sickle
H4038	strongs_he	a sickle
H4039	bdb	roll
H4039	strongs_he	a roll
H4040	bdb	roll
H4040	strongs_he	roll.
H4041	bdb	[מְגַמָּה] n.f. Hb 1:9 (of the Chaldeans) of uncertain meaning
H4041	strongs_he	properly, accumulation, i.e. impulse or direction
H4042	bdb	deliver up; deliver
H4042	strongs_he	properly, to shield; encompass with; figuratively, to rescue, to hand safely over (i.e. surrender)
H4043	bdb	shield
H4043	strongs_he	a shield (i.e. the small one or buckler); figuratively, a protector; also the scaly hide of the crocodile
H4044	bdb	covering
H4044	strongs_he	a covering (in a bad sense), i.e. blindness or obduracy
H4045	bdb	rebuke
H4045	strongs_he	reproof (i.e. curse)
H4046	bdb	blow; slaughter; plague; pestilence
H4046	strongs_he	a pestilence; by analogy, defeat
H4047	bdb	מַגְפִּיעָשׁ n.pr.m. a chief of the people, Ne 10:21
H4047	strongs_he	Magpiash, an Israelite
H4048	bdb	cast, throw, toss; they are thrown to the sword; thou hast hurled
H4048	strongs_he	to yield up; intensively, to precipitate
H4049	bdb	overthrow
H4049	strongs_he	to overthrow
H4050	bdb	saw
H4050	strongs_he	a saw
H4051	bdb	מִגְרוֹן n.pr.loc. district (?) near Gibeah (home of Saul) place north of Michmash (and Gibeah)
H4051	strongs_he	Migron, a place in Palestine
H4052	bdb	recess; rebatement; ledge
H4052	strongs_he	a ledge or offset
H4053	bdb	shovel
H4053	strongs_he	something thrown off (by the spade), i.e. a clod
H4054	bdb	common; common-land; open land
H4054	strongs_he	a suburb (i.e. open country whither flocks are driven from pasture); hence, the area around a building, or the margin of the sea
H4055	bdb	measure; cloth garment; extended; wide
H4055	strongs_he	properly, extent, i.e. height; also a measure; by implication, a vesture (as measured); also a carpet
H4056	bdb	altar
H4056	strongs_he	a sacrificial altar
H4057	bdb	mouth; wilderness; uninhabited land; large tracts
H4057	strongs_he	a pasture (i.e. open field, whither cattle are driven); by implication, a desert; also speech (including its organs)
H4058	bdb	measure; be measured; extend, continue, measure, measure off; extend, continue; measure, measure off; measured; measured, himself
H4058	strongs_he	properly, to stretch; by implication, to measure (as if by stretching a line); figuratively, to be extended
H4059	bdb	measure; be measured; extend, continue, measure, measure off; extend, continue; measure, measure off; measured; measured, himself
H4059	strongs_he	flight
H4060	bdb	tribute; measure; measurement; stature; size; garment
H4060	strongs_he	properly, extension, i.e. height or breadth; also a measure (including its standard); hence a portion (as measured) or a vestment; specifically, tribute (as measured)
H4061	bdb	tribute
H4061	strongs_he	tribute in money
H4062	bdb	boisterous; raging; behavior
H4062	strongs_he	goldmaking, i.e. exactness
H4063	bdb	garment
H4063	strongs_he	properly, extent, i.e. measure; by implication, a dress (as measured)
H4064	bdb	sickness
H4064	strongs_he	sickness
H4065	bdb	a thing to draw aside; enticement
H4065	strongs_he	seduction
H4066	bdb	strife, contention; strife, contention; object of contention
H4066	strongs_he	a contest or quarrel
H4067	bdb	measure; cloth garment; extended; wide
H4067	strongs_he	extensiveness, i.e. height
H4068	bdb	מָדוֹן n.pr.loc. a royal city of the Canaanites
H4068	strongs_he	Madon, a place in Palestine
H4069	bdb	wherefore?
H4069	strongs_he	what (is) known?; i.e. (by implication) (adverbially) why?
H4070	bdb	dwelling-place; [מְדָר] n.m. id. [xd.ad.ac];—sf. Dn 2:11.
H4070	strongs_he	a dwelling
H4071	bdb	pile; pyre
H4071	strongs_he	a pile of fuel
H4072	bdb	means; occasion of stumbling
H4072	strongs_he	overthrow
H4073	bdb	thrust
H4073	strongs_he	a push, i.e. ruin
H4074	bdb	Medes, Media; Media
H4074	strongs_he	Madai, a country of central Asia
H4075	bdb	Mede; Median
H4075	strongs_he	a Madian or native of Madai
H4076	bdb	Medes; Media
H4076	strongs_he	Mede(-s).
H4077	bdb	Mede
H4077	strongs_he	Median.
H4078	bdb	sufficiency, enough; according to the sufficiency, abundance, of, out of the abundance of, as often as; according to the sufficiency, abundance, of; out of the abundance of, as often as
H4078	strongs_he	what (is) enough, i.e. sufficiently
H4079	bdb	strife, contention; strife, contention; object of contention
H4079	strongs_he	brawling, contention(-ous).
H4080	bdb	the land of Midian
H4080	strongs_he	Midjan, a son of Abraham; also his country and (collectively) his descendants
H4081	bdb	מִדִּין n.pr.loc. city of Judah Jos 15:61, site unknown
H4081	strongs_he	Middin.
H4082	bdb	province
H4082	strongs_he	properly, a judgeship, i.e. jurisdiction; by implication, a district (as ruled by a judge); generally, a region
H4083	bdb	district; province
H4083	strongs_he	province.
H4084	bdb	Midianite
H4084	strongs_he	a Midjanite or descendant (native) of Midjan
H4085	bdb	mortar
H4085	strongs_he	a mortar
H4086	bdb	מַדְמֵן n.pr.loc. in Moab
H4086	strongs_he	Madmen, a place in Palestine
H4087	bdb	dung-place; dung-pit
H4087	strongs_he	a dunghill
H4088	bdb	מַדְמֵנָה n.pr.loc. in Benjamin, N. of Jerusalem Is 10:31.
H4088	strongs_he	Madmenah, a place in Palestine
H4089	bdb	מַדְמַנָּה n.pr.loc. city of southern Judah n.pr.m. descendant of Caleb
H4089	strongs_he	Madmannah, a place in Palestine
H4090	bdb	strife, contention; strife, contention; object of contention
H4090	strongs_he	discord, strife.
H4091	bdb	מְדָן n.pr.m. son of Abraham and Keturah
H4091	strongs_he	Medan, a son of Abraham
H4092	bdb	Midianite
H4092	strongs_he	Midianite.
H4093	bdb	knowledge, thought; knowledge; place of knowledge, mind, thought
H4093	strongs_he	intelligence or consciousness
H4094	bdb	piercing; stab; thrust
H4094	strongs_he	a wound
H4095	bdb	steep place; steep
H4095	strongs_he	properly, a step; by implication, a steep or inaccessible place
H4096	bdb	treading-; stepping-place
H4096	strongs_he	a treading, i.e. a place for stepping on
H4097	bdb	study; exposition; midrash
H4097	strongs_he	properly, an investigation, i.e. (by implication) a treatise or elaborate compilation
H4098	bdb	that which is threshed
H4098	strongs_he	a threshing, i.e. (concretely and figuratively) down-trodden people
H4099	bdb	הַמְּדָתָא n.pr.m. father of Haman
H4099	strongs_he	Medatha, the father of Haman
H4100	bdb	what?, how?, aught; what?
H4100	strongs_he	properly, interrogative what? (including how? why? when?); but also exclamation, what! (including how!), or indefinitely what (including whatever, and even relatively, that which); often used with prefixes in various adverbial or conjunctive senses
H4101	bdb	what?
H4101	strongs_he	how great (mighty), that which, what(-soever), why.
H4102	bdb	linger; tarry
H4102	strongs_he	properly, to question or hesitate, i.e. (by implication) to be reluctant
H4103	bdb	tumult; confusion; disquietude; discomfiture
H4103	strongs_he	confusion or uproar
H4104	bdb	מְהוּמָן n.pr.m. a eunuch of Ahasuerus Est 1:10.
H4104	strongs_he	Mehuman, a eunuch of Xerxes
H4105	bdb	God benefits
H4105	strongs_he	Mehetabel, the name of an Edomitish man and woman
H4106	bdb	quick; prompt; ready; skilled
H4106	strongs_he	quick; hence, skilful
H4107	bdb	circumcise; weaken
H4107	strongs_he	properly, to cut down or reduce, i.e. by implication, to adulterate
H4108	bdb	walk, journey, going; walk; journey, a journey of three days; goings, free access
H4108	strongs_he	a walking (plural collectively), i.e. access
H4109	bdb	walk, journey, going; walk; journey, a journey of three days; goings, free access
H4109	strongs_he	a walk, i.e. a passage or a distance
H4110	bdb	praise
H4110	strongs_he	fame
H4111	bdb	praise of God
H4111	strongs_he	Mahalalel, the name of an antediluvian patriarch and of an Israelite
H4112	bdb	strokes; blows
H4112	strongs_he	a blow
H4113	bdb	flood; watery pit; place of flowing waters
H4113	strongs_he	perhaps an abyss
H4114	bdb	overthrow
H4114	strongs_he	a destruction
H4115	bdb	stocks
H4115	strongs_he	a wrench, i.e. the stocks
H4116	bdb	hasten; be hurried, hasty, precipitate, impetuous; hasten, make haste, hasten, hasten; hasten, make haste; hasten; hasten; acquire by paying purchase-price
H4116	strongs_he	properly, to be liquid or flow easily, i.e. (by implication); to hurry (in a good or a bad sense); often used (with another verb) adverbially, promptly
H4117	bdb	acquire by paying purchase-price
H4117	strongs_he	to bargain (for a wife), i.e. to wed
H4118	bdb	quickly; speedily; hastening; speedy; swift
H4118	strongs_he	properly, hurrying; hence (adverbially) in a hurry
H4119	bdb	purchase-price
H4119	strongs_he	a price (for a wife)
H4120	bdb	haste; speed; hastily; quickly
H4120	strongs_he	properly, a hurry; hence (adverbially) promptly
H4121	bdb	מַהֲרַי n.pr.m. one of David’s heroes
H4121	strongs_he	Maharai, an Israelite
H4122	bdb	Swift; booty; speedy; prey
H4122	strongs_he	Maher-Shalal-Chash-Baz; the symbolical name of the son of Isaiah
H4123	bdb	illusions
H4123	strongs_he	a delusion
H4124	bdb	Moab; Moab; Moab
H4124	strongs_he	Moab, an incestuous son of Lot; also his territory and descendants
H4125	bdb	Moabitish
H4125	strongs_he	a Moabite or Moabitess, i.e. a descendant from Moab
H4126	bdb	in-coming; entrance
H4126	strongs_he	an entrance
H4127	bdb	melt; melt, cause to melt; melt; cause to melt; melt away; soften, dissolve; mely, flow
H4127	strongs_he	to melt, i.e. literally (to soften, flow down, disappear), or figuratively (to fear, faint)
H4128	bdb	מוד vb. assumed by Ke Or al. (= מוֹט) as √ of וַיְמֹ֫דֶד Hb 2:3, but v מדד Po.
H4128	strongs_he	to shake
H4129	bdb	kinsman
H4129	strongs_he	an acquaintance
H4130	bdb	kindred; kinship
H4130	strongs_he	acquaintance
H4131	bdb	totter, shake, slip; totter, slip; be shaken, moved, overthrown; dislodge, let fall, drop; be greatly shaken
H4131	strongs_he	to waver; by implication, to slip, shake, fall
H4132	bdb	shaking, pole, bar; a shaking, tottering; pole, bar; bar
H4132	strongs_he	a wavering, i.e. fall; by implication, a pole (as shaking); hence, a yoke (as essentially a bent pole)
H4133	bdb	pole; bar
H4133	strongs_he	a pole; by implication, an ox-bow; hence, a yoke (either literal or figurative)
H4134	bdb	be low; depressed; grow poor
H4134	strongs_he	to become thin, i.e. (figuratively) be impoverished
H4135	bdb	circumcise; circumcise; be circumcised; in the name of, yea I will make them to be circumcised; be cut off; circumcise; be cut off
H4135	strongs_he	to cut short, i.e. curtail (specifically the prepuce, i.e. to circumcise); by implication, to blunt; figuratively, to destroy
H4136	bdb	front; in front of
H4136	strongs_he	properly, abrupt, i.e. a precipice; by implication, the front; used only adverbially (with prepositional prefix) opposite
H4137	bdb	מוֹלָדָה, מֹלָדָה n.pr.loc. town in Simeon
H4137	strongs_he	Moladah, a place in Palestine
H4138	bdb	kindred; birth; offspring
H4138	strongs_he	nativity (plural birth-place); by implication, lineage, native country; also offspring, family
H4139	bdb	circumcision
H4139	strongs_he	circumcision
H4140	bdb	מוֹלִיד n.pr.m. a Judahite 1 Ch 2:29.
H4140	strongs_he	Molid, an Israelite
H4141	bdb	encompassing; surrounding
H4141	strongs_he	a turn, i.e. circuit (of a building)
H4142	bdb	turn about, go around, surround; turn, march, walk, around, go partly round, circle, skirt, make a round, circuit, go about to, surround, encompass; turn; march, walk, around, go partly round, circle, skirt, make a round, circuit, go about to, surround, encompass; march, walk, around; go partly round, circle, skirt; make a round, circuit, go about to; surround, encompass; turn oneself, close round, turn round, turn round, be turned over; turn oneself, close round, turn round, turn round; turn oneself, close round; turn round; turn round; be turned over; to change, transform, the aspect of the matter; encompass, come about, assemble round, march, go about, enclose, envelop; encompass; come about, assemble round; march, go about; enclose, envelop; turn, cause to turn, bring over, turn into, bring round, cause to go around, surround, encompass; turn, cause to turn, bring over, turn into, bring round; turn, cause to turn; bring over; turn into; bring round; cause to go around, surround, encompass; cause to go around; surround; encompass; be turned, surrounded, set; be turned; surrounded, set
H4142	strongs_he	a reversal, i.e. the backside (of a gem), fold (of a double-leaved door), transmutation (of a name)
H4143	bdb	foundation; foundation-laying
H4143	strongs_he	a foundation
H4144	bdb	foundation
H4144	strongs_he	a foundation
H4145	bdb	foundation; appointment; rod of appointment; foundations; founded; furnished with foundations
H4145	strongs_he	a foundation; figuratively, an appointment
H4146	bdb	foundation
H4146	strongs_he	a foundation
H4147	bdb	band; bond
H4147	strongs_he	properly, chastisement, i.e. (by implication) a halter; figuratively, restraint
H4148	bdb	discipline; chastening; correction
H4148	strongs_he	properly, chastisement; figuratively, reproof, warning or instruction; also restraint
H4149	bdb	מוֹסֵרָה n.pr.loc. station of Isr. in wilderness, where Aaron died Dt 10:6; locality unknown.; מֹסֵרוֹת n.pr.loc. id. [a.ew.ai], Nu 33:30, 31.
H4149	strongs_he	Moserah, a place in the Desert
H4150	bdb	appointed time, place, meeting; appointed time; appointed meeting; appointed place; appointed sign, signal; tent of meeting
H4150	strongs_he	properly, an appointment, i.e. a fixed time or season; specifically, a festival; conventionally a year; by implication, an assembly (as convened for a definite purpose); technically the congregation; by extension, the place of meeting; also a signal (as appointed beforehand)
H4151	bdb	appointed place
H4151	strongs_he	properly, an assembly figuratively, a troop
H4152	bdb	cities appointed
H4152	strongs_he	an appointed place, i.e. asylum
H4153	bdb	מַעֲדְיָה n.pr.m. a priest of Zerubbabel’s time acc. to Ne 12:5; appar. = מוֹעַדְיָה v 17
H4153	strongs_he	Moadjah, an Israelite
H4154	bdb	slip, slide, totter, shake; slip; cause to shake, make them totter
H4154	strongs_he	properly, made to slip, i.e. dislocated
H4155	bdb	gloom
H4155	strongs_he	properly, covered, i.e. dark; abstractly, obscurity, i.e. distress
H4156	bdb	counsel; plan; principle; device
H4156	strongs_he	a purpose
H4157	bdb	compression; distress
H4157	strongs_he	pressure, i.e. (figuratively) distress
H4158	bdb	מֵיפַ֫עַת n.pr.loc.—Levitical city in Reuben
H4158	strongs_he	Mophaath or Mephaath, a place in Palestine
H4159	bdb	wonder, sign, portent; wonder; sign, token
H4159	strongs_he	a miracle; by implication, a token or omen
H4160	bdb	squeezer; extortioner; oppressor
H4160	strongs_he	to press, i.e. (figuratively) to oppress
H4161	bdb	place; act of going forth; issue; export; source; spring
H4161	strongs_he	a going forth, i.e. (the act) an egress, or (the place) an exit; hence, a source or product; specifically, dawn, the rising of the sun (the East), exportation, utterance, a gate, a fountain, a mine, a meadow (as producing grass)
H4162	bdb	מוֹצָא n.pr.m. son of Caleb by Ephah his concubine a descendant of Saul
H4162	strongs_he	Motsa, the name of two Israelites
H4163	bdb	his origin; place of going out to, a privy
H4163	strongs_he	a family descent; also a sewer
H4164	bdb	constraint; distress
H4164	strongs_he	narrowness; figuratively, distress
H4165	bdb	a casting
H4165	strongs_he	properly, fusion, i.e. literally, a casting (of metal); figuratively, a mass (of clay)
H4166	bdb	pipe, poured; a casting
H4166	strongs_he	properly, something poured out, i.e. a casting (of metal); by implication, a tube (as cast)
H4167	bdb	mock; deride
H4167	strongs_he	to jeer, i.e. (intens.) blaspheme
H4168	bdb	burning mass
H4168	strongs_he	a fire or fuel; abstractly, a conflagration
H4169	bdb	hearth; place of burning; altar-hearth
H4169	strongs_he	fuel
H4170	bdb	a bait; lure; a snare
H4170	strongs_he	a noose (for catching animals) (literally or figuratively); by implication, a hook (for the nose)
H4171	bdb	change; be changed; change, alter, exchange; change, alter; exchange
H4171	strongs_he	to alter; by implication, to barter, to dispose of
H4172	bdb	fear; fear, terror; reverence; object of reverence; awe-inspiring spectacle, deed; appoint terror; for them
H4172	strongs_he	fear; by implication, a fearful thing or deed
H4173	bdb	threshing-sledge
H4173	strongs_he	a threshing sledge
H4174	bdb	descent; slope
H4174	strongs_he	a descent; as architecture, an ornamental appendage, perhaps a festoon
H4175	bdb	rain
H4175	strongs_he	an archer; also teacher or teaching; also the early rain
H4176	bdb	teacher
H4176	strongs_he	Moreh, a Canaanite; also a hill (perhaps named from him)
H4177	bdb	razor
H4177	strongs_he	a razor
H4178	bdb	make smooth, bare, bald, scour, polish; make bare, scour, polish; make bare; scour, polish; his head is made bald; scoured, polished
H4178	strongs_he	obstinate, i.e. independent
H4179	bdb	מֹרִיָּה, מוֹרִיָּה n.pr.loc. place for sacrificing Isaac; site of temple
H4179	strongs_he	Morijah, a hill in Palestine
H4180	bdb	a possession
H4180	strongs_he	a possession; figuratively, delight
H4181	bdb	a possession
H4181	strongs_he	a possession
H4182	bdb	מוֹרֶ֫שֶׁת n.pr.loc. apparently in neighbourhood of Gath Mi 1:14; prob. home of prophet Micah
H4182	strongs_he	Moresheth-Gath, a place in Palestine
H4183	bdb	מ(וֹ)רַשְׁתִּי adj.gent. only Mi 1:1, Je 26:18; v. foregoing [j.dq.ah].
H4183	strongs_he	a Morashtite or inhabitant of Moresheth-Gath
H4184	bdb	feel; that I may feel thee; as for their hands, they do not feel
H4184	strongs_he	to touch
H4185	bdb	depart, remove; depart, be removed; remove, take away
H4185	strongs_he	to withdraw (both literally and figuratively, whether intransitive or transitive)
H4186	bdb	seat, assembly, dwelling-place, dwelling, dwellers; seat, sitting, those sitting, sitting company, assembly; seat; sitting, those sitting, sitting company, assembly; dwelling-place, dwelling; dwelling-place; dwelling; situation, location; time of dwelling; those dwelling
H4186	strongs_he	a seat; figuratively, a site; abstractly, a session; by extension an abode (the place or the time); by implication, population
H4187	bdb	מוּשִׁי, מֻשִׁי n.pr.m. a Levite, son of Merari
H4187	strongs_he	Mushi, a Levite
H4188	bdb	מוּשִׁי adj.gent. c. art. as n. coll.
H4188	strongs_he	a Mushite (collectively) or descendants of Mushi
H4189	bdb	cord
H4189	strongs_he	something drawing, i.e. (figuratively) a cord
H4190	bdb	saving acts
H4190	strongs_he	deliverance
H4191	bdb	die; die, die, be put to death; die; die, be put to death; kill, put to death, despatch; be killed, put to death
H4191	strongs_he	to die (literally or figuratively); causatively, to kill
H4192	bdb	לַבֵּן in ψ 9:1 of dubious meaning
H4192	strongs_he	'To die for the son', probably the title of a popular song
H4193	bdb	death
H4193	strongs_he	death
H4194	bdb	death; death; death by violence; state of death, place of death
H4194	strongs_he	death (natural or violent); concretely, the dead, their place or state (hades); figuratively, pestilence, ruin
H4195	bdb	abundance; pre-eminence
H4195	strongs_he	literally gain; figuratively, superiority
H4196	bdb	altar
H4196	strongs_he	an altar
H4197	bdb	mixture
H4197	strongs_he	tempered wine
H4198	bdb	sucked out; empty
H4198	strongs_he	exhausted
H4199	bdb	מִזָּה n.pr.m. grandson of Esau
H4199	strongs_he	Mizzah, an Edomite
H4200	bdb	garner
H4200	strongs_he	a granary
H4201	bdb	door-post; gate-post
H4201	strongs_he	a door-post (as prominent)
H4202	bdb	food; sustenance
H4202	strongs_he	food
H4203	bdb	food
H4203	strongs_he	meat.
H4204	bdb	net; extended
H4204	strongs_he	treachery, i.e. a plot
H4205	bdb	wound; pressed out
H4205	strongs_he	a bandage, i.e. remedy; hence, a sore (as needing a compress)
H4206	bdb	girdle; [מְזִיחַ] n.m. id. [m.bh.aa] (of like orig.):—only cstr. Jb 12:21
H4206	strongs_he	a belt (as movable)
H4207	bdb	מַזְלֵג n.m. appar. a sacrificial implement, three-pronged fork; [מִזְלָגָה] n.[f.] id. [g.bj.ab]—a sacrificial implement
H4207	strongs_he	a fork
H4208	bdb	constellations; signs of the zodiac
H4208	strongs_he	a constellation, i.e. Zodiacal sign (perhaps as affecting the weather)
H4209	bdb	purpose; discretion; device
H4209	strongs_he	a plan, usually evil (machination), sometimes good (sagacity)
H4210	bdb	melody
H4210	strongs_he	properly, instrumental music; by implication, a poem set to notes
H4211	bdb	pruning-knife
H4211	strongs_he	a pruning-knife
H4212	bdb	snuffers
H4212	strongs_he	a tweezer (only in the plural)
H4213	bdb	a little; a trifle; a few
H4213	strongs_he	fewness; by implication, as superlative diminutiveness
H4214	bdb	pitch-fork
H4214	strongs_he	a winnowing shovel (as scattering the chaff)
H4215	bdb	scatter, fan, winnow, cause to fly, scatter, winnow; scatter, fan, winnow; scatter; fan, winnow; be scattered, dispersed; scatter, disperse, winnow, sift; scatter, disperse; winnow, sift
H4215	strongs_he	properly, a scatterer, i.e. the north wind (as dispersing clouds; only in plural)
H4216	bdb	מַזָּרוֹת n.[f.]pl. prob. = מַזָּלוֹת q.v. supr. only Jb 38:32, where treated as ms., and perh. understood of some particular star or constellation.
H4216	strongs_he	some noted constellation (only in the plural), perhaps collectively, the zodiac
H4217	bdb	place of sunrise; east
H4217	strongs_he	sunrise, i.e. the east
H4218	bdb	place of sowing; seed-land
H4218	strongs_he	a planted field
H4219	bdb	bowl; bason; throwing; tossing
H4219	strongs_he	a bowl (as if for sprinkling)
H4220	bdb	fatling
H4220	strongs_he	fat; figuratively, rich
H4221	bdb	marrow
H4221	strongs_he	fat, i.e. marrow
H4222	bdb	strike, clap
H4222	strongs_he	to rub or strike the hands together (in exultation)
H4223	bdb	smite; let him be smitten
H4223	strongs_he	to strike in pieces; also to arrest; specifically to impale
H4224	bdb	hiding-place; [מַחֲבֹא] n.[m.] id. [h.ab.ab], pl. abs. 1 S 23:23.
H4224	strongs_he	a refuge
H4225	bdb	thing joined; place of joining
H4225	strongs_he	a junction, i.e. seam or sewed piece
H4226	bdb	binder; clamp; joint
H4226	strongs_he	a joiner, i.e. brace or cramp
H4227	bdb	flat plate; pan; griddle
H4227	strongs_he	a pan for baking in
H4228	bdb	girding; cincture
H4228	strongs_he	a girdle
H4229	bdb	full of marrow; wipe, wipe out; wipe, blot out, obliterate, blot out, exterminate; wipe; blot out, obliterate; blot out, exterminate; be wiped out, be blotted out, be exterminated; be wiped out; be blotted out; be exterminated; blot out; strike
H4229	strongs_he	properly, to stroke or rub; by implication, to erase; also to smooth (as if with oil), i.e. grease or make fat; also to touch, i.e. reach to
H4230	bdb	circle-instrument; compass
H4230	strongs_he	an instrument for marking a circle, i.e. compasses
H4231	bdb	city
H4231	strongs_he	a harbor (as shut in by the shore)
H4232	bdb	מְחוּיָאֵל n.pr.m. great-grandson of Cain
H4232	strongs_he	Mechujael or Mechijael, an antediluvian patriarch
H4233	bdb	מַחֲוִים appar. adj.gent., only 1 Ch 11:46
H4233	strongs_he	a Machavite or inhabitant of some place named Machaveh
H4234	bdb	dance
H4234	strongs_he	a (round) dance
H4235	bdb	מָחוֹל n.pr.m. father of Heman, etc., 1 K 5:11
H4235	strongs_he	Machol, an Israelite
H4236	bdb	vision
H4236	strongs_he	a vision
H4237	bdb	light; place of seeing; window
H4237	strongs_he	a window
H4238	bdb	visions
H4238	strongs_he	Machazioth, an Israelite
H4239	bdb	the stroke of his battering ram
H4239	strongs_he	a stroke, i.e. battering-ram
H4240	bdb	מְחִידָא n.pr.m. head of a family of returning exiles
H4240	strongs_he	Mechida, one of the Nethinim
H4241	bdb	preservation of life, sustenance; preservation of life; sustenance; reviving; the quick
H4241	strongs_he	preservation of life; hence, sustenance; also the live flesh, i.e. the quick
H4242	bdb	price; hire; placed in front; presented; offered
H4242	strongs_he	price, payment, wages
H4243	bdb	מְחִיר n.pr.m. 1 Ch 4:11
H4243	strongs_he	Mechir, an Israelite
H4244	bdb	מַחְלָה n.pr.f. a daughter of Zelophehad a Gileadite name (poss. m.)
H4244	strongs_he	Machlah, the name apparently of two Israelitesses
H4245	bdb	sickness; disease; sickness; disease
H4245	strongs_he	sickness
H4246	bdb	dancing
H4246	strongs_he	a dance
H4247	bdb	hole
H4247	strongs_he	a cavern (as if excavated)
H4248	bdb	מַחְלוֹן n.pr.m. son of Elimelech and Naomi, first husband of Ruth
H4248	strongs_he	Machlon, an Israelite
H4249	bdb	מַחְלִי n.pr.m. Levite, son of Merari son of Mushi, grandson of Merari
H4249	strongs_he	Machli, the name of two Israelites
H4250	bdb	מַחְלִי adj.gent. of above [m.bn.an]; only c. art. as coll.
H4250	strongs_he	a Machlite or (collectively) descendants of Machli
H4251	bdb	sickness; suffering
H4251	strongs_he	a disease
H4252	bdb	knife
H4252	strongs_he	a (sacrificial) knife (as gliding through the flesh)
H4253	bdb	plait; intertwining; passing through
H4253	strongs_he	a ringlet of hair (as gliding over each other)
H4254	bdb	robe of state; taken off
H4254	strongs_he	a mantle (as easily drawn off)
H4255	bdb	class; division
H4255	strongs_he	a section (of the Levites)
H4256	bdb	division; course
H4256	strongs_he	a section (of Levites, people or soldiers)
H4257	bdb	מַחֲלַת n.f. only in ψ titles; appar. a catchword in a song, giving name to tune
H4257	strongs_he	'Machalath', probably the title (initial word) of a popular song
H4258	bdb	מַחֲלַת n.pr.f. daughter of Ishmael granddaughter of David
H4258	strongs_he	Machalath, the name of an Ishmaelitess and of an Israelitess
H4259	bdb	the Mĕḥolathite
H4259	strongs_he	a Mecholathite or inhabitant of Abel-Mecholah
H4260	bdb	curd-like; words; smooth are the butter-words of his mouth
H4260	strongs_he	something buttery (i.e. unctuous and pleasant), as (figuratively) flattery
H4261	bdb	desire; desirable thing
H4261	strongs_he	delightful; hence, a delight, i.e. object of affection or desire
H4262	bdb	desirable; precious thing
H4262	strongs_he	desired; hence, a valuable
H4263	bdb	thing pitied; object of compassion
H4263	strongs_he	properly, sympathy;
H4264	bdb	encampment, camp; camp, place of encampment; camp of armed host; those who encamp, company, body of people, army, host; those who encamp; company, body of people; army, host
H4264	strongs_he	an encampment (of travellers or troops); hence, an army, whether literal (of soldiers) or figurative (of dancers, angels, cattle, locusts, stars; or even the sacred courts)
H4265	bdb	camp of Dan
H4265	strongs_he	Machaneh-Dan, a place in Palestine
H4266	bdb	two camps
H4266	strongs_he	Machanajim, a place in Palestine
H4267	bdb	strangling; suffocation
H4267	strongs_he	choking
H4268	bdb	refuge; shelter
H4268	strongs_he	a shelter (literally or figuratively)
H4269	bdb	muzzle
H4269	strongs_he	a muzzle
H4270	bdb	need, thing needed, poverty; need, thing needed; lack, want; need, poverty
H4270	strongs_he	deficiency; hence, impoverishment
H4271	bdb	is a refuge
H4271	strongs_he	Machsejah, an Israelite
H4272	bdb	smite through; wound severely; shatter
H4272	strongs_he	to dash asunder; by implication, to crush, smash or violently plunge; figuratively, to subdue or destroy
H4273	bdb	severe wound
H4273	strongs_he	a contusion
H4274	bdb	hewing; hewn stones
H4274	strongs_he	properly, a hewing; concretely, a quarry
H4275	bdb	half
H4275	strongs_he	a halving
H4276	bdb	half, middle; half; middle, midday, noon
H4276	strongs_he	a halving or the middle
H4277	bdb	utterly destroy; annihilate
H4277	strongs_he	to crush
H4278	bdb	range
H4278	strongs_he	properly, scrutinized, i.e. (by implication) a recess
H4279	bdb	to-morrow, in time to come; to-morrow; in future time
H4279	strongs_he	properly, deferred, i.e. the morrow; usually (adverbially) tomorrow; indefinitely, hereafter
H4280	bdb	draught house
H4280	strongs_he	a sink
H4281	bdb	ploughshare
H4281	strongs_he	probably a pick-axe
H4282	bdb	ploughshare
H4282	strongs_he	probably a hoe
H4283	bdb	the morrow
H4283	strongs_he	the morrow or (adverbially) tomorrow
H4284	bdb	thought, device; thought; device, plan, purpose; invention
H4284	strongs_he	a contrivance, i.e. (concretely) a texture, machine, or (abstractly) intention, plan (whether bad, a plot; or good, advice)
H4285	bdb	dark place
H4285	strongs_he	darkness; concretely, a dark place
H4286	bdb	a laying bare; stripping
H4286	strongs_he	a peeling
H4287	bdb	מַ֫חַת n.pr.m. Levites
H4287	strongs_he	Machath, the name of two Israelites
H4288	bdb	terror; destruction; ruin
H4288	strongs_he	properly, a dissolution; concretely, a ruin, or (abstractly) consternation
H4289	bdb	fire-holder; censer; snuff-dish
H4289	strongs_he	a pan for live coals
H4290	bdb	breaking in; burglary
H4290	strongs_he	a burglary; figuratively, unexpected examination
H4291	bdb	reach; attain
H4291	strongs_he	to arrive, extend or happen
H4292	bdb	broom; besom
H4292	strongs_he	a broom (as removing dirt (compare English 'to dust', i.e. remove dust))
H4293	bdb	slaughtering-place
H4293	strongs_he	slaughter
H4294	bdb	staff, rod, shaft; branch; tribe
H4294	strongs_he	a branch (as extending); figuratively, a tribe; also a rod, whether for chastising (figuratively, correction), ruling (a sceptre), throwing (a lance), or walking (a staff; figuratively, a support of life, e.g. bread)
H4295	bdb	downwards
H4295	strongs_he	downward, below or beneath; often adverbially with or without prefixes
H4296	bdb	couch; bed; place of reclining
H4296	strongs_he	a bed (as extended) for sleeping or eating; by analogy, a sofa, litter or bier
H4297	bdb	that which is perverted; perverted justice
H4297	strongs_he	a stretching, i.e. distortion (figuratively, iniquity)
H4298	bdb	spreading; outspreading
H4298	strongs_he	expansion
H4299	bdb	that which is spun; yarn
H4299	strongs_he	something spun
H4300	bdb	wrought-metal rod
H4300	strongs_he	an iron bar (as forged)
H4301	bdb	hidden treasure; treasure
H4301	strongs_he	a secret storehouse; hence, a secreted valuable (buried); generally money
H4302	bdb	place; act of planting; plantation
H4302	strongs_he	something planted, i.e. the place (a garden or vineyard), or the thing (a plant, figuratively or men); by implication, the act, planting
H4303	bdb	tasty; savoury food; dainties
H4303	strongs_he	a delicacy
H4304	bdb	cloak
H4304	strongs_he	a wide cloak (for a woman)
H4305	bdb	rain; be rained upon; send rain, rain
H4305	strongs_he	to rain
H4306	bdb	rain
H4306	strongs_he	rain
H4307	bdb	guard; ward; prison; target; mark
H4307	strongs_he	a jail (as a guard-house); also an aim (as being closely watched)
H4308	bdb	מַטְרֵד n.pr.f. mother-in-law of Hadar (Hadad)
H4308	strongs_he	Matred, an Edomitess
H4309	bdb	מַטְרִי adj.gent. only c. art. as subst. coll.
H4309	strongs_he	Matri, an Israelite
H4310	bdb	who?; whose; who among; whose; whosoever; any one
H4310	strongs_he	who? (occasionally, by a peculiar idiom, of things); also (indefinitely) whoever; often used in oblique construction with prefix or suffix
H4311	bdb	מֵידְבָא n.pr.loc. city in Moab—assigned to Reuben; meeting-place of Ammonites
H4311	strongs_he	Medeba, a place in Palestine
H4312	bdb	מֵידָד n.pr.m. one who prophesied in the camp of Isr.
H4312	strongs_he	Medad, an Israelite
H4313	bdb	מֵי הַיַּרְקוֹן n.pr.loc. in Dan, near Joppa Jos 19:46
H4313	strongs_he	Me-haj-Jarkon, a place in Palestine
H4314	bdb	מֵי זָהָב n.pr.m. an Edomite
H4314	strongs_he	Me-Zahab, an Edomite
H4315	bdb	the best
H4315	strongs_he	the best part
H4316	bdb	מִיכָא n.pr.m. son of Mephibosheth, 2 S 9:12 Ne 10:12. Ne 11:17
H4316	strongs_he	Mica, the name of two Israelites
H4317	bdb	Michael; Who is like God?
H4317	strongs_he	Mikael, the name of an archangel and of nine Israelites
H4318	bdb	מִיכָה n.pr.m. Micha, the Ephraimite the prophet Micah 1 Ch 5:5 son of Meribaal (Mephibosheth) 23:20 2 Ch 18:14 34:20
H4318	strongs_he	Micah, the name of seven Israelites
H4319	bdb	מִיכָֽיְהוּ n.pr.m. (so on an Isr. scarab) an Ephraimite a prophet, the son of Imlah a contemp. of Jer.
H4319	strongs_he	Mikehu, an Israelite prophet
H4320	bdb	מִיכָיָה n.pr.m. the canon. prophet, Micah, Je 26:18 Kt Ne 12:35 Ne 12:41. 2 K 22:12
H4320	strongs_he	Micajah, the name of two Israelites
H4321	bdb	מִיכָֽיְהוּ n.pr.m. (so on an Isr. scarab) an Ephraimite a prophet, the son of Imlah a contemp. of Jer.
H4321	strongs_he	Mikajah, the name of three Israelites
H4322	bdb	Who is like Yah?
H4322	strongs_he	Mikajah, the name of an Israelite and an Israelitess
H4323	bdb	brook; stream
H4323	strongs_he	properly, a container, i.e. a streamlet
H4324	bdb	מִיכַל n.pr.f. younger daughter of Saul, wife of David
H4324	strongs_he	Mikal, Saul's daughter
H4325	bdb	waters; water
H4325	strongs_he	water; figuratively, juice; by euphemism, urine, semen
H4326	bdb	מִיָּמִן, מִיָמִין, מִנְיָמִן, מִנְיָמִין n.pr.m. priestly name one of those who took strange wives
H4326	strongs_he	Mijamin, the name of three Israelites
H4327	bdb	kind; species
H4327	strongs_he	a sort, i.e. species
H4328	bdb	foundation; appointment; rod of appointment; foundations; founded; furnished with foundations
H4328	strongs_he	something founded, i.e. a foundation
H4329	bdb	covered
H4329	strongs_he	a portico (as covered)
H4330	bdb	squeezing; pressing; wringing
H4330	strongs_he	pressure
H4331	bdb	מֵישָׁא n.pr.m. of Benjamite in Moab 1 Ch 8:9.
H4331	strongs_he	Mesha, a place in Arabia; also an Israelite
H4332	bdb	Who is what God is
H4332	strongs_he	Mishael, the name of three Israelites
H4333	bdb	מִישָׁאֵל n.pr.m. Dn 2:17.
H4333	strongs_he	Mishael, an Israelite
H4334	bdb	level place; uprightness
H4334	strongs_he	a level, i.e. a plain (often used (with the article prefix) as a proper name of certain districts); figuratively, concord; also straightness, i.e. (figuratively) justice (sometimes adverbially, justly)
H4335	bdb	מֵישַׁךְ n.pr.m. the new (Bab.) name given to Mishael, Dn 1:7
H4335	strongs_he	Meshak, an Israelite
H4336	bdb	מֵישַׁךְ n.pr.m. (BH id.)
H4336	strongs_he	Meshak, the Babylonian
H4337	bdb	deliverance
H4337	strongs_he	Mesha, an Israelite
H4338	bdb	deliverance
H4338	strongs_he	Mesha, a Moabite
H4339	bdb	evenness; uprightness; equity
H4339	strongs_he	evenness, i.e. (figuratively) prosperity or concord; also straightness, i.e. (figuratively) rectitude (only in plural with singular sense; often adverbially)
H4340	bdb	cord; string
H4340	strongs_he	a cord (of a tent); or the string (of a bow)
H4341	bdb	pain
H4341	strongs_he	anguish or (figuratively) affliction
H4342	bdb	be much, many; make many
H4342	strongs_he	plenty
H4343	bdb	מַכְבֵּנָה n.pr.loc. 1 Ch 2:49
H4343	strongs_he	Macbena, a place in Palestine settled by him
H4344	bdb	מַכְבַּנַּי n.pr.m. a hero of David 1 Ch 12:14.
H4344	strongs_he	a Macbannite or native of Macbena
H4345	bdb	grating; lattice-work
H4345	strongs_he	a grate
H4346	bdb	a netted cloth; coverlet
H4346	strongs_he	a cloth (as netted)
H4347	bdb	blow; wound; slaughter
H4347	strongs_he	a blow (in 2 Chronicles 2:10, of the flail); by implication, a wound; figuratively, carnage, also pestilence
H4348	bdb	burnt-spot; scar of a burn
H4348	strongs_he	a burn
H4349	bdb	fixed; established place; foundation
H4349	strongs_he	properly, a fixture, i.e. a basis; generally a place, especially as an abode
H4350	bdb	fixed resting-place; base
H4350	strongs_he	a pedestal, also a spot
H4351	bdb	origin; place of digging
H4351	strongs_he	origin (as if a mine)
H4352	bdb	מָכִי n.pr.m. a Gadite Nu 13:15. 𝔊 Μα(κ)χι.
H4352	strongs_he	Maki, an Israelite
H4353	bdb	מָכִיר n.pr.m. eldest son of Manasseh son of Ammiel
H4353	strongs_he	Makir, an Israelite
H4354	bdb	the Machirites
H4354	strongs_he	a Makirite or descendant of Makir
H4355	bdb	be low, humiliated; sink; be brought low
H4355	strongs_he	to tumble (in ruins); figuratively, to perish
H4356	bdb	enclosure; fold
H4356	strongs_he	a pen (for flocks)
H4357	bdb	completeness; perfection
H4357	strongs_he	completion (in plural concrete adverbial, wholly)
H4358	bdb	perfection; gorgeous attire
H4358	strongs_he	perfection (i.e. concrete adverbial, splendidly)
H4359	bdb	completeness; perfection
H4359	strongs_he	perfection (of beauty)
H4360	bdb	a thing made perfect; gorgeous garment; stuff
H4360	strongs_he	something perfect, i.e. a splendid garment
H4361	bdb	food-stuff
H4361	strongs_he	nourishment
H4362	bdb	hidden stores
H4362	strongs_he	treasure (as hidden)
H4363	bdb	מִכְמָס n.pr.loc.; = מִכְמָשׂ;—city in Benjamin, N. fr. Geba and Jerusalem (E. fr. Bethaven)
H4363	strongs_he	Mikmas or Mikmash, a place in Palestine
H4364	bdb	net; snare; net; snare
H4364	strongs_he	a (hunter's) net (as dark from concealment)
H4365	bdb	net; fishing-net; מִכְמֹ֫רֶת n.f. id. [k.bw.ad]; Is 19:8
H4365	strongs_he	a (fisher's) net
H4366	bdb	מִכְמְתָת n.pr.loc. place in NE. Ephraim, near border of Manasseh, between Shechem and Taanath Shilo
H4366	strongs_he	Mikmethath, a place in Palestine
H4367	bdb	מַכְנַדְבַי n.pr.m. one of those who had strange wives Ezr 10:40
H4367	strongs_he	Maknadbai, an Israelite
H4368	bdb	מְכֹנָה n.pr.loc. in Judah Ne 11:28.
H4368	strongs_he	Mekonah, a place in Palestine
H4369	bdb	fixed resting-place; base
H4369	strongs_he	a spot
H4370	bdb	drawers
H4370	strongs_he	(only in dual) drawers (from concealing the private parts)
H4371	bdb	computation; proportion to be paid; tax
H4371	strongs_he	an assessment (as based upon a census)
H4372	bdb	covering
H4372	strongs_he	a covering, i.e. weatherboarding
H4373	bdb	computation; number; valuation, worth
H4373	strongs_he	an enumeration; by implication, a valuation
H4374	bdb	covering
H4374	strongs_he	a covering, i.e. garment; specifically, a coverlet (for a bed), an awning (from the sun); also the omentum (as covering the intestines)
H4375	bdb	מַכְפֵּלָה n.pr.loc. near Hebron, where patriarchs and their wives were buried
H4375	strongs_he	Makpelah, a place in Palestine
H4376	bdb	sell; sell; be sold; sell oneself
H4376	strongs_he	to sell, literally (as merchandise, a daughter in marriage, into slavery), or figuratively (to surrender)
H4377	bdb	merchandise; value
H4377	strongs_he	merchandise; also value
H4378	bdb	acquaintance; friend
H4378	strongs_he	an acquaintance
H4379	bdb	pit
H4379	strongs_he	a pit (for salt)
H4380	bdb	[מְכֵרָה] n.[f.] prob. the name of a weapon, only pl. Gn 49:5
H4380	strongs_he	a sword
H4381	bdb	מִכְרִי n.pr.m. a Benjamite 1 Ch 9:8.
H4381	strongs_he	Mikri, an Israelite
H4382	bdb	מְכֵרָתִי adj.gent. 1 Ch 11:36.
H4382	strongs_he	a Mekerathite, or inhabitant of Mekerah
H4383	bdb	a stumbling; means; occasion of stumbling; stumbling-block
H4383	strongs_he	a stumbling-block, literally or figuratively (obstacle, enticement (specifically an idol), scruple)
H4384	bdb	overthrown mass; stumbling-block
H4384	strongs_he	a stumbling-block, but only figuratively (fall, enticement [idol])
H4385	bdb	writing; hand-writing
H4385	strongs_he	a thing written, the characters, or a document (letter, copy, edict, poem)
H4386	bdb	the crushed; pulverized; crushed fragments
H4386	strongs_he	a fracture
H4387	bdb	Mikhtām
H4387	strongs_he	an engraving, i.e. (techn.) a poem
H4388	bdb	mortar
H4388	strongs_he	a mortar; by analogy, a socket (of a tooth)
H4389	bdb	mortar
H4389	strongs_he	dell; the Maktesh, a place in Jerusalem
H4390	bdb	be full, fill; be full, fill; be full; fill; be filled, be accomplished, ended; be filled; be accomplished, ended; fill, fulfil, accomplish, complete; fill; fulfil, accomplish, complete; filled; mass themselves
H4390	strongs_he	to fill or (intransitively) be full of, in a wide application (literally and figuratively)
H4391	bdb	fill; was filled with rage
H4391	strongs_he	to fill
H4392	bdb	full
H4392	strongs_he	full (literally or figuratively) or filling (literally); also (concretely) fulness; adverbially, fully
H4393	bdb	fulness, that which fills; fulness; mass, multitude
H4393	strongs_he	fulness (literally or figuratively)
H4394	bdb	setting; installation
H4394	strongs_he	a fulfilling (only in plural), i.e. (literally) a setting (of gems), or (technically) consecration (also concretely, a dedicatory sacrifice)
H4395	bdb	fulness; full produce
H4395	strongs_he	something fulfilled, i.e. abundance (of produce)
H4396	bdb	setting
H4396	strongs_he	a filling, i.e. setting (of gems)
H4397	bdb	messenger; messenger; angel; the theophanic angel
H4397	strongs_he	a messenger; specifically, of God, i.e. an angel (also a prophet, priest or teacher)
H4398	bdb	angel
H4398	strongs_he	an angel
H4399	bdb	occupation, work; occupation, business; property; work; workmanship; service, use; public business
H4399	strongs_he	properly, deputyship, i.e. ministry; generally, employment (never servile) or work (abstractly or concretely); also property (as the result of labor)
H4400	bdb	message
H4400	strongs_he	a message
H4401	bdb	Malachi
H4401	strongs_he	Malaki, a prophet
H4402	bdb	setting; border; rim
H4402	strongs_he	fulness, i.e. (concretely) a plump socket (of the eye)
H4403	bdb	raiment; attire
H4403	strongs_he	a garment, or (collectively) clothing
H4404	bdb	brick-mould; quadrangle
H4404	strongs_he	a brickkiln
H4405	bdb	word; speech; utterance
H4405	strongs_he	a word; collectively, a discourse; figuratively, a topic
H4406	bdb	word; thing
H4406	strongs_he	a word, command, discourse, or subject
H4407	bdb	fill
H4407	strongs_he	a rampart (as filled in), i.e. the citadel
H4408	bdb	mallow
H4408	strongs_he	sea-purslain (from its saltness)
H4409	bdb	מַלּוּךְ n.pr.m. Levites various men; מלוכי Kt, מלִיכוּ Qr n.pr.m. a priest Ne 12:14.
H4409	strongs_he	Malluk, the name of five Israelites
H4410	bdb	kingship; royalty
H4410	strongs_he	something ruled, i.e. a realm
H4411	bdb	lodging-place; inn; khan
H4411	strongs_he	a lodgment, i.e. caravanserai or encampment
H4412	bdb	lodge; hut
H4412	strongs_he	a hut, a hammock
H4413	bdb	I have uttered
H4413	strongs_he	Mallothi, an Israelite
H4414	bdb	salt, season; salted; rubbed, washed with salt; tear away; dissipate; be dispersed in fragments; dissipated
H4414	strongs_he	properly, to rub to pieces or pulverize; intransitively, to disappear as dust; also to salt whether internally (to season with salt) or externally (to rub with salt)
H4415	bdb	eat salt
H4415	strongs_he	to eat salt, i.e. (generally) subsist
H4416	bdb	salt
H4416	strongs_he	salt
H4417	bdb	salt
H4417	strongs_he	properly, powder, i.e. (specifically) salt (as easily pulverized and dissolved)
H4418	bdb	rag
H4418	strongs_he	a rag or old garment
H4419	bdb	mariner
H4419	strongs_he	a sailor (as following 'the salt')
H4420	bdb	saltness; barrenness
H4420	strongs_he	properly, salted (i.e. land), i.e. a desert
H4421	bdb	battle; war
H4421	strongs_he	a battle (i.e. the engagement); generally, war (i.e. war-fare)
H4422	bdb	slip away; slip away, escape, be delivered; slip away; escape; be delivered; lay, let escape, deliver; lay; let escape; deliver; give birth to, deliver; give birth to; deliver; slip forth, escape, escape; slip forth, escape; escape
H4422	strongs_he	properly, to be smooth, i.e. (by implication) to escape (as if by slipperiness); causatively, to release or rescue; specifically, to bring forth young, emit sparks
H4423	bdb	mortar; cement
H4423	strongs_he	cement (from its plastic smoothness)
H4424	bdb	Yahweh delivered
H4424	strongs_he	Melatjah, a Gibeonite
H4425	bdb	ear
H4425	strongs_he	a head of grain (as cut off)
H4426	bdb	satire; mocking-poem
H4426	strongs_he	an aphorism; also a satire
H4427	bdb	be, become king, queen, reign; be, king, reign; make king, queen, cause to reign; counsel; advise
H4427	strongs_he	to reign; inceptively, to ascend the throne; causatively, to induct into royalty; hence (by implication) to take counsel
H4428	bdb	king
H4428	strongs_he	a king
H4429	bdb	מֶ֫לֶךְ n.pr.m. son of Micah, a Benjamite
H4429	strongs_he	Melek, the name of two Israelites
H4430	bdb	king
H4430	strongs_he	a king
H4431	bdb	counsel; advice
H4431	strongs_he	advice
H4432	bdb	Molech
H4432	strongs_he	Molek (i.e. king), the chief deity of the Ammonites
H4433	bdb	queen
H4433	strongs_he	a queen
H4434	bdb	a catching instrument; a snare; trap
H4434	strongs_he	a snare
H4435	bdb	מִלְכָּה n.pr.f. wife of Nahor daughter of Zelophehad (of Manasseh)
H4435	strongs_he	Milcah, the name of a Hebrewess and of an Israelite
H4436	bdb	queen
H4436	strongs_he	a queen
H4437	bdb	royalty; reign; kingdom
H4437	strongs_he	dominion (abstractly or concretely)
H4438	bdb	royalty, royal power, reign, kingdom; royal power, dominion; reign; kingdom, realm
H4438	strongs_he	a rule; concretely, a dominion
H4439	bdb	my king is Ēl
H4439	strongs_he	Malkiel, an Israelite
H4440	bdb	מַלְכִּיאֵלִי adj.gent. c. art. as subst. coll. Nu 26:45.
H4440	strongs_he	a Malkielite or descendant of Malkiel
H4441	bdb	my king is Yah
H4441	strongs_he	Malkijah, the name of ten Israelites
H4442	bdb	my king is Ṣedeḳ
H4442	strongs_he	Malki-Tsedek, an early king in Palestine
H4443	bdb	my king; is high
H4443	strongs_he	Malkiram, an Israelite
H4444	bdb	my king; is opulence
H4444	strongs_he	Malkishua, an Israelite
H4445	bdb	Milcom; מַלְכָּם n.pr.m. a Benjamite
H4445	strongs_he	Malcam or Milcom, the national idol of the Ammonites
H4446	bdb	queen
H4446	strongs_he	a queen
H4447	bdb	מֹלֶ֫כֶת n.pr.f. c. art. 1 Ch 7:18 (of Manasseh).
H4447	strongs_he	Moleketh, an Israelitess
H4448	bdb	rub; scrape; speak; utter; say
H4448	strongs_he	to speak (mostly poetical) or say
H4449	bdb	speak; say
H4449	strongs_he	to speak
H4450	bdb	מִֽלֲלִי n.pr.m. a priest’s son, Ne 12:36.
H4450	strongs_he	Milalai, an Israelite
H4451	bdb	ox-goad
H4451	strongs_he	a goad for oxen
H4452	bdb	be smooth; slippery
H4452	strongs_he	to be smooth, i.e. (figuratively) pleasant
H4453	bdb	guardian
H4453	strongs_he	the butler or other officer in the Babylonian court
H4454	bdb	nip; nip off
H4454	strongs_he	to crack a joint; by implication, to wring the neck of a fowl (without separating it)
H4455	bdb	booty; prey; jaw; taking; seizing
H4455	strongs_he	transitively (in dual) the jaws (as taking food); intransitively, spoil [and captives] (as taken)
H4456	bdb	latter-rain; spring-rain
H4456	strongs_he	the spring rain; figuratively, eloquence
H4457	bdb	tongs; snuffers
H4457	strongs_he	(only in dual) tweezers
H4458	bdb	wardrobe; wearing apparel
H4458	strongs_he	a wardrobe (i.e. room where clothing is spread)
H4459	bdb	teeth
H4459	strongs_he	a grinder, i.e. back tooth
H4460	bdb	מַמְּגֻרוֹת n.f.pl. id. [c.bf.ah], Jo 1:17
H4460	strongs_he	a granary
H4461	bdb	measurement
H4461	strongs_he	a measure
H4462	bdb	מְמוּכָן n.pr.m. a prince of Persia and Media
H4462	strongs_he	Memucan or Momucan, a Persian satrap
H4463	bdb	death
H4463	strongs_he	a mortal disease; concretely, a corpse
H4464	bdb	bastard, child of incest; bastard
H4464	strongs_he	a mongrel, i.e. born of a Jewish father and a heathen mother
H4465	bdb	sale; ware
H4465	strongs_he	merchandise; abstractly, a selling
H4466	bdb	sale
H4466	strongs_he	a sale
H4467	bdb	kingdom, sovereignty, dominion, reign; kingdom, realm; sovereignty, dominion; reign
H4467	strongs_he	dominion, i.e. (abstractly) the estate (rule) or (concretely) the country (realm)
H4468	bdb	kingdom; dominion; reign
H4468	strongs_he	kingdom, reign.
H4469	bdb	mixed drink
H4469	strongs_he	mixture, i.e. (specifically) wine mixed (with water or spices)
H4470	bdb	bitterness
H4470	strongs_he	sorrow
H4471	bdb	Mamre
H4471	strongs_he	Mamre, an Amorite
H4472	bdb	bitter thing
H4472	strongs_he	a bitterness, i.e. (figuratively) calamity
H4473	bdb	cherub of expansion
H4473	strongs_he	outspread (i.e. with outstretched wings)
H4474	bdb	dominion; ruler
H4474	strongs_he	a ruler or (abstractly) rule
H4475	bdb	rule; dominion; realm
H4475	strongs_he	rule; also (concretely in plural) a realm or a ruler
H4476	bdb	possession; place of possession; place possessed by
H4476	strongs_he	a possession
H4477	bdb	sweetness; sweet things
H4477	strongs_he	something sweet (literally or figuratively)
H4478	bdb	What; manna
H4478	strongs_he	literally a whatness (so to speak), i.e. manna (so called from the question about it)
H4479	bdb	who?
H4479	strongs_he	who or what (properly, interrogatively, hence, also indefinitely and relatively)
H4480	bdb	out of, from, on account of, off, on the side of, since, above, than, so that not; from, against, away from, far from, off, on the side of, on; from, against; away from, far from; off, on the side of, on; Out of; from, since, after, towards, to; from, since; after; towards, to; from … even to; beyond, above; from, on account of, through, since, after; from, on account of, through; since, after; that; portion
H4480	strongs_he	properly, a part of; hence (prepositionally), from or out of in many senses
H4481	bdb	from; out of; by; by reason of; at; more then
H4481	strongs_he	according, after, because, before, by, for, from, × him, × more than, (out) of, part, since, × these, to, upon, when.
H4482	bdb	string
H4482	strongs_he	a part; hence, a musical chord (as parted into strings)
H4483	bdb	number, reckon; has numbered; appoint
H4483	strongs_he	to count, appoint
H4484	bdb	maneh; mina
H4484	strongs_he	numbered
H4485	bdb	mocking; derisive; song
H4485	strongs_he	a satire
H4486	bdb	knowledge; power of knowing
H4486	strongs_he	wisdom or intelligence
H4487	bdb	count, number, reckon, assign; count, number, reckon, assign, appoint; count, number; reckon, assign, appoint; be counted, numbered, be reckoned, assigned; be counted, numbered; be reckoned, assigned; appoint, ordain; appointed
H4487	strongs_he	properly, to weigh out; by implication, to allot or constitute officially; also to enumerate or enroll
H4488	bdb	maneh; mina; a; part
H4488	strongs_he	properly, a fixed weight or measured amount, i.e. (techn.) a maneh or mina
H4489	bdb	counted number; time
H4489	strongs_he	properly, something weighed out, i.e. (figuratively) a portion of time, i.e. an instance
H4490	bdb	part; portion
H4490	strongs_he	properly, something weighed out, i.e. (generally) a division; specifically (of food) a ration; also a lot
H4491	bdb	driving; charioteering
H4491	strongs_he	the driving (of a chariot)
H4492	bdb	[מִנְהָרָה] n.f. dub., only pl. Ju 6:2
H4492	strongs_he	properly, a channel or fissure, i.e. (by implication) a cavern
H4493	bdb	a shaking; wagging
H4493	strongs_he	a nodding or toss (of the head in derision)
H4494	bdb	resting-place; state; condition of rest
H4494	strongs_he	quiet, i.e. (concretely) a settled spot, or (figuratively) a home
H4495	bdb	מָנוֹחַ 18 n.pr.m. father of Samson
H4495	strongs_he	Manoach, an Israelite
H4496	bdb	resting-place; rest
H4496	strongs_he	repose or (adverbially) peacefully; figuratively, consolation (specifically, matrimony); hence (concretely) an abode
H4497	bdb	thankless one
H4497	strongs_he	a continuator, i.e. heir
H4498	bdb	flight; place of escape; refuge
H4498	strongs_he	a retreat (literally or figuratively); abstractly, a fleeing
H4499	bdb	flight
H4499	strongs_he	retreat
H4500	bdb	beam
H4500	strongs_he	a yoke (properly, for plowing), i.e. the frame of a loom
H4501	bdb	lampstand; lampstands; lampstand
H4501	strongs_he	a chandelier
H4502	bdb	consecrated; ones; princes
H4502	strongs_he	a prince
H4503	bdb	gift, tribute, offering; gift, present; tribute; offering; grain offering; grain-offering; offering are
H4503	strongs_he	a donation; euphemistically, tribute; specifically a sacrificial offering (usually bloodless and voluntary)
H4504	bdb	gift; offering
H4504	strongs_he	a sacrificial offering
H4505	bdb	comforter
H4505	strongs_he	Menachem, an Israelite
H4506	bdb	מָנַ֫חַת n.pr.m. in Edom; resting-place; settlement
H4506	strongs_he	Manachath, the name of an Edomite and of a place in Moab
H4507	bdb	Mᵉnî; award; apportionment
H4507	strongs_he	the Apportioner, i.e. Fate (as an idol)
H4508	bdb	מִנִּי n.pr.terr. region of Armenia;—Je 51:27
H4508	strongs_he	Minni, an Armenian province
H4509	bdb	מִיָּמִן, מִיָמִין, מִנְיָמִן, מִנְיָמִין n.pr.m. priestly name one of those who took strange wives
H4509	strongs_he	Minjamin, the name of two Israelites
H4510	bdb	number
H4510	strongs_he	enumeration
H4511	bdb	מִנִּית n.pr.loc. in Ammonite territory, site unknown
H4511	strongs_he	Minnith, a place East of the Jordan
H4512	bdb	gain; acquisition
H4512	strongs_he	completion, i.e. (in produce) wealth
H4513	bdb	withhold, hold back; withhold; be withholden
H4513	strongs_he	to debar (negatively or positively) from benefit or injury
H4514	bdb	bolt
H4514	strongs_he	a bolt
H4515	bdb	[מִנְעָל] n.m. id. [n.ec.ad], only sf. Dt 33:25 (song).
H4515	strongs_he	a bolt
H4516	bdb	delicacies; dainties
H4516	strongs_he	a delicacy
H4517	bdb	rattle
H4517	strongs_he	a sistrum (so called from its rattling sound)
H4518	bdb	sacrificial bowl
H4518	strongs_he	a sacrificial basin (for holding blood)
H4519	bdb	Manasseh; Manasseh; Manasseh
H4519	strongs_he	Menashsheh, a grandson of Jacob, also the tribe descended from him, and its territory
H4520	bdb	מְנַשִּׁי adj.gent.; only c. art. as n. coll., of tribe E. of Jordan
H4520	strongs_he	a Menashshite or descendant of Menashsheh
H4521	bdb	portion
H4521	strongs_he	an allotment (by courtesy, law or providence)
H4522	bdb	body of forced labourers; task-workers; labour-band; gang; forced service; task-work; serfdom
H4522	strongs_he	properly, a burden (as causing to faint), i.e. a tax in the form of forced labor
H4523	bdb	despairing; melting; failing; collapsing
H4523	strongs_he	fainting, i.e. (figuratively) disconsolate
H4524	bdb	that which surrounds; is round
H4524	strongs_he	a divan (as enclosing the room); abstractly (adverbial) around
H4525	bdb	locksmith; smith; dungeon
H4525	strongs_he	a fastener, i.e. (of a person) a smith, (of a thing) a prison
H4526	bdb	border; rim; fastness
H4526	strongs_he	something enclosing, i.e. a margin (of a region, of a panel); concretely, a stronghold
H4527	bdb	foundation
H4527	strongs_he	a foundation
H4528	bdb	porch; colonnade; place of a row
H4528	strongs_he	a colonnade or internal portico (from its rows of pillars)
H4529	bdb	melt; dissolve; be liquified
H4529	strongs_he	to dissolve
H4530	bdb	sufficiency
H4530	strongs_he	abundance, i.e. (adverbially) liberally
H4531	bdb	despair; melting; failing; test; trial; proving
H4531	strongs_he	a testing, of men (judicial) or of God (querulous)
H4532	bdb	מַסָּה n.pr.loc. where Israel tried י׳ in the wilderness
H4532	strongs_he	Massah, a place in the Desert
H4533	bdb	veil
H4533	strongs_he	a veil
H4534	bdb	hedge
H4534	strongs_he	a hedge
H4535	bdb	for plucking away
H4535	strongs_he	a cordon, (adverbially) or (as a) military barrier
H4536	bdb	merchandise
H4536	strongs_he	trade
H4537	bdb	mix; produce by mixing
H4537	strongs_he	to mix, especially wine (with spices)
H4538	bdb	mixture
H4538	strongs_he	a mixture, i.e. of wine with spices
H4539	bdb	covering; screen
H4539	strongs_he	a cover, i.e. veil
H4540	bdb	that with which one is covered; covering
H4540	strongs_he	a covering, i.e. garniture
H4541	bdb	woven stuff; web; covering; molten metal, image, libation; libation; molten metal, image
H4541	strongs_he	properly, a pouring over, i.e. fusion of metal (especially a cast image); by implication, a libation, i.e. league; concretely a coverlet (as if poured out)
H4542	bdb	poor
H4542	strongs_he	indigent
H4543	bdb	supply; storage
H4543	strongs_he	a magazine
H4544	bdb	poverty; scarcity
H4544	strongs_he	indigence
H4545	bdb	web
H4545	strongs_he	something expanded, i.e. the warp in a loom (as stretched out to receive the woof)
H4546	bdb	highway
H4546	strongs_he	a thoroughfare (as turnpiked), literally or figuratively; specifically a viaduct, a staircase
H4547	bdb	highway
H4547	strongs_he	a thoroughfare (as turnpiked)
H4548	bdb	nail
H4548	strongs_he	a peg (as bristling from the surface)
H4549	bdb	dissolve, melt; like the melting; melt, faint, grow fearful, wasted, consumptive; melt; faint, grow fearful; wasted, consumptive; cause to melt
H4549	strongs_he	to liquefy; figuratively, to waste (with disease), to faint (with fatigue, fear or grief)
H4550	bdb	pulling up, breaking camp, setting out, journey; pulling up, breaking, setting out; pulling up, breaking; setting out; station, stage, journey
H4550	strongs_he	a departure (from striking the tents), i.e. march (not necessarily a single day's travel); by implication, a station (or point of departure)
H4551	bdb	missile; dart; quarry; quarrying
H4551	strongs_he	a missile (spear or arrow); also a quarry (whence stones are, as it were, ejected)
H4552	bdb	support
H4552	strongs_he	a balustrade (for stairs)
H4553	bdb	wailing
H4553	strongs_he	a lamentation
H4554	bdb	fodder
H4554	strongs_he	fodder
H4555	bdb	long veil; sheathing
H4555	strongs_he	a veil (as spread out)
H4556	bdb	מִסְפַּ֫חַת n.f. id. [o.cg.ab];—abs.
H4556	strongs_he	scruf (as spreading over the surface)
H4557	bdb	number; tale
H4557	strongs_he	a number, definite (arithmetical) or indefinite (large, innumerable; small, a few); also (abstractly) narration
H4558	bdb	מִסְפָּר n.pr.m. a returned exile Ezr 2:2, = מִסְפֶּ֫רֶת Ne 7:7
H4558	strongs_he	Mispar, an Israelite
H4559	bdb	מִסְפָּר n.pr.m. a returned exile Ezr 2:2, = מִסְפֶּ֫רֶת Ne 7:7
H4559	strongs_he	Mispereth, an Israelite
H4560	bdb	deliver up, offer; offer, a trespass against; delivered over to, assigned to
H4560	strongs_he	to sunder, i.e. (transitively) set apart, or (reflex.) apostatize
H4561	bdb	discipline; chastening; correction
H4561	strongs_he	admonition
H4562	bdb	bond of the covenant
H4562	strongs_he	a band
H4563	bdb	place of shelter
H4563	strongs_he	a refuge
H4564	bdb	hiding; act of hiding
H4564	strongs_he	properly, a hider, i.e. (abstractly) a hiding, i.e. aversion
H4565	bdb	secret place; hiding-place
H4565	strongs_he	properly, a concealer, i.e. a covert
H4566	bdb	work
H4566	strongs_he	an act
H4567	bdb	work
H4567	strongs_he	an act
H4568	bdb	thickness; compactness
H4568	strongs_he	properly, compact (part of soil), i.e. loam
H4569	bdb	ford; pass; passing; ford; pass; passing
H4569	strongs_he	a crossing-place (of a river, a ford; of a mountain, a pass); abstractly, a transit, i.e. (figuratively) overwhelming
H4570	bdb	entrenchment; track
H4570	strongs_he	a track (literally or figuratively); also a rampart (as circular)
H4571	bdb	slip, slide, totter, shake; slip; cause to shake, make them totter
H4571	strongs_he	to waver
H4572	bdb	מַעֲדַּי (van d. H מַעֲדַי) n.pr.m. one of those who had taken strange wives Ezr 10:34.
H4572	strongs_he	Maadai, an Israelite
H4573	bdb	מַעֲדְיָה n.pr.m. a priest of Zerubbabel’s time acc. to Ne 12:5; appar. = מוֹעַדְיָה v 17
H4573	strongs_he	Maadjah, an Israelite
H4574	bdb	dainty; delight
H4574	strongs_he	a delicacy or (abstractly) pleasure (adverbially, cheerfully)
H4575	bdb	bonds; bands
H4575	strongs_he	a bond, i.e. group
H4576	bdb	hoe
H4576	strongs_he	a (weeding) hoe
H4577	bdb	external belly
H4577	strongs_he	only in plural the bowels
H4578	bdb	internal organs; inward parts; intestines; bowels; belly
H4578	strongs_he	used only in plural the intestines, or (collectively) the abdomen, figuratively, sympathy; by implication, a vest; by extension the stomach, the uterus (or of men, the seat of generation), the heart (figuratively)
H4579	bdb	grain
H4579	strongs_he	the belly, i.e. (figuratively) interior
H4580	bdb	cake
H4580	strongs_he	a cake of bread; parasite
H4581	bdb	place; means of safety; protection
H4581	strongs_he	a fortified place; figuratively, a defence
H4582	bdb	מָעוֹךְ n.pr.m. father of Achish of Gath;—1 S 27:2
H4582	strongs_he	Maok, a Philistine
H4583	bdb	dwelling; habitation
H4583	strongs_he	an abode, of God (the Tabernacle or the Temple), men (their home) or animals (their lair); hence, a retreat (asylum)
H4584	bdb	מָעוֹן n.pr. loc. in Judah m. in Judah gent. named with Sidonians and Amalek as ancient foes of Isr.
H4584	strongs_he	Maon, the name of an Israelite and of a place in Palestine
H4585	bdb	den, lair; the ancient God is a dwelling-place
H4585	strongs_he	den, habitation, (dwelling) place, refuge.
H4586	bdb	Mᵉ‛unim; Mᵉ‛unites
H4586	strongs_he	a Meunite, or inhabitant of Maon (only in plural)
H4587	bdb	מְעוֹנֹתַי n.pr.m. name in Judah 1 Ch 4:14
H4587	strongs_he	Meonothai, an Israelite
H4588	bdb	[מָעוּף] n.[m.] id. [מוּעָף];—cstr. Is 8:22
H4588	strongs_he	darkness
H4589	bdb	nakedness; pudendum
H4589	strongs_he	nakedness, i.e. (in plural) the pudenda
H4590	bdb	מַעַזְיָהוּ, מַעַזְיָה n.pr.m. of priests ascribed to David’s time Nehemiah’s time
H4590	strongs_he	Maazjah, the name of two Israelites
H4591	bdb	be, become small, diminished, few; too small; become few; make small, few, diminish
H4591	strongs_he	properly, to pare off, i.e. lessen; intransitively, to be (or causatively, to make) small or few (or figuratively, ineffective)
H4592	bdb	a little; fewness; a few
H4592	strongs_he	a little or few (often adverbial or comparative)
H4593	bdb	make smooth, bare, bald, scour, polish; make bare, scour, polish; make bare; scour, polish; his head is made bald; scoured, polished
H4593	strongs_he	thinned (as to the edge), i.e. sharp
H4594	bdb	wrap; mantle
H4594	strongs_he	a vestment
H4595	bdb	overtunic
H4595	strongs_he	a cloak
H4596	bdb	ruin-heap
H4596	strongs_he	a pile of rubbish (as contorted), i.e. a ruin
H4597	bdb	מָעַי n.pr.m. a musician Ne 12:36
H4597	strongs_he	Maai, an Israelite
H4598	bdb	robe
H4598	strongs_he	a robe (i.e. upper and outer garment)
H4599	bdb	spring
H4599	strongs_he	a fountain (also collectively), figuratively, a source (of satisfaction)
H4600	bdb	press, squeeze; and his spear pressed, into the ground; there were their breasts squeezed
H4600	strongs_he	to press, i.e. to pierce, emasculate, handle
H4601	bdb	מַעֲכָה n.pr.m., f. et gent. n.pr.m. son of Nahor by his concubine father of חָנָן, a hero of David Simeonite name father of Achish n.pr.f. Geshurite princess, wife of David, mother of Absalom daughter of Absalom, wife of Rehoboam, mother of Abijam mother of Asa, and called also daughter of Absalom concubinr of Caleb wife of Machir wife of (יעיאל), father of Gibeon n.pr.gent. dwelling W. of Bashan
H4601	strongs_he	Maakah (or Maakath), the name of a place in Syria, also of a Mesopotamian, of three Israelites, and of four Israelitesses and one Syrian woman
H4602	bdb	the Maachathites
H4602	strongs_he	a Maakathite, or inhabitant of Maakah
H4603	bdb	act unfaithfully; treacherously
H4603	strongs_he	properly, to cover up; used only figuratively, to act covertly, i.e. treacherously
H4604	bdb	unfaithful; treacherous act
H4604	strongs_he	treachery, i.e. sin
H4605	bdb	higher part; above; upward
H4605	strongs_he	properly,the upper part, used only adverbially with prefix upward, above, overhead, from the top, etc.
H4606	bdb	going in
H4606	strongs_he	(only in plural as singular) the setting (of the sun)
H4607	bdb	lifting
H4607	strongs_he	a raising (of the hands)
H4608	bdb	ascent; ascent, Scorpion-pass
H4608	strongs_he	an elevation, i.e. (concretely) acclivity or platform; abstractly (the relation or state) a rise or (figuratively) priority
H4609	bdb	step, stair; step, stair; steps; stories; ascent; song of ascents; what comes up
H4609	strongs_he	elevation, i.e. the act (literally, a journey to a higher place, figuratively, a thought arising), or (concretely) the condition (literally, a step or grade-mark, figuratively, a superiority of station); specifically a climactic progression (in certain Psalms)
H4610	bdb	ascent; ascent, Scorpion-pass
H4610	strongs_he	Steep of Scorpions, a place in the Desert
H4611	bdb	deed; practice
H4611	strongs_he	an act (good or bad)
H4612	bdb	office, function, service; station, office, post; office, function; service, waiting, mode of standing
H4612	strongs_he	(figuratively) a position
H4613	bdb	standing-ground; foothold
H4613	strongs_he	literally a foothold
H4614	bdb	load; burden
H4614	strongs_he	burdensomeness
H4615	bdb	depths
H4615	strongs_he	a deep
H4616	bdb	purpose; intent; for the sake of; on account of; to the intent; in order that
H4616	strongs_he	properly, heed, i.e. purpose; used only adverbially, on account of (as a motive or an aim), teleologically, in order that
H4617	bdb	answer; response
H4617	strongs_he	a reply (favorable or contradictory)
H4618	bdb	place for task; field for ploughing
H4618	strongs_he	a furrow
H4619	bdb	מַ֫עַץ n.pr.m. in Judah 1 Ch 2:27
H4619	strongs_he	Maats, an Israelite
H4620	bdb	place of pain; pain
H4620	strongs_he	anguish
H4621	bdb	axe
H4621	strongs_he	an axe
H4622	bdb	restraint; hindrance
H4622	strongs_he	objectively, a hindrance
H4623	bdb	restraint; control; control
H4623	strongs_he	subjectively, control
H4624	bdb	parapet
H4624	strongs_he	a parapet
H4625	bdb	twisted; crooked place
H4625	strongs_he	a crook (in a road)
H4626	bdb	bare; naked place
H4626	strongs_he	a nude place, i.e. (literally) the pudenda, or (figuratively) a vacant space
H4627	bdb	articles of exchange; merchandise
H4627	strongs_he	traffic; by implication, mercantile goods
H4628	bdb	west; set
H4628	strongs_he	the west (as a region of the evening sun)
H4629	bdb	bare; naked place
H4629	strongs_he	a nude place, i.e. a common
H4630	bdb	row, rank, battle-line; battle-line, ranks; battle-line; ranks; lamps of the rows
H4630	strongs_he	an open spot
H4631	bdb	cave
H4631	strongs_he	a cavern (as dark)
H4632	bdb	cave
H4632	strongs_he	Mearah, a place in Palestine
H4633	bdb	arrangement
H4633	strongs_he	an arrangement, i.e. (figuratively) mental disposition
H4634	bdb	row, rank, battle-line; battle-line, ranks; battle-line; ranks; lamps of the rows
H4634	strongs_he	an arrangement; concretely, a pile; specifically a military array
H4635	bdb	row; line
H4635	strongs_he	an arrangement, i.e. (concretely) a pile (of loaves)
H4636	bdb	naked thing
H4636	strongs_he	bare
H4637	bdb	awful shock; crash
H4637	strongs_he	violence
H4638	bdb	מַעֲרָת n.pr.loc. in Judah Jos 15:59
H4638	strongs_he	Maarath, a place in Palestine
H4639	bdb	deed; work
H4639	strongs_he	an action (good or bad); generally, a transaction; abstractly, activity; by implication, a product (specifically, a poem) or (generally) property
H4640	bdb	work of
H4640	strongs_he	Maasai, an Israelite
H4641	bdb	work of
H4641	strongs_he	Maasejah, the name of sixteen Israelites
H4642	bdb	extortionate act
H4642	strongs_he	oppression
H4643	bdb	tenth part; tithe
H4643	strongs_he	a tenth; especially a tithe
H4644	bdb	Memphis
H4644	strongs_he	Moph, the capital of Lower Egypt
H4645	bdb	thing hit; mark
H4645	strongs_he	an object of attack
H4646	bdb	breathing out
H4646	strongs_he	a breathing out (of life), i.e. expiring
H4647	bdb	bellows
H4647	strongs_he	the bellows (i.e. blower) of a forge
H4648	bdb	Baal is, advocate
H4648	strongs_he	Mephibosheth, the name of two Israelites
H4649	bdb	מֻפִּים n.pr.m. family name in Benjamin
H4649	strongs_he	Muppim, an Israelite
H4650	bdb	scatterer; disperser
H4650	strongs_he	a breaker, i.e. mallet
H4651	bdb	refuse; hanging parts
H4651	strongs_he	a falling off, i.e. chaff; also something pendulous, i.e. a flap
H4652	bdb	wondrous work
H4652	strongs_he	a miracle
H4653	bdb	[מִפְלַגָּה] n.f. id. [q.bl.ae]; pl. abs. 2 Ch 35:12.
H4653	strongs_he	a classification
H4654	bdb	מַפֵּלָה n.f. id. [n.ek.ad];—abs. מ׳ of city Is 23:13 25:2.; ruin
H4654	strongs_he	something fallen, i.e. a ruin
H4655	bdb	escape; place of escape
H4655	strongs_he	an escape
H4656	bdb	horrid thing; to shudder at
H4656	strongs_he	a terror, i.e. an idol
H4657	bdb	swaying; poising
H4657	strongs_he	a poising
H4658	bdb	carcass, ruin, overthrow; carcass; a ruin, overthrow; a ruin; overthrow
H4658	strongs_he	fall, i.e. decadence; concretely, a ruin; specifically a carcase
H4659	bdb	work; thing made; deed
H4659	strongs_he	a performance
H4660	bdb	shattering
H4660	strongs_he	a smiting to pieces
H4661	bdb	war-club; a shatterer
H4661	strongs_he	a smiter, i.e. a war club
H4662	bdb	muster; appointment; appointed place
H4662	strongs_he	an appointment, i.e. mandate; concretely, a designated spot; specifically, a census
H4663	bdb	muster; appointment; appointed place
H4663	strongs_he	Miphkad, the name of a gate in Jerusalem
H4664	bdb	landing-place
H4664	strongs_he	a break (in the shore), i.e. a haven
H4665	bdb	neck; dividing
H4665	strongs_he	properly, a fracture, i.e. joint (vertebrae) of the neck
H4666	bdb	spreading out; thing spread
H4666	strongs_he	an expansion
H4667	bdb	stepping-region; hip; buttock
H4667	strongs_he	a stride, i.e. (by euphemism) the crotch
H4668	bdb	key; opening instrument
H4668	strongs_he	an opener, i.e. a key
H4669	bdb	opening; utterance
H4669	strongs_he	an aperture, i.e. (figuratively) utterance
H4670	bdb	threshold
H4670	strongs_he	a stretcher, i.e. a sill
H4671	bdb	chaff; chaff
H4671	strongs_he	chaff (as pressed out, i.e. winnowed or (rather) threshed loose)
H4672	bdb	attain to, find; find, find out, come upon, light upon; find; find out; come upon, light upon; be found; cause to find, attain, cause to light upon, come upon, come, cause to encounter, present; cause to find, attain; cause to light upon, come upon, come; cause to encounter; present
H4672	strongs_he	properly, to come forth to, i.e. appear or exist; transitively, to attain, i.e. find or acquire; figuratively, to occur, meet or be present
H4673	bdb	standing-place; station; garrison
H4673	strongs_he	a fixed spot; figuratively, an office, a military post
H4674	bdb	palisade; intrenchment
H4674	strongs_he	a station, i.e. military post
H4675	bdb	guard; watch
H4675	strongs_he	a military guard
H4676	bdb	pillar; maṣṣēbā; stump
H4676	strongs_he	something stationed, i.e. a column or (memorial stone); by analogy, an idol
H4677	bdb	מְצֹבָיָה c. art. 1 Ch 11:47, dub.; the previous n.pr. seems to call for adj.gent., but form not suitable, and poss. deriv. unknown
H4677	strongs_he	Metsobajah, a place in Palestine
H4678	bdb	pillar; maṣṣēbā; stump
H4678	strongs_he	something stationary, i.e. a monumental stone; also the stock of a tree
H4679	bdb	fastness, stronghold, hunting-place; mountain-fastness; stronghold
H4679	strongs_he	a fastness (as a covert of ambush)
H4680	bdb	drain, drain out; drain, drain out; and, shall be drained out, water of abundance is drained, by them
H4680	strongs_he	to suck out; by implication, to drain, to squeeze out
H4681	bdb	מֹצָה n.pr.loc. in Benj., Jos 18:26
H4681	strongs_he	Motsah, a place in Palestine
H4682	bdb	unleavened bread; cake; s
H4682	strongs_he	properly, sweetness; concretely, sweet (i.e. not soured or bittered with yeast); specifically, an unfermented cake or loaf, or (elliptically) the festival of Passover (because no leaven was then used)
H4683	bdb	strife; contention
H4683	strongs_he	a quarrel
H4684	bdb	neighing
H4684	strongs_he	a whinnying (through impatience for battle or lust)
H4685	bdb	siege-works; hunting implement; net; net; fastness; stronghold
H4685	strongs_he	a net (for capturing animals or fishes); a fastness or (beseiging) tower
H4686	bdb	net; prey; fastness; stronghold
H4686	strongs_he	a net, or (abstractly) capture; also a fastness
H4687	bdb	commandment
H4687	strongs_he	a command, whether human or divine (collectively, the Law)
H4688	bdb	depth; deep
H4688	strongs_he	a deep place (of water or mud)
H4689	bdb	straitness; straits; stress
H4689	strongs_he	a narrow place, i.e. (abstractly and figuratively) confinement or disability
H4690	bdb	molten support; pillar
H4690	strongs_he	something narrow, i.e. a column or hilltop
H4691	bdb	מְצוּקָה n.f. id. [r.bh.ae]
H4691	strongs_he	narrowness, i.e. (figuratively) trouble
H4692	bdb	siege-enclosure; siege; entrenchment
H4692	strongs_he	something hemming in, i.e. (objectively) a mound (of besiegers), (abstractly) a siege, (figuratively) distress; or (subjectively) a fastness
H4693	bdb	מָצוֹר n.pr.terr. = מִצְרַיִם; only poet.
H4693	strongs_he	Egypt (as the border of Palestine)
H4694	bdb	siege-works; rampart
H4694	strongs_he	a hemming in, i.e. (objectively) a mound (of siege), or (subjectively) a rampart (of protection), (abstractly) fortification
H4695	bdb	[מַצּוּת] n.f. id. [מַצָּה];—only sf. Is 41:12
H4695	strongs_he	a quarrel
H4696	bdb	brow; forehead
H4696	strongs_he	the forehead (as open and prominent)
H4697	bdb	greave; s
H4697	strongs_he	a shinpiece of armor (as prominent), only plural
H4698	bdb	bell; tinkling
H4698	strongs_he	a tinkler, i.e. a bell
H4699	bdb	the basin; hollow
H4699	strongs_he	shade
H4700	bdb	cymbals
H4700	strongs_he	(only dual) double tinklers, i.e. cymbals
H4701	bdb	turban
H4701	strongs_he	a tiara, i.e. official turban (of a king or high priest)
H4702	bdb	couch; bed
H4702	strongs_he	a couch
H4703	bdb	step
H4703	strongs_he	a step; figuratively, companionship
H4704	bdb	little; insignificant; young
H4704	strongs_he	properly, littleness; concretely, diminutive
H4705	bdb	a small thing
H4705	strongs_he	petty (in size or number); adverbially, a short (time)
H4706	bdb	מִצְעָר n.pr.mont. near Hermon ψ 42:7
H4706	strongs_he	Mitsar, a peak of Lebanon
H4707	bdb	watch-tower; outlook-point
H4707	strongs_he	an observatory, especially for military purposes
H4708	bdb	מִצְפֶּה n.pr.loc. in Shephelah of Judah 1 S 22:3 prob.
H4708	strongs_he	Mitspeh, the name of five places in Palestine
H4709	bdb	outlook-point, -height
H4709	strongs_he	Mitspah, the name of two places in Palestine
H4710	bdb	hidden treasure; treasure; his treasures
H4710	strongs_he	a secret (place or thing, perhaps, treasure)
H4711	bdb	drain out
H4711	strongs_he	to suck
H4712	bdb	straits; distress
H4712	strongs_he	something tight, i.e. (figuratively) trouble
H4713	bdb	Egyptian
H4713	strongs_he	a Mitsrite, or inhabitant of Mitsrajim
H4714	bdb	Egypt, Egyptians; Egypt; Egypt; Egypt, Egyptians; Egypt, Egyptians
H4714	strongs_he	Mitsrajim, i.e. Upper and Lower Egypt
H4715	bdb	crucible; place; instrument of refining
H4715	strongs_he	a crucible
H4716	bdb	decay; rottenness
H4716	strongs_he	properly, a melting, i.e. putridity
H4717	bdb	hammer; drives in
H4717	strongs_he	properly, a perforatrix, i.e. a hammer (as piercing)
H4718	bdb	hammer; drives in; hole; excavation
H4718	strongs_he	properly, a perforator, i.e. a hammer (as piercing); also (intransitively) a perforation, i.e. a quarry
H4719	bdb	מַקֵּדָה n.pr.loc. in Judah, near Beth Horon, and Libnah, where was a cave, captured by Joshua, with a king
H4719	strongs_he	Makkedah, a place in Palestine
H4720	bdb	sacred place; sanctuary
H4720	strongs_he	a consecrated thing or place, especially, a palace, sanctuary (whether of Jehovah or of idols) or asylum
H4721	bdb	assembly; choirs
H4721	strongs_he	an assembly
H4722	bdb	place of assembly
H4722	strongs_he	Makheloth, a place in the Desert
H4723	bdb	hope; collection; collected mass; Ḳuë
H4723	strongs_he	something waited for, i.e. confidence (objective or subjective); also a collection, i.e. (of water) a pond, or (of men and horses) a caravan or drove
H4724	bdb	reservoir
H4724	strongs_he	a collection, i.e. (of water) a reservoir
H4725	bdb	standing-place, place; standing-place, station, post, office; standing-place; station; post, office; place, place of human abode; place; place of human abode; place of human abode; place; place, locality, spot; space, room, space, distance; space, room; space, distance; region, quarter, direction
H4725	strongs_he	properly, a standing, i.e. a spot; but used widely of a locality (general or specific); also (figuratively) of a condition (of body or mind)
H4726	bdb	spring, fountain, well; spring; source; flow
H4726	strongs_he	properly, something dug, i.e. a (general) source (of water, even when naturally flowing; also of tears, blood (by euphemism, of the female pudenda); figuratively, of happiness, wisdom, progeny)
H4727	bdb	a taking; receiving
H4727	strongs_he	reception
H4728	bdb	ware; received
H4728	strongs_he	something received, i.e. merchandise (purchased)
H4729	bdb	place of sacrificial smoke
H4729	strongs_he	something to fume (incense) on i.e. a hearth place
H4730	bdb	censer
H4730	strongs_he	something to fume (incense) in, i.e. a coal-pan
H4731	bdb	rod, staff; rod, stick; staff; wand
H4731	strongs_he	a shoot, i.e. stick (with leaves on, or for walking, striking, guiding, divining)
H4732	bdb	מִקְלוֹת n.pr.m. a Benjamite an officer of David
H4732	strongs_he	Mikloth, a place in the Desert
H4733	bdb	refuge; asylum
H4733	strongs_he	an asylum (as a receptacle)
H4734	bdb	carving
H4734	strongs_he	a sculpture (probably in bas-relief)
H4735	bdb	cattle
H4735	strongs_he	something bought, i.e. property, but only live stock; abstractly, acquisition
H4736	bdb	purchase; purchase; purchase-price; possession
H4736	strongs_he	properly, a buying, i.e. acquisition; concretely, a piece of property (land or living); also the sum paid
H4737	bdb	possession of
H4737	strongs_he	Miknejah, an Israelite
H4738	bdb	divination
H4738	strongs_he	an augury
H4739	bdb	מָקַץ n.pr.loc. in Israel, site unknown, 1 K 4:9
H4739	strongs_he	Makats, a place in Palestine
H4740	bdb	place of corner-structure; corner-buttress; cutting off
H4740	strongs_he	an angle or recess
H4741	bdb	scraping tool
H4741	strongs_he	a scraper, i.e. a carving chisel
H4742	bdb	place of corner-structure; corner-buttress; cutting off
H4742	strongs_he	an angle
H4743	bdb	decay, rot, fester, pine away; fester, rot, rot away, moulder away, pining away; fester; rot, rot away; moulder away; pining away; a causing his flesh to rot
H4743	strongs_he	to melt; figuratively, to flow, dwindle, vanish
H4744	bdb	convocation; convoking; reading
H4744	strongs_he	something called out, i.e. a public meeting (the act, the persons, or the place); also a rehearsal
H4745	bdb	accident, chance, fortune; accident, chance; fortune, fate
H4745	strongs_he	something met with, i.e. an accident or fortune
H4746	bdb	beam-work
H4746	strongs_he	properly, something meeting, i.e. a frame (of timbers)
H4747	bdb	coolness
H4747	strongs_he	a cooling off
H4748	bdb	turner's work
H4748	strongs_he	something turned (rounded), i.e. a curl (of tresses)
H4749	bdb	hammered work; turner’s work
H4749	strongs_he	rounded work, i.e. moulded by hammering (repoussé)
H4750	bdb	place; field; of cucumbers
H4750	strongs_he	literally a cucumbered field, i.e. a cucumber patch
H4751	bdb	bitter; bitterness
H4751	strongs_he	bitter (literally or figuratively); also (as noun) bitterness, or (adverbially) bitterly
H4752	bdb	drop
H4752	strongs_he	a drop
H4753	bdb	myrrh; bitter
H4753	strongs_he	myrrh (as distilling in drops, and also as bitter)
H4754	bdb	beat; flap
H4754	strongs_he	to rebel; hence (through the idea of maltreating) to whip, i.e. lash (self with wings, as the ostrich in running)
H4755	bdb	bitter; bitterness
H4755	strongs_he	Mara, a symbolic name of Naomi
H4756	bdb	lord
H4756	strongs_he	a master
H4757	bdb	Marduk has given a son
H4757	strongs_he	Merodak-Baladan, a Babylonian king
H4758	bdb	sight, appearance, vision; sight, phenomenon, spectacle, appearance, appearance, sight, vision; sight, phenomenon, spectacle; appearance; appearance, sight, vision; what is seen; vision; sight, vision
H4758	strongs_he	a view (the act of seeing); also an appearance (the thing seen), whether (real) a shape (especially if handsome, comeliness; often plural the looks), or (mental) a vision
H4759	bdb	mirror; vision
H4759	strongs_he	a vision; also (causatively) a mirror
H4760	bdb	crop; alimentary canal
H4760	strongs_he	something conspicuous, i.e. the craw of a bird (from its prominence)
H4761	bdb	place at the head; head-place
H4761	strongs_he	properly, headship, i.e. (plural for collective) dominion
H4762	bdb	מָרֵשָׁה and מָרֵאשָׁה n.pr.loc. (etym. dub.) in (the Shephelah of) Judah
H4762	strongs_he	Mareshah, the name of two Israelites and of a place in Palestine
H4763	bdb	place at the head; head-place
H4763	strongs_he	properly, a headpiece, i.e. (plural for adverbial) at (or as) the head-rest (or pillow)
H4764	bdb	מֵרָב n.pr.f. elder daughter of Saul, promised to David, but given to Adriel
H4764	strongs_he	Merab, a daughter of Saul
H4765	bdb	spread; coverlet
H4765	strongs_he	a coverlet
H4766	bdb	abundance; increase
H4766	strongs_he	properly, increasing; as noun, greatness, or (adverbially) greatly
H4767	bdb	much
H4767	strongs_he	abundance, i.e. a great quantity
H4768	bdb	increase; great number; greatness
H4768	strongs_he	a multitude; also offspring; specifically interest (on capital)
H4769	bdb	מַרְבֵּץ n.[m.] id. [t.an.ab]
H4769	strongs_he	a reclining place, i.e. fold (for flocks)
H4770	bdb	stall; tying-place
H4770	strongs_he	a stall (for cattle)
H4771	bdb	rest
H4771	strongs_he	a resting place
H4772	bdb	place of the feet; feet
H4772	strongs_he	(plural for collective) a footpiece, i.e. (adverbially) at the foot, or (direct.) the foot itself
H4773	bdb	sling; hurling; stone-heap
H4773	strongs_he	a stone-heap
H4774	bdb	rest; repose
H4774	strongs_he	rest
H4775	bdb	rebel
H4775	strongs_he	to rebel
H4776	bdb	rebellion
H4776	strongs_he	rebellion
H4777	bdb	rebellion; revolt
H4777	strongs_he	rebellion
H4778	bdb	מֶ֫רֶד n.pr.m. name in Judah
H4778	strongs_he	Mered, an Israelite
H4779	bdb	rebellious
H4779	strongs_he	rebellious
H4780	bdb	rebellion; rebelliousness
H4780	strongs_he	rebelliousness
H4781	bdb	מְרֹדָךְ n.pr.div. chief god of Babylon in Nebuchadrezzar’s time (As. Mar(u)duk(u));—Je 50:2
H4781	strongs_he	Merodak, a Babylonian idol
H4782	bdb	Mordecai
H4782	strongs_he	Mordecai, an Israelite
H4783	bdb	persecution
H4783	strongs_he	persecuted
H4784	bdb	be contentious, refractory, rebellious; be disobedient, rebellious; shew disobedience, rebelliousness
H4784	strongs_he	to be (causatively, make) bitter (or unpleasant); (figuratively) to rebel (or resist; causatively, to provoke)
H4785	bdb	מָרָה n.pr.f. of bitter spring in Sinaitic penins.
H4785	strongs_he	Marah, a place in the Desert
H4786	bdb	bitterness of spirit
H4786	strongs_he	bitterness, i.e. (figuratively) trouble
H4787	bdb	bitterness
H4787	strongs_he	trouble
H4788	bdb	restlessness; straying
H4788	strongs_he	an outcast; (abstractly) destitution
H4789	bdb	Meroz
H4789	strongs_he	Meroz, a place in Palestine
H4790	bdb	rub; a rubbing away of the testicle; be roomy; enlarged; enlargement
H4790	strongs_he	bruised, i.e. emasculated
H4791	bdb	height; height, elevation, elevated place; height; proudly
H4791	strongs_he	altitude, i.e. concretely (an elevated place), abstractly (elevation, figuratively (elation), or adverbially (aloft)
H4792	bdb	waters of Merom
H4792	strongs_he	Merom, a lake in Palestine
H4793	bdb	running; race
H4793	strongs_he	a run (the trial of speed)
H4794	bdb	running; course
H4794	strongs_he	a race (the act), whether the manner or the progress
H4795	bdb	a scraping; rubbing
H4795	strongs_he	properly, rubbed; but used abstractly, a rubbing (with perfumery)
H4796	bdb	מָרוֹת n.pr.loc. in (Shephelah of) Judah Mi 1:12
H4796	strongs_he	Maroth, a place in Palestine
H4797	bdb	cry; mourning cry; cry of revelry
H4797	strongs_he	a cry, i.e. (of job), a revel
H4798	bdb	cry; mourning cry; cry of revelry
H4798	strongs_he	a cry, i.e. (of grief) a lamentation
H4799	bdb	rub
H4799	strongs_he	properly, to soften by rubbing or pressure; hence (medicinally) to apply as an emollient
H4800	bdb	broad; roomy; place
H4800	strongs_he	enlargement, either literally (an open space, usually in a good sense), or figuratively (liberty)
H4801	bdb	distant place; distance
H4801	strongs_he	remoteness, i.e. (concretely) a distant place; often (adverbially) from afar
H4802	bdb	stew-pan; sauce-pan
H4802	strongs_he	a stewpan
H4803	bdb	make smooth, bare, bald, scour, polish; make bare, scour, polish; make bare; scour, polish; his head is made bald; scoured, polished
H4803	strongs_he	to polish; by implication, to make bald (the head), to gall (the shoulder); also, to sharpen
H4804	bdb	pluck
H4804	strongs_he	to pull off
H4805	bdb	rebellion
H4805	strongs_he	bitterness, i.e. (figuratively) rebellion; concretely, bitter, or rebellious
H4806	bdb	fatling; fatlings
H4806	strongs_he	stall-fed; often (as noun) a beeve
H4807	bdb	Baal is, advocate
H4807	strongs_he	quarreller of Baal, Merib-Baal, an epithet of Gideon
H4808	bdb	strife; contention
H4808	strongs_he	quarrel
H4809	bdb	place of strife
H4809	strongs_he	Meribah, the name of two places in the Desert
H4810	bdb	Baal is, advocate
H4810	strongs_he	Meri-Baal, an epithet of Gideon
H4811	bdb	מְרָיָה n.pr.m. a priest in days of h.p. Joiakim Ne 12:12
H4811	strongs_he	Merajah, an Israelite
H4812	bdb	מְרָיוֹת n.pr.m. descendant of Aaron grandfather of Ahitub and great-grandfather of Zadok as son of Ahitub and father of Zadok name of a priestly house
H4812	strongs_he	Merajoth, the name of two Israelites
H4813	bdb	מִרְיָם n.pr.f. et m. f. sister of Moses Aaron m. (prob.) a Judahite
H4813	strongs_he	Mirjam, the name of two Israelitesses
H4814	bdb	bitterness
H4814	strongs_he	bitterness, i.e. (figuratively) grief
H4815	bdb	bitter
H4815	strongs_he	bitter, i.e. poisonous
H4816	bdb	מֹ֫רֶךְ n.[m.] weakness;—Lv 26:36
H4816	strongs_he	softness, i.e. (figuratively) fear
H4817	bdb	chariot; riding seat; riding-place
H4817	strongs_he	a chariot; also a seat (in a vehicle)
H4818	bdb	chariot
H4818	strongs_he	a chariot
H4819	bdb	place of trade; market-place
H4819	strongs_he	a mart
H4820	bdb	deceit; treachery
H4820	strongs_he	fraud
H4821	bdb	מִרְמָה n.pr.m. a Benjamite 1 Ch 8:10
H4821	strongs_he	Mirmah, an Israelite
H4822	bdb	מְרֵמוֹת n.pr.m. priest, time of Zerub. priest, time of Ezra and Neh. one of those who had taken strange wives
H4822	strongs_he	Meremoth, the name of two Israelites
H4823	bdb	trampling-place; trampling
H4823	strongs_he	abasement (the act or the thing)
H4824	bdb	the Merothonite
H4824	strongs_he	a Meronothite, or inhabitant of some (otherwise unknown) Meronoth.
H4825	bdb	מֶ֫רֶס n.pr.m. a Persian noble Est 1:14.
H4825	strongs_he	Meres, a Persian
H4826	bdb	מַרְסְנָא n.pr.m. a Persian noble Est 1:14.
H4826	strongs_he	Marsena, a Persian
H4827	bdb	be evil, bad; be displeasing, be sad, be injurious, evil, be evil, wicked; be displeasing; be sad; be injurious, evil; be evil, wicked; suffer hurt; do an injury, hurt, do evil, wickedly; do an injury, hurt; do evil, wickedly
H4827	strongs_he	used as (abstract) noun, wickedness
H4828	bdb	friend; companion
H4828	strongs_he	a friend
H4829	bdb	pasturage; pasture
H4829	strongs_he	pasture (the place or the act); also the haunt of wild animals
H4830	bdb	pasturing; shepherding; pasturage
H4830	strongs_he	pasturage; concretely, a flock
H4831	bdb	מַרְעֲלָה n.pr.loc. on border of Zebulun Jos 19:11.
H4831	strongs_he	Maralah, a place in Palestine
H4832	bdb	healing; cure; health
H4832	strongs_he	properly, curative, i.e. literally (concretely) a medicine, or (abstractly) a cure; figuratively (concretely) deliverance, or (abstractly) placidity
H4833	bdb	befouled
H4833	strongs_he	muddled water
H4834	bdb	be sick; a sore, grievous; what sickens thee
H4834	strongs_he	properly, to press, i.e. (figuratively) to be pungent or vehement; to irritate
H4835	bdb	crushing; oppression
H4835	strongs_he	oppression
H4836	bdb	boring-instrument; awl
H4836	strongs_he	an awl
H4837	bdb	מַרְצֶ֫פֶת n.f. id. [t.eh.ab];—cstr. 2 K 16:17.
H4837	strongs_he	a pavement
H4838	bdb	scour, polish; polish the lances!, polished; blows that cut in, cleanse away evil; be well scoured
H4838	strongs_he	to polish; by implication, to sharpen; also to rinse
H4839	bdb	juice; broth
H4839	strongs_he	soup (as if a rinsing)
H4840	bdb	spice; perfume
H4840	strongs_he	a spicy herb
H4841	bdb	ointment-pot; spice-seasoning
H4841	strongs_he	abstractly, a seasoning (with spicery); concretely, an unguentkettle (for preparing spiced oil)
H4842	bdb	ointment-mixture; ointment-pot
H4842	strongs_he	an aromatic unguent; also an unguent-pot
H4843	bdb	be bitter; be bitter; make bitter, shew bitterness; make bitter, shew bitterness; and, shall embitter himself
H4843	strongs_he	to be (causatively, make) bitter (literally or figuratively)
H4844	bdb	bitter thing; bitter herb
H4844	strongs_he	a bitter herb
H4845	bdb	gall
H4845	strongs_he	bile (from its bitterness)
H4846	bdb	bitter thing; gall; poison
H4846	strongs_he	properly, bitterness; concretely, a bitter thing; specifically bile; also venom (of a serpent)
H4847	bdb	מְרָרִי n.pr.m. a son of Levi, and head of a chief Levit. family
H4847	strongs_he	Merari, an Israelite
H4848	bdb	מְרָרִי adj.gent. of above [m.dq.ap], only c. art. as subst. coll. הַמּ׳ Nu 26:57.
H4848	strongs_he	a Merarite (collectively), or descendants of Merari
H4849	bdb	wickedness
H4849	strongs_he	a female wicked doer
H4850	bdb	Double rebellion
H4850	strongs_he	Merathajim, an epithet of Babylon
H4851	bdb	מַשׁ n.pr.loc. vel gent. as son of Aram
H4851	strongs_he	Mash, a son of Aram, and the people descended from him
H4852	bdb	מֵשָׁא n.pr.loc. limiting territory of Jokṭanites, Gn 10:30
H4852	strongs_he	Mesha, a place in Arabia
H4853	bdb	load; burden; lifting; bearing; tribute; utterance; oracle
H4853	strongs_he	a burden; specifically, tribute, or (abstractly) porterage; figuratively, an utterance, chiefly a doom, especially singing; mental, desire
H4854	bdb	מַשָּׂא n.pr.gent. et terr. ‘son’ of Ishmael realm of king Lemuel
H4854	strongs_he	Massa, a son of Ishmael
H4855	bdb	lending on interest; usury
H4855	strongs_he	a loan; by implication, interest on a debt
H4856	bdb	lifting up
H4856	strongs_he	partiality (as a lifting up)
H4857	bdb	drawing-place
H4857	strongs_he	a trough for cattle to drink from
H4858	bdb	the uplifted
H4858	strongs_he	a conflagration (from the rising of smoke)
H4859	bdb	loan
H4859	strongs_he	a loan
H4860	bdb	guile; dissimulation
H4860	strongs_he	dissimulation
H4861	bdb	מִשְׁאָל n.pr.loc. in Asher
H4861	strongs_he	Mishal, a place in Palestine
H4862	bdb	request; petition
H4862	strongs_he	a request
H4863	bdb	kneading-trough
H4863	strongs_he	a kneading-trough (in which the dough rises)
H4864	bdb	uprising; utterance; burden; portion
H4864	strongs_he	properly, (abstractly) a raising (as of the hands in prayer), or rising (of flame); figuratively, an utterance; concretely, a beacon (as raised); a present (as taken), mess, or tribute; figuratively, a reproach (as a burden)
H4865	bdb	chequered; plaited; work; settings
H4865	strongs_he	a brocade; by analogy, a (reticulated) setting of a gem
H4866	bdb	place of breach
H4866	strongs_he	the orifice of the womb (from which the fœtus breaks forth)
H4867	bdb	breaker
H4867	strongs_he	a breaker (of the sea)
H4868	bdb	cessation; annihilation
H4868	strongs_he	cessation, i.e. destruction
H4869	bdb	secure height; retreat; מִשְׂגָּב perh. n.pr.loc. in Moab;—Je 48:1
H4869	strongs_he	properly, a cliff (or other lofty or inaccessible place); abstractly, altitude; figuratively, a refuge; Misgab, a place in Moab
H4870	bdb	mistake
H4870	strongs_he	an error
H4871	bdb	draw; out of the water I drew him
H4871	strongs_he	to pull out (literally or figuratively)
H4872	bdb	Moses
H4872	strongs_he	Mosheh, the Israelite lawgiver
H4873	bdb	Moses
H4873	strongs_he	Moses.
H4874	bdb	loan
H4874	strongs_he	a debt
H4875	bdb	desolation
H4875	strongs_he	(a) ruin, abstractly (the act) or concretely (the wreck)
H4876	bdb	deceptions
H4876	strongs_he	ruin
H4877	bdb	מְשׁוֹבָב n.pr.m. in Simeon 1 Ch 4:34
H4877	strongs_he	Meshobab, an Israelite
H4878	bdb	turning back; apostasy
H4878	strongs_he	apostasy
H4879	bdb	error
H4879	strongs_he	mistake
H4880	bdb	[מִשּׁוֹט] n.[m.] id. [v.bs.af]; pl. sf. Ez 27:6; oar
H4880	strongs_he	an oar
H4881	bdb	hedge; hedge
H4881	strongs_he	a hedge
H4882	bdb	booty; plunder
H4882	strongs_he	spoilation
H4883	bdb	saw
H4883	strongs_he	a saw
H4884	bdb	measure
H4884	strongs_he	a measure (for liquids)
H4885	bdb	exultation
H4885	strongs_he	delight, concretely (the cause or object) or abstractly (the feeling)
H4886	bdb	smear, anoint; smear, anoint, anoint, consecrate; smear; anoint; anoint, consecrate; be anointed
H4886	strongs_he	to rub with oil, i.e. to anoint; by implication, to consecrate; also to paint
H4887	bdb	oil
H4887	strongs_he	oil
H4888	bdb	ointment; consecrated portion; consecrated portion
H4888	strongs_he	unction (the act); by implication, a consecratory gift
H4889	bdb	ruin; destruction
H4889	strongs_he	destructive, i.e. (as noun) destruction, literally (specifically a snare) or figuratively (corruption)
H4890	bdb	object of derision
H4890	strongs_he	a laughing-stock
H4891	bdb	dawn
H4891	strongs_he	dawn
H4892	bdb	מַשְׁחֵת n.[m.] id. [v.cq.ab];—Ez 9:1.
H4892	strongs_he	destruction
H4893	bdb	disfigurement; corruption
H4893	strongs_he	disfigurement
H4894	bdb	מִשְׁטוֹחַ n.[m.] id. [v.cr.ab];—Ez 47:10.; spreading-place
H4894	strongs_he	a spreading-place
H4895	bdb	animosity
H4895	strongs_he	enmity
H4896	bdb	rule; authority
H4896	strongs_he	jurisdiction
H4897	bdb	silk
H4897	strongs_he	silk (as drawn from the cocoon)
H4898	bdb	מְשֵׁיזַבְאֵל n.pr.m. Jewish name in Persian period
H4898	strongs_he	Meshezabel, an Israelite
H4899	bdb	anointed; anointed; Messianic prince
H4899	strongs_he	anointed; usually a consecrated person (as a king, priest, or saint); specifically, the Messiah
H4900	bdb	draw, drag; draw, draw, proceed, march, draw out, give a sound, draw out, prolong, continue, trail, cheer; draw; draw; proceed, march; draw out, give a sound; draw out, prolong, continue; trail; cheer; they shall not be prolonged, it shall not be postponed; long drawn out, tall, hope postponed, deferred
H4900	strongs_he	to draw, used in a great variety of applications (including to sow, to sound, to prolong, to develop, to march, to remove, to delay, to be tall, etc.)
H4901	bdb	a drawing; drawing up; a trail
H4901	strongs_he	a sowing; also a possession
H4902	bdb	the Moschi
H4902	strongs_he	Meshek, a son of Japheth, and the people descended from him
H4903	bdb	couch; bed
H4903	strongs_he	a bed
H4904	bdb	place of lying; couch; act of lying
H4904	strongs_he	a bed (figuratively, a bier); abstractly, sleep; by euphemism, carnal intercourse
H4905	bdb	contemplative poem
H4905	strongs_he	instructive, i.e. a didactic poem
H4906	bdb	show-piece; figure; imagination
H4906	strongs_he	a figure (carved on stone, the wall, or any object); figuratively, imagination
H4907	bdb	abode
H4907	strongs_he	residence
H4908	bdb	dwelling-place; tabernacle
H4908	strongs_he	a residence (including a shepherd's hut, the lair of animals, figuratively, the grave; also the Temple); specifically, the Tabernacle (properly, its wooden walls)
H4909	bdb	wages
H4909	strongs_he	wages or a reward
H4910	bdb	rule, have dominion, reign; rule, have dominion; rule, have dominion; cause to rule, exercise dominion
H4910	strongs_he	to rule
H4911	bdb	represent, be like; be like, similar; compare; and I have become like dust; use a proverb, speak in parables, sentences of poetry; use a proverb; is he not a maker of parables?
H4911	strongs_he	to liken, i.e. (transitively) to use figurative language (an allegory, adage, song or the like); intransitively, to resemble
H4912	bdb	proverb; parable; parallelism
H4912	strongs_he	properly, a pithy maxim, usually of metaphorical nature; hence, a simile (as an adage, poem, discourse)
H4913	bdb	מִשְׁאָל n.pr.loc. in Asher
H4913	strongs_he	Mashal, a place in Palestine
H4914	bdb	by-word
H4914	strongs_he	a satire
H4915	bdb	dominion; likeness; one like
H4915	strongs_he	empire; a parallel
H4916	bdb	outstretching; sending; outstretching; place of letting loose
H4916	strongs_he	a sending out, i.e. (abstractly) presentation (favorable), or seizure (unfavorable); also (concretely) a place of dismissal, or a business to be discharged
H4917	bdb	discharge; deputation; sending
H4917	strongs_he	a mission, i.e. (abstractly and favorable) release, or (concretely and unfavorable) an army
H4918	bdb	מְשֻׁלָּם n.pr.m. grandfather of Shaphan son of Zerub. in Benj. in Gad wall-builders a chief priests Levites Ezr 10:29.
H4918	strongs_he	Meshullam, the name of seventeen Israelites
H4919	bdb	מְשִׁלֵּמוֹת n.pr.m. in Ephr. priest = מְשִׁלֵּמִית
H4919	strongs_he	Meshillemoth, an Israelite
H4920	bdb	מְשֶׁלֶמְיָה(וּ) n.pr.m. Levite
H4920	strongs_he	Meshelemjah, an Israelite
H4921	bdb	מְשִׁלֵּמוֹת n.pr.m. in Ephr. priest = מְשִׁלֵּמִית
H4921	strongs_he	Meshillemith, an Israelite
H4922	bdb	מְשֻׁלֶּ֫מֶת n.pr.f. mother of king Amon 2 K 21:19
H4922	strongs_he	Meshullemeth, an Israelitess
H4923	bdb	devastation, waste; horror
H4923	strongs_he	a waste or amazement
H4924	bdb	fatness; fat piece; tid bit; fat; fertile; place
H4924	strongs_he	fat, i.e. (literally and abstractly) fatness; but usually (figuratively and concretely) a rich dish, a fertile field, a robust man
H4925	bdb	מַשְׁמַנָּה n.pr.m. a hero of David, 1 Ch 12:11
H4925	strongs_he	Mashmannah, an Israelite
H4926	bdb	thing heard
H4926	strongs_he	a report
H4927	bdb	מִשְׁמָע n.pr.m. in Ishmael in Simeon
H4927	strongs_he	Mishma, the name of a son of Ishmael, and of an Israelite
H4928	bdb	obedient band, body of subjects; body-guard; their subjects
H4928	strongs_he	audience, i.e. the royal court; also obedience, i.e. (concretely) a subject
H4929	bdb	place of confinement; gaol; prison; guard; watch; observance
H4929	strongs_he	a guard (the man, the post or the prison); a deposit (figuratively); also (as observed) a usage (abstractly), or an example (concretely)
H4930	bdb	nail
H4930	strongs_he	a peg
H4931	bdb	guard; watch; charge; function
H4931	strongs_he	watch, i.e. the act (custody), or (concretely) the sentry, the post; objectively preservation, or (concretely) safe; figuratively observance, i.e. (abstractly) duty or (objectively) a usage or party
H4932	bdb	double; copy; second
H4932	strongs_he	properly, a repetition, i.e. a duplicate (copy of a document), or a double (in amount); by implication, a second (in order, rank, age, quality or location)
H4933	bdb	booty; plunder
H4933	strongs_he	plunder
H4934	bdb	hollow way
H4934	strongs_he	a hollow, i.e. a narrow passage
H4935	bdb	cleansing
H4935	strongs_he	inspection
H4936	bdb	מִשְׁעָם n.pr.m. name in Benjamin 1 Ch 8:12.
H4936	strongs_he	Misham, an Israelite
H4937	bdb	מִשְׁעֵן n.m. id. [v.ex.ac];—abs. Is 3:1; support; staff
H4937	strongs_he	a support (concretely), i.e. (figuratively) a protector or sustenance
H4938	bdb	מַשְׁעֵנָה n.f. id. [v.ex.ad], v. foregoing (m. et f. to exhause the category = support of every kind).; staff
H4938	strongs_he	support (abstractly), i.e. (figuratively) sustenance or (concretely) a walking-stick
H4939	bdb	outpouring; bloodshed
H4939	strongs_he	slaughter
H4940	bdb	clan; clan; guild; species, kind; aristocrats
H4940	strongs_he	a family, i.e. circle of relatives; figuratively, a class (of persons), a species (of animals) or sort (of things); by extension a tribe or people
H4941	bdb	judgment; judgment; justice, right, rectitude; ordinance; decision; right, privilege, due; proper, fitting, measure, custom, manner, what manner of, plan; proper, fitting, measure; custom, manner; what manner of; plan
H4941	strongs_he	properly, a verdict (favorable or unfavorable) pronounced judicially, especially a sentence or formal decree (human or (participant's) divine law, individual or collective), including the act, the place, the suit, the crime, and the penalty; abstractly, justice, including a participant's right or privilege (statutory or customary), or even a style
H4942	bdb	fire-places; ash-heaps
H4942	strongs_he	a stall for cattle (only dual)
H4943	bdb	acquisition; possession
H4943	strongs_he	possession
H4944	bdb	running; rushing
H4944	strongs_he	a traversing, i.e. rapid motion
H4945	bdb	irrigation, drink; irrigation; drink, drinking-vessels; butlership; butler; cup-bearer
H4945	strongs_he	properly, causing to drink, i.e. a butler; by implication (intransitively), drink (itself); figuratively, a well-watered region
H4946	bdb	heaviness; weight
H4946	strongs_he	weight
H4947	bdb	lintel
H4947	strongs_he	a lintel
H4948	bdb	weight
H4948	strongs_he	weight (numerically estimated); hence, weighing (the act)
H4949	bdb	levelling instrument; level
H4949	strongs_he	a weight, i.e. a plummet (with line attached)
H4950	bdb	what is settled; clarified
H4950	strongs_he	a settling place (of water), i.e. a pond
H4951	bdb	rule; dominion
H4951	strongs_he	empire
H4952	bdb	juice; the juice of grapes
H4952	strongs_he	maceration, i.e. steeped juice
H4953	bdb	pipe
H4953	strongs_he	a (musical) pipe (from its whistling sound)
H4954	bdb	the Mishra‛ites
H4954	strongs_he	a Mishraite, or inhabitant (collectively) of Mishra
H4955	bdb	a burning
H4955	strongs_he	combustion, i.e. cremation (of a corpse), or calcination (of lime)
H4956	bdb	מִשְׂרְפוֹת מַיִם n.pr.loc. named with Ṣidon
H4956	strongs_he	Misrephoth-Majim, a place in Palestine
H4957	bdb	מַשְׂרֵקָה n.pr.loc. in Edom
H4957	strongs_he	Masrekah, a place in Idumaea
H4958	bdb	pan; dish
H4958	strongs_he	a pan
H4959	bdb	feel, grope; will feel me, and he felt of him; feel over, through, grope; that one may feel, darkness
H4959	strongs_he	to feel of; by implication, to grope
H4960	bdb	feast; drink
H4960	strongs_he	drink, by implication, drinking (the act); also (by implication) a banquet or (generally) feast
H4961	bdb	feast
H4961	strongs_he	a banquet
H4962	bdb	male, man; males, men
H4962	strongs_he	properly, an adult (as of full length); by implication, a man (only in the plural)
H4963	bdb	straw-heap
H4963	strongs_he	straw in the heap
H4964	bdb	bridle; bridle; control, authority
H4964	strongs_he	a bit
H4965	bdb	bridle; bridle; control, authority
H4965	strongs_he	Metheg-ha-Ammah, an epithet of Gath
H4966	bdb	sweet; sweetness
H4966	strongs_he	sweet
H4967	bdb	מְתוּשָׁאֵל n.pr.m. descendant of Cain
H4967	strongs_he	Methusael, an antediluvian patriarch
H4968	bdb	man of the dart
H4968	strongs_he	Methushelach, an antediluvian patriarch
H4969	bdb	spread out
H4969	strongs_he	to stretch out
H4970	bdb	when
H4970	strongs_he	properly, extent (of time); but used only adverbially (especially with other particle prefixes), when (either relative or interrogative)
H4971	bdb	measurement; tale; proportion
H4971	strongs_he	proportion (in size, number or ingredients)
H4972	bdb	weariness; hardship
H4972	strongs_he	what a trouble!
H4973	bdb	teeth
H4973	strongs_he	properly, a biter, i.e. a tooth
H4974	bdb	soundness
H4974	strongs_he	wholesomeness; also (adverb) completely
H4975	bdb	loins
H4975	strongs_he	properly, the waist or small of the back; only in plural the loins
H4976	bdb	gift; s
H4976	strongs_he	a present
H4977	bdb	מַתָּן n.pr.m. priest of Baal at Jerusalem father of Shephatiah, in Judah
H4977	strongs_he	Mattan, the name of a priest of Baal, and of an Israelite
H4978	bdb	gift
H4978	strongs_he	gift.
H4979	bdb	gift
H4979	strongs_he	a present; specifically (in a good sense), a sacrificial offering, (in a bad sense) a bribe
H4980	bdb	מַתָּנָה n.pr.loc. a station of Isr. E. of Jordan
H4980	strongs_he	Mattanah, a place in the Desert
H4981	bdb	מִתְנִי adj.gent. (deriv. unknown);—only 1 Ch 11:43.
H4981	strongs_he	a Mithnite, or inhabitant of Methen
H4982	bdb	מַתְּנַי n.pr.m. (abbrev. fr. foregoing [n.gg.am] a priest name of two who took strange wives
H4982	strongs_he	Mattenai, the name of three Israelites
H4983	bdb	מַתַּנְיָ֫הוּ, מַתַּנְיָה n.pr.m. last king of Judah, name changed to Zedekiah Levite name Levite name name of several who took strange wives
H4983	strongs_he	Mattanjah, the name of ten Israelites
H4984	bdb	lift, carry, take; lift, lift up, Bear, carry, Take, take away; lift, lift up; Bear, carry; Take, take away; be lifted up, lift oneself up, rise up, be borne, carried, be taken away, carried off; be lifted up; lift oneself up, rise up; be borne, carried; be taken away, carried off; lift up, carry, bear continuously, take, take away; lift up; carry, bear continuously; take, take away; lift oneself up; cause one to bear, cause to bring, have brought; cause one to bear; cause to bring, have brought
H4984	strongs_he	(used as abstractly) supreme exaltation
H4985	bdb	become, be sweet, pleasant; become sweet, be pleasant, suck; become sweet; be pleasant; suck; if evil gives a sweet taste in his mouth, we who used to make sweet, intimacy
H4985	strongs_he	to suck, by implication, to relish, or (intransitively) be sweet
H4986	bdb	sweetness
H4986	strongs_he	figuratively, pleasantness (of discourse)
H4987	bdb	sweetness
H4987	strongs_he	sweetness
H4988	bdb	become, be sweet, pleasant; become sweet, be pleasant, suck; become sweet; be pleasant; suck; if evil gives a sweet taste in his mouth, we who used to make sweet, intimacy
H4988	strongs_he	a dainty, i.e. (generally) food
H4989	bdb	מִתְקָה n.pr.loc. a station of Isr. in desert
H4989	strongs_he	Mithkah, a place in the Desert
H4990	bdb	מִתְרְדָת n.pr.m. name of two Persians; Cyrus’ time Artaxerxes’ time
H4990	strongs_he	Mithredath, the name of two Persians
H4991	bdb	gift
H4991	strongs_he	a present
H4992	bdb	מַתַּתָּה n.pr.m. one of those who took foreign wives Ez 10:33
H4992	strongs_he	Mattattah, an Israelite
H4993	bdb	מַתִּתְיָ֫הוּ, מַתִּתְיָה n.pr.m. a Levitical musician Levitical name attendant of Ezra one of those who took strange wives
H4993	strongs_he	Mattithjah, the name of four Israelites
H4994	bdb	I; we; pray; now
H4994	strongs_he	'I pray', 'now', or 'then'; added mostly to verbs (in the Imperative or Future), or to interjections, occasionally to an adverb or conjunction
H4995	bdb	raw
H4995	strongs_he	properly, tough, i.e. uncooked (flesh)
H4996	bdb	No; Thebes
H4996	strongs_he	No (i.e. Thebes), the capital of Upper Egypt
H4997	bdb	skin-bottle; skin
H4997	strongs_he	a (skin or leather) bag (for fluids)
H4998	bdb	be comely; befitting
H4998	strongs_he	properly, to be at home, i.e. (by implication) to be pleasant (or suitable), i.e. beautiful
H4999	bdb	pasture; meadow
H4999	strongs_he	a home; figuratively, a pasture
H5000	bdb	comely; seemly
H5000	strongs_he	suitable, or beautiful
H5001	bdb	utter a prophecy; speak as prophet
H5001	strongs_he	properly, to whisper, i.e. (by implication) to utter as an oracle
H5002	bdb	utterance
H5002	strongs_he	an oracle
H5003	bdb	commit adultery
H5003	strongs_he	to commit adultery; figuratively, to apostatize
H5004	bdb	adultery
H5004	strongs_he	adultery
H5005	bdb	adultery
H5005	strongs_he	adultery
H5006	bdb	contemn, spurn; contemn; contemn, spurn; every day is my name contemned
H5006	strongs_he	to scorn; or (in Ecclesiastes 12:5), by interchange for 5132, to bloom
H5007	bdb	contempt; contumely; contempt; blasphemy
H5007	strongs_he	scorn
H5008	bdb	groan
H5008	strongs_he	to groan
H5009	bdb	groan; groaning
H5009	strongs_he	a groan
H5010	bdb	abhor; spurn
H5010	strongs_he	to reject
H5011	bdb	נֹב n.pr.loc. ancient priestly city just N. of Jerus., station in (ideal) Assyr. march
H5011	strongs_he	Nob, a place in Palestine
H5012	bdb	prophesy; prophesy, heathen prophets; prophesy; heathen prophets; prophesy; prophesy
H5012	strongs_he	to prophesy, i.e. speak (or sing) by inspiration (in prediction or simple discourse)
H5013	bdb	נבא see xn.aa.ab
H5013	strongs_he	prophesy.
H5014	bdb	hollow out
H5014	strongs_he	to pierce; to be hollow, or (figuratively) foolish
H5015	bdb	נְבוֹ n.pr.loc. city in Moab city in Judah mt. in Moab, where Moses died; Nebo
H5015	strongs_he	Nebo, the name of a Babylonian deity, also of a mountain in Moab, and of a place in Palestine
H5016	bdb	prophecy
H5016	strongs_he	a prediction (spoken or written)
H5017	bdb	prophesying
H5017	strongs_he	inspired teaching
H5018	bdb	Nabû-zêr-iddin; Nebo hath given seed
H5018	strongs_he	Nebuzaradan, a Babylonian general
H5019	bdb	Nebuchadrezzar; Nebuchadnezzar; Nabû-kudurri-uṣur; Nebo, protect the boundary!
H5019	strongs_he	Nebukadnetstsar (or -retstsar, or -retstsor), king of Babylon
H5020	bdb	נְבוּכַדְנֶצַּר 31 n.pr.m.
H5020	strongs_he	Nebuchadnezzar.
H5021	bdb	Nabû-šêzib-anni; Nebo delivers me
H5021	strongs_he	Nebushazban, Nebuchadnezzar's chief eunuch
H5022	bdb	נָבוֹת 22 n.pr.m. a Jezreelite
H5022	strongs_he	Naboth, an Israelite
H5023	bdb	reward
H5023	strongs_he	a largess
H5024	bdb	bark
H5024	strongs_he	to bark (as a dog)
H5025	bdb	נֹ֫בַח n.pr.m. et loc. m. a Manassite loc. in Gilead
H5025	strongs_he	Nobach, the name of an Israelite, and of a place East of the Jordan
H5026	bdb	נִבְחַז n.pr.div. god of men of Avva, 2 K 17:31; name otherwise unknown
H5026	strongs_he	Nibchaz, a deity of the Avites
H5027	bdb	look; look; look
H5027	strongs_he	to scan, i.e. look intently at; by implication, to regard with pleasure, favor or care
H5028	bdb	נְבָט n.pr.m. father of Jerob. I
H5028	strongs_he	Nebat, the father of Jeroboam I
H5029	bdb	prophet
H5029	strongs_he	a prophet
H5030	bdb	spokesman, speaker, prophet; prophet; false prophets; heathen prophets
H5030	strongs_he	a prophet or (generally) inspired man
H5031	bdb	prophetess
H5031	strongs_he	a prophetess or (generally) inspired woman; by implication, a poetess; by association a prophet's wife
H5032	bdb	נְבָיוֹת n.pr.gent. as (eldest) son of Ishmael (brother of Kedar)
H5032	strongs_he	Nebajoth, a son of Ismael, and the country settled by him
H5033	bdb	spring
H5033	strongs_he	a fountain
H5034	bdb	sink, drop down, languish, wither and fall, fade; sink, drop down, fall, wither and fall, fade; sink, drop down; fall, wither and fall, fade; be senseless, foolish; if thou hast been foolish; regard, treat as a, with contumely
H5034	strongs_he	to wilt; generally, to fall away, fail, faint; figuratively, to be foolish or (morally) wicked; causatively, to despise, disgrace
H5035	bdb	skin-bottle, skin; jar, pitcher; harp; lute; guitar
H5035	strongs_he	a skin-bag for liquids (from collapsing when empty); hence, a vase (as similar in shape when full); also a lyre (as having a body of like form)
H5036	bdb	foolish; senseless; ignoble; disgraceful; fool
H5036	strongs_he	stupid; wicked (especially impious)
H5037	bdb	נָבָל n.pr.m. a churlish man of Carmel, whose widow David married
H5037	strongs_he	Nabal, an Israelite
H5038	bdb	carcass; corpse
H5038	strongs_he	a flabby thing, i.e. a carcase or carrion (human or bestial, often collectively); figuratively, an idol
H5039	bdb	senselessness; disgrace
H5039	strongs_he	foolishness, i.e. (morally) wickedness; concretely, a crime; by extension, punishment
H5040	bdb	immodesty; shamelessness; lewdness
H5040	strongs_he	properly, disgrace, i.e. the (female) pudenda
H5041	bdb	נְבַלָּ֑ט n.pr.loc. place where Benjamites dwelt Ne 11:34.
H5041	strongs_he	Neballat, a place in Palestine
H5042	bdb	flow, spring, bubble up; a flowing wady; pour out, emit, cause to bubble, belch forth
H5042	strongs_he	to gush forth; figuratively, to utter (good or bad words); specifically, to emit (a foul odor)
H5043	bdb	the candlestick
H5043	strongs_he	a light; plural (collectively) a chandelier
H5044	bdb	נִבְשָׁן n.pr.loc. in south. Judah הַנּ׳ Jos 15:62.
H5044	strongs_he	Nibshan, a place in Palestine
H5045	bdb	south-country; Negeb; south
H5045	strongs_he	the south (from its drought); specifically, the Negeb or southern district of Judah, occasionally, Egypt (as south to Palestine)
H5046	bdb	be conspicuous; declare, tell; be told, announced, reported
H5046	strongs_he	properly, to front, i.e. stand boldly out opposite; by implication (causatively), to manifest; figuratively, to announce (always by word of mouth to one present); specifically, to expose, predict, explain, praise
H5047	bdb	stream; flow
H5047	strongs_he	to flow (through the idea of clearing the way)
H5048	bdb	what is conspicuous; in front; in front of; in sight of; opposite to
H5048	strongs_he	a front, i.e. part opposite; specifically a counterpart, or mate; usually (adverbial, especially with preposition) over against or before
H5049	bdb	in front of; facing
H5049	strongs_he	opposite
H5050	bdb	shine; enlighten, cause to shine; enlighten; cause to shine
H5050	strongs_he	to glitter; causatively, to illuminate
H5051	bdb	brightness
H5051	strongs_he	brilliancy (literally or figuratively)
H5052	bdb	נֹ֫גַהּ n.pr.m. a son of David
H5052	strongs_he	Nogah, a son of David
H5053	bdb	brightness; daylight
H5053	strongs_he	dawn
H5054	bdb	brightness
H5054	strongs_he	splendor
H5055	bdb	push, thrust, gore; gore; push, thrust at; engage in thrusting with
H5055	strongs_he	to butt with the horns; figuratively, to war against
H5056	bdb	addicted to goring
H5056	strongs_he	butting, i.e. vicious
H5057	bdb	leader; one in front; ruler; prince
H5057	strongs_he	a commander (as occupying the front), civil, military or religious; generally (abstractly, plural), honorable themes
H5058	bdb	music
H5058	strongs_he	properly, instrumental music; by implication, a stringed instrument; by extension, a poem set to music; specifically, an epigram
H5059	bdb	touch, play; players; play
H5059	strongs_he	properly, to thrum, i.e. beat a tune with the fingers; expectation. to play on a stringed instrument; hence (generally), to make music
H5060	bdb	touch, reach, strike; touch, touching, strike, stricken, touch, reach, extend to; touch, touching; touch; touching; strike, stricken; touch; reach, extend to; be stricken, defeated; strike; be stricken; cause to touch, reach, approach, arrive
H5060	strongs_he	properly, to touch, i.e. lay the hand upon (for any purpose; euphemistically, to lie with a woman); by implication, to reach (figuratively, to arrive, acquire); violently, to strike (punish, defeat, destroy, etc.)
H5061	bdb	stroke; plague; mark; plague-spot
H5061	strongs_he	a blow (figuratively, infliction); also (by implication) a spot (concretely, a leprous person or dress)
H5062	bdb	strike, smite; strike, smite; be smitten; stumble
H5062	strongs_he	to push, gore, defeat, stub (the toe), inflict (a disease)
H5063	bdb	blow; striking
H5063	strongs_he	a trip (of the foot); figuratively, an infliction (of disease)
H5064	bdb	pour, flow, run; be poured, split, pour oneself, flow, trickle, vanish, be stretched out; be poured, split; pour oneself, flow, trickle; vanish; be stretched out; pour down, hurl down
H5064	strongs_he	to flow; figuratively, to stretch out; causatively, to pour out or down; figuratively, to deliver over
H5065	bdb	press, drive, oppress, exact; press, drive, exact, driver, taskmaster; press, drive; exact; driver, taskmaster; hard pressed, treated harshly, tyrannize over each other
H5065	strongs_he	to drive (an animal, a workman, a debtor, an army); by implication, to tax, harass, tyrannize
H5066	bdb	draw near, approach; draw near, come near; draw near; cause to approach, bring near, bring; have not been brought near, fetters, it, is offered to my name; draw near!
H5066	strongs_he	to be or come (causatively, bring) near (for any purpose); euphemistically, to lie with a woman; as an enemy, to attack; religious to worship; causatively, to present; figuratively, to adduce an argument; by reversal, to stand back
H5067	bdb	heap
H5067	strongs_he	a mound, i.e. wave
H5068	bdb	incite, impel; whose heart incited; volunteer, offer free-will-offerings; volunteer; offer free-will-offerings
H5068	strongs_he	to impel; hence, to volunteer (as a soldier), to present spontaneously
H5069	bdb	volunteer; offer freely
H5069	strongs_he	be (or give) liberal(-ly)
H5070	bdb	generous, noble
H5070	strongs_he	Nadab, the name of four Israelites
H5071	bdb	voluntariness; freewill offering
H5071	strongs_he	properly (abstractly) spontaneity, or (adjectively) spontaneous; also (concretely) a spontaneous or (by inference, in plural) abundant gift
H5072	bdb	whom Yah impels
H5072	strongs_he	Nedabjah, an Israelite
H5073	bdb	row; layer; course
H5073	strongs_he	a layer (of building materials)
H5074	bdb	retreat, flee, depart, stray, wander, flutter; retreat, flee, flee, depart, wander, stray, flutter; retreat, flee; flee, depart; wander, stray; flutter; fleeth away; chase away; be chased away; flee away
H5074	strongs_he	properly, to wave to and fro (rarely to flap up and down); figuratively, to rove, flee, or (causatively) to drive away
H5075	bdb	flee
H5075	strongs_he	to depart
H5076	bdb	tossing
H5076	strongs_he	properly, tossed; abstractly, a rolling (on the bed)
H5077	bdb	drive away; thrust aside; put away; exclude
H5077	strongs_he	properly, to toss; figuratively, to exclude, i.e. banish, postpone, prohibit
H5078	bdb	gift
H5078	strongs_he	a bounty (for prostitution)
H5079	bdb	impurity, abhorrent, shunned; impure thing
H5079	strongs_he	properly, rejection; by implication, impurity, especially personal (menstruation) or moral (idolatry, incest)
H5080	bdb	impel, thrust, banish; impel, wield, thrust away, banish; impel, wield; thrust away, banish; be impelled, be thrust out, banished, driven away, straying, thrust away, aside; be impelled; be thrust out, banished; driven away, straying; thrust away, aside; thrust into darkness; thrust, move, impel, thrust out, banish, thrust away, aside, compel, force; thrust, move, impel; thrust out, banish; thrust away, aside; compel, force; chased, hunted
H5080	strongs_he	to push off; used in a great variety of applications, literally and figuratively (to expel, mislead, strike, inflict, etc.)
H5081	bdb	inclined, generous, noble; incited, inclined, willing; noble, princely; noble
H5081	strongs_he	properly, voluntary, i.e. generous; hence, magnanimous; as noun, a grandee (sometimes a tyrant)
H5082	bdb	nobility; nobleness
H5082	strongs_he	properly, nobility, i.e. reputation
H5083	bdb	gift
H5083	strongs_he	a present (for prostitution)
H5084	bdb	sheath
H5084	strongs_he	a sheath (of a sword)
H5085	bdb	sheath
H5085	strongs_he	a sheath; figuratively, the body (as the receptacle of the soul)
H5086	bdb	drive; drive asunder
H5086	strongs_he	to shove asunder, i.e. disperse
H5087	bdb	vow
H5087	strongs_he	to promise (pos., to do or give something to God)
H5088	bdb	vow
H5088	strongs_he	a promise (to God); also (concretely) a thing promised
H5089	bdb	eminency; distinction
H5089	strongs_he	lamentation
H5090	bdb	drive, conduct; drive, behaving itself; drive; behaving itself; drive away, lead off, lead on, guide, cause to drive; drive away, lead off; lead on, guide; cause to drive; moan; lament
H5090	strongs_he	to drive forth (a person, an animal or chariot), i.e. lead, carry away; reflexively, to proceed (i.e. impel or guide oneself); also (from the panting induced by effort), to sigh
H5091	bdb	wail, lament; lament; went mourning after
H5091	strongs_he	to groan, i.e. bewail; hence (through the idea of crying aloud), to assemble (as if on proclamation)
H5092	bdb	wailing; lamentation; mourning song
H5092	strongs_he	an elegy
H5093	bdb	נִהְיָה n.f. id. [n.bm.ab];—only Mi 2:4
H5093	strongs_he	lamentation
H5094	bdb	light; illumination; insight
H5094	strongs_he	illumination, i.e. (figuratively) wisdom
H5095	bdb	lead, guide to a watering-place, and cuase to rest there, bring to a station, place of rest, lead, guide, refresh; lead to a watering-place, or station, and cause to rest there, lead, bring to a station, a goal, lead, guide, give rest to, refresh; lead to a watering-place, or station, and cause to rest there; lead, bring to a station, a goal; lead, guide; give rest to; refresh; journey by stations, stages
H5095	strongs_he	properly, to run with a sparkle, i.e. flow; hence (transitively), to conduct, and (by inference) to protect, sustain
H5096	bdb	נַהֲלֹל n.pr.loc. Ju 1:30 in Zebulun; = נַהֲלָל Jos 19:15 21:35
H5096	strongs_he	Nahalal or Nahalol, a place in Palestine
H5097	bdb	pasture; watering-place
H5097	strongs_he	pasture
H5098	bdb	growl; groan
H5098	strongs_he	to growl
H5099	bdb	growling
H5099	strongs_he	a snarl
H5100	bdb	growling; groaning
H5100	strongs_he	snarling
H5101	bdb	bray; cry
H5101	strongs_he	to bray (as an ass), scream (from hunger)
H5102	bdb	flow; stream; shine; beam
H5102	strongs_he	to sparkle, i.e. (figuratively) be cheerful; hence (from the sheen of a running stream) to flow, i.e. (figuratively) assemble
H5103	bdb	river
H5103	strongs_he	a river, especially the Euphrates
H5104	bdb	stream; river
H5104	strongs_he	a stream (including the sea; expectation the Nile, Euphrates, etc.); figuratively, prosperity
H5105	bdb	light; daylight
H5105	strongs_he	daylight
H5106	bdb	hinder, restrain, frustrate; restrain, forbid, frustrate, refuse, refrain, make averse; restrain, forbid, frustrate, refuse; refrain, make averse
H5106	strongs_he	to refuse, forbid, dissuade, or neutralize
H5107	bdb	bear fruit; beareth fruit, beareth the fruit of; makes to flourish
H5107	strongs_he	to germinate, i.e. (figuratively) to (causatively, make) flourish; also (of words), to utter
H5108	bdb	fruit; fruit of lips; fruit
H5108	strongs_he	produce, literally or figuratively
H5109	bdb	נוֹבָ֑י n.pr.m. a chief of people Ne 10:20 Qr נִיבָ֑י
H5109	strongs_he	Nobai, an Israelite
H5110	bdb	move to and fro, wander, shudder, shew grief; move to and fro, wander, flutter, waver, wave, shake, shew grief; move to and fro, wander, flutter, waver, wave, shake; move to and fro, wander; flutter; waver, wave, shake; shew grief; cause to wander, make a wagging, wag; cause to wander; make a wagging, wag; like briers made to flutter; move oneself to and fro, sway, totter, shake oneself, bemoan oneself; move oneself to and fro, sway, totter; shake oneself; bemoan oneself
H5110	strongs_he	to nod, i.e. waver; figuratively, to wander, flee, disappear; also (from shaking the head in sympathy), to console, deplore, or (from tossing the head in scorn) taunt
H5111	bdb	flee
H5111	strongs_he	to flee
H5112	bdb	wandering
H5112	strongs_he	exile
H5113	bdb	נוֹד appar. n.pr.terr. Gn 4:16 of region into which Cain wandered
H5113	strongs_he	Nod, the land of Cain
H5114	bdb	נוֹדָ֑ב n.pr.gent. Arab tribe
H5114	strongs_he	Nodab, an Arab tribe
H5115	bdb	dwell; abide; beautify
H5115	strongs_he	to rest (as at home); causatively (through the implied idea of beauty), to celebrate (with praises)
H5116	bdb	dwelling; abiding; abode of shepherd, flocks, habitation; abode, abode of shepherds, meadow; abode; abode of shepherds; meadow; habitation
H5116	strongs_he	(adjectively) at home; hence (by implication of satisfaction) lovely; also (noun) a home, of God (temple), men (residence), flocks (pasture), or wild animals (den)
H5117	bdb	rest; rest, settle down and remain, repose, be quiet, have rest; rest, settle down and remain; repose, be quiet, have rest; cause to rest, give rest, cause to rest, light, lay, set down, deposit, let lie, let remain, leave, leave, abandon, let alone, permit; cause to rest, give rest, cause to rest, light; cause to rest, give rest; cause to rest, light; lay, set down, deposit, let lie, let remain, leave, leave, abandon, let alone, permit; lay, set down, deposit, let lie; let remain, leave; leave; abandon; let alone; permit; no rest is granted to us, space left, open space; no rest is granted to us; space left, open space
H5117	strongs_he	to rest, i.e. settle down; used in a great variety of applications, literal and figurative, intransitive, transitive and causative (to dwell, stay, let fall, place, let alone, withdraw, give comfort, etc.)
H5118	bdb	resting-place; rest
H5118	strongs_he	quiet
H5119	bdb	נוֹחָה n.pr.m. 4th son of Benjamin acc. to 1 Ch 8:2.
H5119	strongs_he	Nochah, an Israelite
H5120	bdb	dangle; shake
H5120	strongs_he	to quake
H5121	bdb	נוית Kt (i.e. נָוִית), נָיוֹת Qr; prob. n.pr.loc. in Ramah
H5121	strongs_he	Navith, a place in Palestine
H5122	bdb	refuse-heap
H5122	strongs_he	a sink
H5123	bdb	be drowsy; slumber
H5123	strongs_he	to slumber (from drowsiness)
H5124	bdb	somnolence
H5124	strongs_he	sleepiness
H5125	bdb	propagate; increase; have increase; be propagated; spread
H5125	strongs_he	to resprout, i.e. propagate by shoots; figuratively, to be perpetual
H5126	bdb	נוּן and (1 Ch 7:27) נוֹן n.pr.m. father of Joshua
H5126	strongs_he	Nun or Non, the father of Joshua
H5127	bdb	flee, escape; flee, escape, take flight, depart, disappear, fly, on horseback; flee; escape; take flight, depart, disappear; fly, on horseback; the breath of, driveth at it, driveth it on; in order to take flight before; put to flight, drive hastily, cause to disappear, hide; put to flight; drive hastily; cause to disappear, hide
H5127	strongs_he	to flit, i.e. vanish away (subside, escape; causatively, chase, impel, deliver)
H5128	bdb	quiver, wave, waver, tremble, totter; wave, totter, go tottering; wave; totter, go tottering; be tossed about; toss about, shake, cause to totter, shake, disturb, cause to wander; toss about; shake, cause to totter; shake, disturb; cause to wander
H5128	strongs_he	to waver, in a great variety of applications, literally and figuratively (as subjoined)
H5129	bdb	meeting with Yah
H5129	strongs_he	Noadjah, the name of an Israelite, and a false prophetess
H5130	bdb	move to and fro, wave, besprinkle; I have besprinkled my couch with myrrh; he brandisheth his hand toward the mt.; wield, Shake, wave, swing, waved, Shed abroad; wield; Shake, wave; swing; waved; Shed abroad; be waved
H5130	strongs_he	to quiver (i.e. vibrate up and down, or rock to and fro); used in a great variety of applications (including sprinkling, beckoning, rubbing, bastinadoing, sawing, waving, etc.)
H5131	bdb	elevation; height
H5131	strongs_he	elevation
H5132	bdb	fly; bloom, blossom; have put forth blossoms, wears blossoms
H5132	strongs_he	properly, to flash; also, to fly away (from the quickness of motion)
H5133	bdb	plumage
H5133	strongs_he	a pinion (or wing feather); often (collectively) plumage
H5134	bdb	suckle; nurse
H5134	strongs_he	to suckle
H5135	bdb	fire
H5135	strongs_he	fire
H5136	bdb	be sick
H5136	strongs_he	to be sick, i.e. (figuratively) distressed
H5137	bdb	spring; leap; spurt, spatter, sprinkle; spurt, spatter; cause to spurt, sprinkle
H5137	strongs_he	to spirt, i.e. besprinkle (especially in expiation)
H5138	bdb	thing sodden; boiled; pottage
H5138	strongs_he	something boiled, i.e. soup
H5139	bdb	one consecrated, devoted; consecrated; devotee, Nazirite; untrimmed vine
H5139	strongs_he	separate, i.e. consecrated (as prince, a Nazirite); hence (figuratively from the latter) an unpruned vine (like an unshorn Nazirite)
H5140	bdb	flow, trickle, drop, distil; flow, distil; flow; distil; cause to flow
H5140	strongs_he	to drip, or shed by trickling
H5141	bdb	ring
H5141	strongs_he	a nose-ring
H5142	bdb	suffer injury; injure
H5142	strongs_he	to suffer (causatively, inflict) loss
H5143	bdb	injury; damage
H5143	strongs_he	loss
H5144	bdb	dedicate, consecrate, separate; devote, dedicate oneself; and ye shale keep the sons of Isr. sacredly separate from their uncleanness; be a Nazarite; live as a Nazarite
H5144	strongs_he	to hold aloof, i.e. (intransitivey) abstain (from food and drink, from impurity, and even from divine worship (i.e. apostatize)); specifically, to set apart (to sacred purposes), i.e. devote
H5145	bdb	consecration, crown, Naziriteship; crown; hair; consecration
H5145	strongs_he	properly, something set apart, i.e. (abstractly) dedication (of a priet or Nazirite); hence (concretely) unshorn locks; also (by implication) a chaplet (especially of royalty)
H5146	bdb	Noah
H5146	strongs_he	Noach, the patriarch of the flood
H5147	bdb	נַחְבִּי n.pr.m. a Naphtalite, one of the Hebrew spies Nu 13:14 (P).
H5147	strongs_he	Nachbi, an Israelite
H5148	bdb	lead, guide; lead, bring; lead, guide
H5148	strongs_he	to guide; by implication, to transport (into exile, or as colonists)
H5149	bdb	comfort
H5149	strongs_he	Nechum, an Israelite
H5150	bdb	comfort; compassion
H5150	strongs_he	properly, consoled; abstractly, solace
H5151	bdb	comfort
H5151	strongs_he	Nachum, an Israelite prophet
H5152	bdb	נָחוֹר n.pr.m. father of Teraḥ son of Teraḥ and brother of Abr.
H5152	strongs_he	Nachor, the name of the grandfather and a brother of Abraham
H5153	bdb	of bronze
H5153	strongs_he	coppery, i.e. (figuratively) hard
H5154	bdb	copper; bronze
H5154	strongs_he	copper
H5155	bdb	[נְחִילָה] n.f. meaning unknown; only pl. ψ 5:1 (title)
H5155	strongs_he	a flute
H5156	bdb	nostril
H5156	strongs_he	a nostril
H5157	bdb	get, take as a possession; take possession, inherit, have, get as a possession, property, divide the land for a possession; take possession, inherit; have, get as a possession, property; divide the land for a possession; divide for a possession; possess oneself of; give as a possession, cause to inherit, give as an inheritance; give as a possession; cause to inherit, give as an inheritance; made to possess
H5157	strongs_he	to inherit (as a (figurative) mode of descent), or (generally) to occupy; causatively, to bequeath, or (generally) distribute, instate
H5158	bdb	torrent; torrent-valley; wady; palm-tree
H5158	strongs_he	a stream, especially a winter torrent; (by implication) a (narrow) valley (in which a brook runs); also a shaft (of a mine)
H5159	bdb	possession, property, inheritance; property; portion, share; inheritance
H5159	strongs_he	properly, something inherited, i.e. (abstractly) occupancy, or (concretely) an heirloom; generally an estate, patrimony or portion
H5160	bdb	valley; palm; of Ēl
H5160	strongs_he	Nachaliël, a place in the Desert
H5161	bdb	נֶחֱלָמִי adj.gent. (noun not found)
H5161	strongs_he	a Nechelamite, or descendant of Nechlam
H5162	bdb	be sorry, console oneself; be sorry, moved to pity, have compassion, be sorry, rue, suffer grief, repent, comfort oneself, be comforted, comfort oneself, ease oneself; be sorry, moved to pity, have compassion; be sorry, rue, suffer grief, repent; comfort oneself, be comforted; comfort oneself, ease oneself; comfort, console; be comforted, consoled; be sorry, have compassion, rue, repent of, comfort oneself, be comforted, ease oneself; be sorry, have compassion; rue, repent of; comfort oneself, be comforted; ease oneself
H5162	strongs_he	properly, to sigh, i.e. breathe strongly; by implication, to be sorry, i.e. (in a favorable sense) to pity, console or (reflexively) rue; or (unfavorably) to avenge (oneself)
H5163	bdb	comfort
H5163	strongs_he	Nacham, an Israelite
H5164	bdb	sorrow; repentance
H5164	strongs_he	ruefulness, i.e. desistance
H5165	bdb	comfort
H5165	strongs_he	consolation
H5166	bdb	Yah comforts
H5166	strongs_he	Nechemjah, the name of three Israelites
H5167	bdb	compassionate
H5167	strongs_he	Nachamani, an Israelite
H5168	bdb	we
H5168	strongs_he	we
H5169	bdb	urge
H5169	strongs_he	to be urgent
H5170	bdb	a snorting; [נַחֲרָה] n.f. id. [n.ct.ab];—cstr. Je 8:16.
H5170	strongs_he	a snorting
H5171	bdb	נַחֲרַי n.pr.m. one of David’s heroes
H5171	strongs_he	Nacharai or Nachrai, an Israelite
H5172	bdb	practice divination; divine; observe signs
H5172	strongs_he	properly, to hiss, i.e. whisper a (magic) spell; generally, to prognosticate
H5173	bdb	divination; enchantment
H5173	strongs_he	an incantation or augury
H5174	bdb	copper; bronze
H5174	strongs_he	copper
H5175	bdb	serpent; serpent; fleeing serpent
H5175	strongs_he	a snake (from its hiss)
H5176	bdb	נָחָשׁ n.pr.m. king of Ammon father of Abigail and Zeruiah giving name to a city
H5176	strongs_he	Nachash, the name of two persons apparently non-Israelite
H5177	bdb	נַחְשׁוֹן n.pr.m. son of Aminadab, of Judah, brother-in-law of Aaron
H5177	strongs_he	Nachshon, an Israelite
H5178	bdb	copper, bronze; copper; fetters of copper, bronze; lust; harlotry
H5178	strongs_he	copper, hence, something made of that metal, i.e. coin, a fetter; figuratively, base (as compared with gold or silver)
H5179	bdb	נְחֻשְׁתָּא n.f. mother of Jehoiakin 2 K 24:8
H5179	strongs_he	Nechushta, an Israelitess
H5180	bdb	bronze serpent; bronze
H5180	strongs_he	something made of copper, i.e. the copper serpent of the Desert
H5181	bdb	go down, descend; go down, descend, descend; go down, descend; descend; penetrate; cause to descend, press down; bring down
H5181	strongs_he	to sink, i.e. descend; causatively, to press or lead down
H5182	bdb	descend; deposited; be deposed
H5182	strongs_he	to descend; causatively, to bring away, deposit, depose
H5183	bdb	descent; quietness; rest
H5183	strongs_he	a descent, i.e. imposition, unfavorable (punishment) or favorable (food); restfulness
H5184	bdb	נַ֫חַת n.pr.m. son of Reuel, grandson of Esau grandson of Elkanah an overseer, Hezekiah's time
H5184	strongs_he	Nachath, the name of an Edomite and of two Israelites
H5185	bdb	descending
H5185	strongs_he	descending
H5186	bdb	stretch out, spread out, extend, incline, bend; stretch out, extend, stretch, offer, Spread out, pitch, Bend, turn, incline; stretch out, extend, stretch, offer; stretch out, extend; stretch; offer; Spread out, pitch; Bend, turn, incline; be stretched out; stretch out, spread out, turn, incline; stretch out; spread out; turn, incline
H5186	strongs_he	to stretch or spread out; by implication, to bend away (including moral deflection); used in a great variety of application (as follows)
H5187	bdb	laden
H5187	strongs_he	laden
H5188	bdb	drop; pendant
H5188	strongs_he	a pendant for the ears (especially of pearls)
H5189	bdb	twig; tendril; spreading
H5189	strongs_he	a tendril (as an offshoot)
H5190	bdb	lift, bear; lift; and he bare them
H5190	strongs_he	to lift; by implication, to impose
H5191	bdb	lift; be lifted
H5191	strongs_he	to raise
H5192	bdb	burden; weight
H5192	strongs_he	a burden
H5193	bdb	plant; plant, plant; plant; plant; be planted
H5193	strongs_he	properly, to strike in, i.e. fix; specifically, to plant (literally or figuratively)
H5194	bdb	plantation; planting; plant
H5194	strongs_he	a plant; collectively, a plantation; abstractly, a planting
H5195	bdb	plant
H5195	strongs_he	a plant
H5196	bdb	נְטָעִים n.pr.loc. 1 Ch 4:23
H5196	strongs_he	Netaim, a place in Palestine
H5197	bdb	drop, drip; drop, drip; drip; drip
H5197	strongs_he	to ooze, i.e. distil gradually; by implication, to fall in drops; figuratively, to speak by inspiration
H5198	bdb	drop; gum
H5198	strongs_he	a drop; specifically, an aromatic gum (probably stacte)
H5199	bdb	dropping; dripping
H5199	strongs_he	Netophah, a place in Palestine
H5200	bdb	the Neṭophathite; Neṭophathites
H5200	strongs_he	a Netophathite, or inhabitant of Netophah
H5201	bdb	keep; keep, maintain, keep, guard; keep, maintain; keep, guard
H5201	strongs_he	to guard; figuratively, to cherish (anger)
H5202	bdb	keep
H5202	strongs_he	to retain
H5203	bdb	leave, forsake, permit; leave, let alone, forsake, abandon, permit; leave, let alone; forsake, abandon; permit; be forsaken, be loosened, loose, be let alone, be let go, spread abroad; be forsaken; be loosened, loose, be let alone; be let go, spread abroad; palaces are abandoned, deserted
H5203	strongs_he	properly, to pound, i.e. smite; by implication (as if beating out, and thus expanding) to disperse; also, to thrust off, down, out or upon (inclusively, reject, let alone, permit, remit, etc.)
H5204	bdb	wailing
H5204	strongs_he	lamentation
H5205	bdb	quivering motion
H5205	strongs_he	motion (of the lips in speech)
H5206	bdb	נִידָה n.f. id. [n.bd.ac];—of Jerusalem La 1:8
H5206	strongs_he	removal, i.e. exile
H5207	bdb	a quieting; soothing; tranquilizing
H5207	strongs_he	properly, restful, i.e. pleasant; abstractly, delight
H5208	bdb	soothing; tranquilizing
H5208	strongs_he	pleasure
H5209	bdb	offspring; posterity
H5209	strongs_he	progeny
H5210	bdb	Nineveh
H5210	strongs_he	Nineveh, the capital of Assyria
H5211	bdb	flee, escape; flee, escape, take flight, depart, disappear, fly, on horseback; flee; escape; take flight, depart, disappear; fly, on horseback; the breath of, driveth at it, driveth it on; in order to take flight before; put to flight, drive hastily, cause to disappear, hide; put to flight; drive hastily; cause to disappear, hide
H5211	strongs_he	fugitive
H5212	bdb	נִיסָן n.pr. of 1st month;—only post-exil.
H5212	strongs_he	Nisan, the first month of the Jewish sacred year
H5213	bdb	spark
H5213	strongs_he	a spark
H5214	bdb	break up; freshly till
H5214	strongs_he	to till the soil
H5215	bdb	the tillable; untilled; fallow ground
H5215	strongs_he	properly, plowing, i.e. (concretely) freshly plowed land
H5216	bdb	lamp; lamp
H5216	strongs_he	a lamp (i.e. the burner) or light (literally or figuratively)
H5217	bdb	smite; scourge
H5217	strongs_he	to smite, i.e. drive away
H5218	bdb	a stricken spirit; stricken
H5218	strongs_he	smitten, i.e. (figuratively) afflicted
H5219	bdb	a spice
H5219	strongs_he	properly, a smiting, i.e. (concretely) an aromatic gum (perhaps styrax) (as powdered)
H5220	bdb	progeny; posterity
H5220	strongs_he	offspring
H5221	bdb	smite; and he shall be smitten, and die; be smitten down; smite, strike, smite, beat, and they clapped hands, give a thrust, strike, smite, smite, Smite, Smite, attack, attack and destroy, smite, smite, chastise, send judgment upon, destroying; smite, strike, smite, beat, and they clapped hands, give a thrust, strike, smite, smite; smite, strike; smite, beat; and they clapped hands; give a thrust, strike; smite; smite; Smite; Smite, attack, attack and destroy; smite, smite, chastise, send judgment upon, destroying; smite; smite, chastise, send judgment upon; destroying; be smitten
H5221	strongs_he	to strike (lightly or severely, literally or figuratively)
H5222	bdb	smitten ones
H5222	strongs_he	a smiter, i.e. (figuratively) traducer
H5223	bdb	smitten; stricken
H5223	strongs_he	smitten, i.e. (literally) maimed, or (figuratively) dejected
H5224	bdb	Necho
H5224	strongs_he	Neko, an Egyptian king
H5225	bdb	נָכוֹן n.pr.m. only in 2 S 6:6
H5225	strongs_he	Nakon, probably an Israelite
H5226	bdb	front; in front of, opposite to
H5226	strongs_he	properly, the fore part; used adverbially, opposite
H5227	bdb	front; in front of, opposite to
H5227	strongs_he	properly, the front part; used adverbially (especially with preposition), opposite, in front of, forward, in behalf of
H5228	bdb	straight; right; straightness
H5228	strongs_he	straightforward, i.e. (figuratively), equitable, correct, or (abstractly), integrity
H5229	bdb	straight; right; straightness
H5229	strongs_he	properly, straightforwardness, i.e. (figuratively) integrity, or (concretely) a truth
H5230	bdb	be crafty, deceitful, knavish; knave; their wiles with which they beguiled you; they knavishly planned, to deal knavishly with
H5230	strongs_he	to defraud, i.e. act treacherously
H5231	bdb	wiliness; craft; knavery
H5231	strongs_he	deceit
H5232	bdb	riches; property
H5232	strongs_he	goods.
H5233	bdb	riches; treasures
H5233	strongs_he	treasure
H5234	bdb	act, treat as foreign, strange, disguise, misconstrue; disguiseth himself; and they have treated, as foreign; he acted as a stranger toward them; regard, recognize; they are not recognized; he regardeth not the opulent above the poor; regard, observe, Recognize, Be willing to recognize, acknowledge, Be acquianted with, Distinguish, understand; regard, observe; Recognize; Be willing to recognize, acknowledge; Be acquianted with; Distinguish, understand; a youth maketh himself known
H5234	strongs_he	properly, to scrutinize, i.e. look intently at; hence (with recognition implied), to acknowledge, be acquainted with, care for, respect, revere, or (with suspicion implied), to disregard, ignore, be strange toward, reject, resign, dissimulate (as if ignorant or disowning)
H5235	bdb	misfortune; calamity
H5235	strongs_he	something strange, i.e. unexpected calamity
H5236	bdb	that which is foreign; foreignness
H5236	strongs_he	foreign, or (concretely) a foreigner, or (abstractly) heathendom
H5237	bdb	foreign; alien
H5237	strongs_he	strange, in a variety of degrees and applications (foreign, non-relative, adulterous, different, wonderful)
H5238	bdb	treasure
H5238	strongs_he	spicery, i.e. (generally) valuables
H5239	bdb	נלה doubtful √:—for supposed Hiph. Is 33:1
H5239	strongs_he	to complete
H5240	bdb	despise; despise, regard with contempt; despised, vile, worthless, despicable, contemptible; despised; vile, worthless; despicable, contemptible; so as to cause to despise their lords
H5240	strongs_he	despised
H5241	bdb	נְמוּאֵל n.pr.m. son of Simeon a Reubenite (brother of Dathan and Abiram)
H5241	strongs_he	Nemuel, the name of two Israelites
H5242	bdb	נְמוּאֵלִי adj.gent. only c. art. as n.coll. Nu 26:12
H5242	strongs_he	a Nemuelite, or descendant of Nemuel
H5243	bdb	languish, wither, fade; hang down, wither; it withereth; circumcise; be cut off
H5243	strongs_he	to become clipped or (specifically) circumcised
H5244	bdb	ant
H5244	strongs_he	an ant (probably from its almost bisected form)
H5245	bdb	leopard
H5245	strongs_he	leopard.
H5246	bdb	leopard
H5246	strongs_he	a leopard (from its stripes)
H5247	bdb	נִמְרָה n.pr.loc. place E. of Jordan Nu 32:3
H5247	strongs_he	Nimrah, a place East of the Jordan
H5248	bdb	Nimrod
H5248	strongs_he	Nimrod, a son of Cush
H5249	bdb	נִמְרִים n.pr.loc. in Moab
H5249	strongs_he	Nimrim, a place East of the Jordan
H5250	bdb	נִמְשִׁי n.pr.m. grandfather of Jehu
H5250	strongs_he	Nimshi, the (grand-) father of Jehu
H5251	bdb	standard; ensign; signal; sign
H5251	strongs_he	a flag; also a sail; by implication, a flagstaff; generally a signal; figuratively, a token
H5252	bdb	turn
H5252	strongs_he	properly, an environment, i.e. circumstance or turn of affairs
H5253	bdb	move away, backslide; backslide, prove recreant to; turn oneself away, turn back, be turned, driven back, be repulsed; turn oneself away, turn back; be turned, driven back, be repulsed; displacing, moving back, remove, carry away; displacing, moving back; remove, carry away; and justice is driven back
H5253	strongs_he	to retreat
H5254	bdb	test, try; test, try; attempt, assay, try; test, try, prove, tempt
H5254	strongs_he	to test; by implication, to attempt
H5255	bdb	pull, tear away; the house of proud men will, tear down; and ye shall be torn away from off the land
H5255	strongs_he	to tear away
H5256	bdb	pull away; be pulled away
H5256	strongs_he	pull down.
H5257	bdb	prince; libation, molten image; wine of their drink-offering; molten image
H5257	strongs_he	properly, something poured out, i.e. a libation; also a molten image; by implication, a prince (as anointed)
H5258	bdb	pour out; pour out, pour out libations, cast metal images; pour out; pour out libations; cast metal images; pour out as libation; pour out libations; be poured out; set, install; I have installed my king upon Zion; I was installed
H5258	strongs_he	to pour out, especially a libation, or to cast (metal); by analogy, to anoint a king
H5259	bdb	weave
H5259	strongs_he	to interweave, i.e. (figuratively) to overspread
H5260	bdb	pour out
H5260	strongs_he	to pour out a libation
H5261	bdb	drink-offering
H5261	strongs_he	a libation
H5262	bdb	drink-offering; drink-offering; molten images
H5262	strongs_he	a libation; also a cast idol
H5263	bdb	be sick
H5263	strongs_he	to wane, i.e. be sick
H5264	bdb	be high; conspicuous; that it may be displayed; raised; prominent
H5264	strongs_he	to raise a beacon
H5265	bdb	pull out, up, set out, journey; pull out, up, set out, depart, journey, march; pull out, up; set out, depart; set out; depart; journey, march; be pulled up, removed; cause to set out, lead out, remove; cause to set out, lead out; remove
H5265	strongs_he	properly, to pull up, especially the tent-pins, i.e. start on a journey
H5266	bdb	ascend
H5266	strongs_he	to go up
H5267	bdb	come up; come up; lift, take up; be taken up
H5267	strongs_he	take up.
H5268	bdb	נִסְרֹךְ n.pr.div. Assyr. god, worshipped by Sennach.
H5268	strongs_he	Nisrok, a Babylonian idol
H5269	bdb	נֵעָה n.pr.loc. in Zebulun; Jos 19:13.
H5269	strongs_he	Neah, a place in Palestine
H5270	bdb	נֹעָה n.pr.f. a daughter of Zelophahad (of Manasseh)
H5270	strongs_he	Noah, an Israelitess
H5271	bdb	[נְעוּרוֹת] n.[f.]pl. id. [n.ei.ae];—only Je 32:30 (fig. of nation).; youth; early life
H5271	strongs_he	(only in plural collective or emphatic form) youth, the state (juvenility) or the persons (young people)
H5272	bdb	נְעִיאֵל n.pr.loc. on border of Asher Jos 19:27
H5272	strongs_he	Neiel, a place in Palestine
H5273	bdb	singing; sweetly sounding; musical; pleasant; delightful
H5273	strongs_he	delightful (objective or subjective, literal or figurative)
H5274	bdb	bar; bolt; lock; furnish with sandals; and I shod thee with; and gave them sandals
H5274	strongs_he	properly, to fasten up, i.e. with a bar or cord; hence, to sandal, i.e. furnish with slippers
H5275	bdb	sandal; shoe
H5275	strongs_he	properly, a sandal tongue; by extension a sandal or slipper (sometimes as a symbol of occupancy, a refusal to marry, or of something valueless)
H5276	bdb	be pleasant; delightful; lovely; how lovely art thou!; to them ... shall be delight
H5276	strongs_he	to be agreeable (literally or figuratively)
H5277	bdb	נָ֑עַם n.pr.m. son of Caleb, 1 Ch 4:15
H5277	strongs_he	Naam, an Israelite
H5278	bdb	delightfulness, pleasantness; delightfulness; pleasantness
H5278	strongs_he	agreeableness, i.e. delight, suitableness, splendor or grace
H5279	bdb	נַעֲמָה n.pr.f. sister of Tubal Cain Ammonitess, mother of Rehoboam; נַעֲמָה n.pr.loc. city assigned to Judah in Philist. plain Jos 15:41
H5279	strongs_he	Naamah, the name of an antediluvian woman, of an Ammonitess, and of a place in Palestine
H5280	bdb	נַעֲמִי adj.gent. from II. נַעֲמָן 1, Nu 26:40, rd. doubtless נעמני (so Sam.).
H5280	strongs_he	a Naamanite, or descendant of Naaman (collectively)
H5281	bdb	נָעֳמִי n.pr.f. mother-in-law of Ruth
H5281	strongs_he	Noömi, an Israelitess
H5282	bdb	pleasantness
H5282	strongs_he	pleasantness (plural as concrete)
H5283	bdb	נַעֲמָן 16 n.pr.m. son of Benj. Aramaean general
H5283	strongs_he	Naaman, the name of an Israelite and of a Damascene
H5284	bdb	נַעֲמָתִי adj.gent. (from unused n.pr.)
H5284	strongs_he	a Naamathite, or inhabitant of Naamah
H5285	bdb	thorn-bush
H5285	strongs_he	probably a brier; by implication, a thicket of thorny bushes
H5286	bdb	growl
H5286	strongs_he	to growl
H5287	bdb	shake, shake out, off; shake out; I am shaken out like a locust; so may, shake utterly out; shake thyself, free
H5287	strongs_he	to tumble about
H5288	bdb	boy, lad, youth, retainer; boy, lad, youth; servant, retainer
H5288	strongs_he	(concretely) a boy (as active), from the age of infancy to adolescence; by implication, a servant; also (by interch. of sex), a girl (of similar latitude in age)
H5289	bdb	shaking; scattering; scattered ones
H5289	strongs_he	a wanderer
H5290	bdb	youth; early life
H5290	strongs_he	(abstractly) boyhood
H5291	bdb	girl, damsel; girl, damsel; maids
H5291	strongs_he	a girl (from infancy to adolescence)
H5292	bdb	נַעֲרָה n.pr.f. in Judah; [נַעֲרָה] n.pr.loc. on border of Ephr.:—only Jos 16:7
H5292	strongs_he	Naarah, the name of an Israelitess, and of a place in Palestine
H5293	bdb	נַעֲרַי n.pr.m. one of David’s heroes, 1 Ch 11:37
H5293	strongs_he	Naarai, an Israelite
H5294	bdb	נְעַרְיָה n.pr.m. a descendant of David a Simeonite
H5294	strongs_he	Nearjah, the name of two Israelites
H5295	bdb	נַעֲרָן n.pr.loc. on E of Ephr., 1 Ch 7:28
H5295	strongs_he	Naaran, a place in Palestine
H5296	bdb	tow; shaken off
H5296	strongs_he	something shaken out, i.e. tow (as the refuse of flax)
H5297	bdb	Memphis
H5297	strongs_he	Noph, the capital of Upper Egypt
H5298	bdb	נֶ֫פֶג n.pr.m. a Levite a son of David
H5298	strongs_he	Nepheg, the name of two Israelites
H5299	bdb	sieve; height
H5299	strongs_he	a sieve
H5300	bdb	נפיסים n.pr. Kt, in Ezr 2:50, Qr נְפוּסִים, of family of returned exiles; = נפושׁסים Ne 7:52 Kt, Qr נְפִישְׁסִים
H5300	strongs_he	Nephushesim, a Temple-servant
H5301	bdb	breathe, blow; breathe, blow; a fire not blown; the life of its, owners I have caused them to breathe out
H5301	strongs_he	to puff, in various applications (literally, to inflate, blow hard, scatter, kindle, expire; figuratively, to disesteem)
H5302	bdb	נֹ֫פַח appar. n.pr.loc. Nu 21:30
H5302	strongs_he	Nophach, a place in Moab
H5303	bdb	giants
H5303	strongs_he	properly, a feller, i.e. a bully or tyrant
H5304	bdb	נפיסים n.pr. Kt, in Ezr 2:50, Qr נְפוּסִים, of family of returned exiles; = נפושׁסים Ne 7:52 Kt, Qr נְפִישְׁסִים
H5304	strongs_he	Nephisim, a Temple-servant
H5305	bdb	נָפִישׁ n.pr.m. son of Ishmael
H5305	strongs_he	Naphish, a son of Ishmael, and his posterity
H5306	bdb	ruby; carbuncle; emerald
H5306	strongs_he	shining; a gem, probably the garnet
H5307	bdb	fall, lie; fall, fall, Fall prostrate, fall, prostrate oneself before, fall upon, Fall upon, desert, fall away to, go over to, lie, lie prostrate; fall; fall; fall; Fall prostrate, fall, prostrate oneself before, fall upon; Fall prostrate; fall, prostrate oneself before; fall upon; Fall upon, desert, fall away to, go over to; Fall upon; desert, fall away to, go over to; lie, lie prostrate; cause to fall, overthrow, casting, let drop, cause to fail, cause, to fall; cause to fall; overthrow; casting; let drop, cause to fail; cause, to fall; throw, prostrate oneself
H5307	strongs_he	to fall, in a great variety of applications (intransitive or causative, literal or figurative)
H5308	bdb	fall
H5308	strongs_he	fall (down), have occasion.
H5309	bdb	untimely birth; abortion
H5309	strongs_he	something fallen, i.e. an abortion
H5310	bdb	shatter; and a shattering, and shattered; dash to pieces; pulverized; disperse; be scattered
H5310	strongs_he	to dash to pieces, or scatter
H5311	bdb	driving storm; bursting
H5311	strongs_he	a storm (as dispersing)
H5312	bdb	go, come, out, forth; he went out; bring forth
H5312	strongs_he	to issue; causatively, to bring out
H5313	bdb	outlay
H5313	strongs_he	an outgo, i.e. expense
H5314	bdb	take breath, refresh oneself; take breath, refresh oneself
H5314	strongs_he	to breathe; passively, to be breathed upon , i.e. (figuratively) refreshed (as if by a current of air)
H5315	bdb	soul, living being, life, self, person, desire, appetite, emotion, passion; that which breathes, the breathing substance or being; the man himself; seat of the appetites; seat of emotions and passions
H5315	strongs_he	properly, a breathing creature, i.e. animal of (abstractly) vitality; used very widely in a literal, accommodated or figurative sense (bodily or mental)
H5316	bdb	[נֶ֫פֶת] n.f. id. [n.cf.ac];—only Jos 17:11
H5316	strongs_he	a height
H5317	bdb	flowing honey; honey from the comb
H5317	strongs_he	a dripping i.e. of honey (from the comb)
H5318	bdb	נֶפְתּוֹחַ n.pr.loc. on border of Judah and Benj.
H5318	strongs_he	Nephtoach, a place in Palestine
H5319	bdb	wrestlings
H5319	strongs_he	properly, wrestled; but used (in the plural) transitively, a struggle
H5320	bdb	the northern land
H5320	strongs_he	Naphtuchim, an Egyptian tribe
H5321	bdb	Naphtali
H5321	strongs_he	Naphtali, a son of Jacob, with the tribe descended from him, and its territory
H5322	bdb	[נֵץ] n.m. only sf. נִצָּהּ Gn 40:10, v. foll. [n.ew.ad]; hawk; falcon
H5322	strongs_he	a flower (from its brilliancy); also a hawk (from it flashing speed)
H5323	bdb	fly
H5323	strongs_he	to go away
H5324	bdb	take one's stand, stand; station oneself, take one's stand, stand, be stationed, take an upright position, stand, be stationed, appointed, deputy, prefect, appointed, deputed, stand firm; station oneself, take one's stand, stand, be stationed, take an upright position, stand; station oneself, take one's stand; stand, be stationed; take an upright position, stand; be stationed, appointed; deputy, prefect, appointed, deputed; stand firm; station, set, set up, erect, cause to stand erect, fix, establish; station, set; set up, erect; cause to stand erect; fix, establish; fixed, determined
H5324	strongs_he	to station, in various applications (literally or figuratively)
H5325	bdb	haft, hilt; prefect, deputy
H5325	strongs_he	fixed, i.e. a handle
H5326	bdb	firmness
H5326	strongs_he	fixedness, i.e. firmness
H5327	bdb	fall in ruins; thy cities shall fall in ruins; ruined heaps; struggle; struggle with each other; engage in struggle
H5327	strongs_he	properly, to go forth, i.e. (by implication) to be expelled, and (consequently) desolate; causatively, to lay waste; also (specifically), to quarrel
H5328	bdb	blossom; shining
H5328	strongs_he	a blossom
H5329	bdb	be pre-eminent, enduring; enduring; act as overseer, superintendent, director
H5329	strongs_he	properly, to glitter from afar, i.e. to be eminent (as a superintendent, especially of the Temple services and its music); to be permanent
H5330	bdb	distinguish oneself
H5330	strongs_he	to become chief
H5331	bdb	eminence; enduring; everlasting; perpetuity
H5331	strongs_he	properly, a goal, i.e. the bright object at a distance travelled towards; hence (figuratively), splendor, or (subjectively) truthfulness, or (objectively) confidence; but usually (adverbially), continually (i.e. to the most distant point of view)
H5332	bdb	juice; blood; gore
H5332	strongs_he	juice of the grape (as blood red)
H5333	bdb	pillar; prefect; garrison; post
H5333	strongs_he	something stationary, i.e. a prefect, a military post, a statue
H5334	bdb	נְצִיב n.pr.loc. in Judah on border of Philist. Jos 15:43
H5334	strongs_he	Netsib, a place in Palestine
H5335	bdb	נְצִיחַ n.pr.m. head of a family of Nethinim
H5335	strongs_he	Netsiach, a Temple-servant
H5336	bdb	preserved
H5336	strongs_he	properly, conservative; but used passively, delivered
H5337	bdb	strip, plunder, deliver oneself, be delivered, snatch away, deliver; tear oneself away, deliver oneself, be torn out, away; tear oneself away, deliver oneself; be torn out, away; strip off, spoil, deliver; strip off, spoil; deliver; take away, snatch away, rescue, recover, deliver from, deliver from sin and guilt; take away, snatch away; rescue, recover; deliver from; deliver from sin and guilt; as a brand plucked out of the burning; and they stripped themselves
H5337	strongs_he	to snatch away, whether in a good or a bad sense
H5338	bdb	rescue; deliver
H5338	strongs_he	to extricate
H5339	bdb	[נִצָּן] n.[m.] id. [n.ew.ad], only pl. נִצָּנִים Ct 2:12.
H5339	strongs_he	a blossom
H5340	bdb	shine; sparkle
H5340	strongs_he	to glare, i.e. be bright-colored
H5341	bdb	watch, guard, keep; Watch, guard, keep; Guard from dangers, preserve; Guard with fidelity, keep, observe; Guard, keep secret; Keep close, blockaded
H5341	strongs_he	to guard, in a good sense (to protect, maintain, obey, etc.) or a bad one (to conceal, etc.)
H5342	bdb	sprout; shoot
H5342	strongs_he	a shoot; figuratively, a descendant
H5343	bdb	clean; pure
H5343	strongs_he	clean
H5344	bdb	pierce; pierce, bore, prick off; pierce, bore; prick off; who were pricked off, designated, by name; curse
H5344	strongs_he	to puncture, literally (to perforate, with more or less violence) or figuratively (to specify, designate, libel)
H5345	bdb	[נֶ֫קֶב] n.[m.] term. techn. of jeweler’s work, prob. some hole or cavity,—only pl.sf. Ez 28:13
H5345	strongs_he	a bezel (for a gem)
H5346	bdb	pass
H5346	strongs_he	Nekeb, a place in Palestine
H5347	bdb	female
H5347	strongs_he	female (from the sexual form)
H5348	bdb	speckled
H5348	strongs_he	spotted
H5349	bdb	sheep-raiser; -dealer; -tender
H5349	strongs_he	a spotter (of sheep or cattle), i.e. the owner or tender (who thus marks them)
H5350	bdb	what is crumbled; easily crumbles; crumb
H5350	strongs_he	a crumb (as broken to spots); also a biscuit (as pricked)
H5351	bdb	point; drop
H5351	strongs_he	a boss
H5352	bdb	be empty, clean; be cleaned out, be clean, free from guilt, innocent, be free, exempt from punishment, free, exempt from obligation; be cleaned out; be clean, free from guilt, innocent; be free, exempt from punishment; free, exempt from obligation; hold innocent, acquit, leave unpunished; hold innocent, acquit; leave unpunished
H5352	strongs_he	to be (or make) clean (literally or figuratively); by implication (in an adverse sense) to be bare, i.e. extirpated
H5353	bdb	נְקוֹדָא n.pr.m. head of a family of Nethinim
H5353	strongs_he	Nekoda, a Temple-servant
H5354	bdb	feel a loathing; I felt a loathing at; ye shall feel loathing against your faces
H5354	strongs_he	to loathe
H5355	bdb	clean; free from; exempt; innocent
H5355	strongs_he	innocent
H5356	bdb	innocency; freedom from guilt, innocency; freedom from punishment; cleanness of teeth; bluntness
H5356	strongs_he	clearness (literally or figuratively)
H5357	bdb	cleft
H5357	strongs_he	a cleft
H5358	bdb	avenge, take vengeance; avenge, take vengeance, entertain revengeful feelings; avenge, take vengeance; entertain revengeful feelings; avenge oneself, suffer vengeance; avenge oneself; suffer vengeance; avenge; be avenged, vengeance be taken; avenge oneself
H5358	strongs_he	to grudge, i.e. avenge or punish
H5359	bdb	vengeance
H5359	strongs_he	revenge
H5360	bdb	vengeance
H5360	strongs_he	avengement, whether the act or the passion
H5361	bdb	be; severed; alienated; estranged
H5361	strongs_he	to feel aversion
H5362	bdb	go around; let feasts go around; go around, surround, encompass, make the round, complete the circuit, make round, round off; go around, surround, encompass; make the round, complete the circuit; make round, round off; strike off; struck away; after my skin, which they have struck off
H5362	strongs_he	to strike with more or less violence (beat, fell, corrode); by implication (of attack) to knock together, i.e. surround or circulate
H5363	bdb	striking off
H5363	strongs_he	a threshing (of olives)
H5364	bdb	encircling rope
H5364	strongs_he	probably a rope (as encircling)
H5365	bdb	bore, pick, dig; boring, picking out; boring out; ye were digged
H5365	strongs_he	to bore (penetrate, quarry)
H5366	bdb	hole; crevice
H5366	strongs_he	a fissure
H5367	bdb	knock, strike, hit, strike, bring down; striketh down; thou be thrust, after them; strike, take aim; art, striking at my life
H5367	strongs_he	to entrap (with a noose), literally or figuratively
H5368	bdb	knock
H5368	strongs_he	to knock
H5369	bdb	נֵר n.pr.m. father of Abner father of Kish
H5369	strongs_he	Ner, an Israelite
H5370	bdb	נֵרְגָּ֑ל n.pr.div. worshipped by men of Cuth 2 K 17:30
H5370	strongs_he	Nergal, a Cuthite deity
H5371	bdb	נֵרְגַּל שַׂרְאֶ֫צֶר n.pr.m. chief soothsayer in train of Nebuchad.
H5371	strongs_he	Nergal-Sharetser, the name of two Babylonians
H5372	bdb	murmur, whisper; murmur, murmurers, and they murmured; murmurers; and they murmured; whisper, backbite, slander, backbiter; backbiter
H5372	strongs_he	a slanderer
H5373	bdb	nard
H5373	strongs_he	nard, an aromatic
H5374	bdb	נֵרִיָהוּ, נֵרִיָּה n.pr.m. father of Baruch = father of Seraiah
H5374	strongs_he	Nerijah, an Israelite
H5375	bdb	lift, carry, take; lift, lift up, Bear, carry, Take, take away; lift, lift up; Bear, carry; Take, take away; be lifted up, lift oneself up, rise up, be borne, carried, be taken away, carried off; be lifted up; lift oneself up, rise up; be borne, carried; be taken away, carried off; lift up, carry, bear continuously, take, take away; lift up; carry, bear continuously; take, take away; lift oneself up; cause one to bear, cause to bring, have brought; cause one to bear; cause to bring, have brought
H5375	strongs_he	to lift, in a great variety of applications, literal and figurative, absolute and relative
H5376	bdb	lift, take, carry; carry away; make a rising, an insurrection
H5376	strongs_he	carry away, make insurrection, take.
H5377	bdb	beguile, deceive; have been beguiled; beguile
H5377	strongs_he	to lead astray, i.e. (mentally) to delude, or (morally) to seduce
H5378	bdb	lend on interest, usury, be a creditor; a creditor; an enemy shall not act the creditor against him, make exactions of him
H5378	strongs_he	to lend on interest; by implication, to dun for debt
H5379	bdb	lift, carry, take; lift, lift up, Bear, carry, Take, take away; lift, lift up; Bear, carry; Take, take away; be lifted up, lift oneself up, rise up, be borne, carried, be taken away, carried off; be lifted up; lift oneself up, rise up; be borne, carried; be taken away, carried off; lift up, carry, bear continuously, take, take away; lift up; carry, bear continuously; take, take away; lift oneself up; cause one to bear, cause to bring, have brought; cause one to bear; cause to bring, have brought
H5379	strongs_he	something taken, i.e. a present
H5380	bdb	blow; the breath of, has blown upon it; he causes, to blow
H5380	strongs_he	to blow; by implication, to disperse
H5381	bdb	reach, overtake; overtake, reach, attain, cause to reach, bring, put, one’s hand has reached; overtake; reach, attain, cause to reach, bring, put; reach, attain; cause to reach, bring, put; one’s hand has reached
H5381	strongs_he	to reach (literally or figuratively)
H5382	bdb	forget; I will forget you finally; thou shalt not be forgotten of me; God hath made me forget; God caused her, to forget
H5382	strongs_he	to forget; figuratively, to neglect; causatively, to remit, remove
H5383	bdb	lend, become a creditor; lend; who lendeth to
H5383	strongs_he	to lend or (by reciprocity) borrow on security or interest
H5384	bdb	a vein; nerve; in the thigh
H5384	strongs_he	rheumatic or crippled (from the incident to Jacob)
H5385	bdb	what is borne about
H5385	strongs_he	something borne, i.e. a load
H5386	bdb	debt
H5386	strongs_he	a debt
H5387	bdb	rising mist; vapour; one lifted up; a chief prince
H5387	strongs_he	properly, an exalted one, i.e. a king or sheik; also a rising mist
H5388	bdb	forgetfulness; oblivion
H5388	strongs_he	oblivion
H5389	bdb	wives
H5389	strongs_he	women.
H5390	bdb	kiss
H5390	strongs_he	a kiss
H5391	bdb	bite; bite; and they shall bite you fatally; pay, give interest; one giveth interest; make, give interest
H5391	strongs_he	to strike with a sting (as a serpent); figuratively, to oppress with interest on a loan
H5392	bdb	interest; usury; something bitten off
H5392	strongs_he	interest on a debt
H5393	bdb	chamber
H5393	strongs_he	a cell
H5394	bdb	slip, drop off, draw off, clear away; slip, drop off, draw off, clear away; slip, drop off; draw off; clear away; he cleared, entirely
H5394	strongs_he	to pluck off, i.e. divest, eject or drop
H5395	bdb	pant; pant
H5395	strongs_he	properly, to blow away, i.e. destroy
H5396	bdb	breath
H5396	strongs_he	vital breath
H5397	bdb	breath
H5397	strongs_he	a puff, i.e. wind, angry or vital breath, divine inspiration, intellect. or (concretely) an animal
H5398	bdb	blow
H5398	strongs_he	to breeze, i.e. blow up fresh (as the wind)
H5399	bdb	twilight, twilight-breeze; evening twilight; morning twilight
H5399	strongs_he	properly, a breeze, i.e. (by implication) dusk (when the evening breeze prevails)
H5400	bdb	kindle, burn; a fire was kindled against Jacob; make a fire, burn
H5400	strongs_he	to catch fire
H5401	bdb	handle; be equiped with; kiss; kiss; kiss; gently touching
H5401	strongs_he	to kiss, literally or figuratively (touch); also (as a mode of attachment), to equip with weapons
H5402	bdb	equipment; weapons; armoury
H5402	strongs_he	military equipment, i.e. (collectively) arms (offensive or defensive), or (concretely) an arsenal
H5403	bdb	griffon-vulture; eagle
H5403	strongs_he	an eagle
H5404	bdb	griffon-vulture; eagle
H5404	strongs_he	the eagle (or other large bird of prey)
H5405	bdb	be dry, parched; their might is dry; and water shall be dried up from the sea
H5405	strongs_he	properly, to eliminate, i.e. (intransitively) to dry up
H5406	bdb	letter
H5406	strongs_he	an epistle
H5407	bdb	letter
H5407	strongs_he	letter.
H5408	bdb	cut up; cut in pieces; divide by joints
H5408	strongs_he	to dismember
H5409	bdb	piece
H5409	strongs_he	a fragment
H5410	bdb	path; pathway; path
H5410	strongs_he	a (beaten) track
H5411	bdb	Nethinim; those given
H5411	strongs_he	the Nethinim, or Temple-servants (as given to that duty)
H5412	bdb	Nᵉthinîn
H5412	strongs_he	Nethinims.
H5413	bdb	pour forth, be poured out; pour forth; be poured; thy servants have poured out the money; so shall ye be melted
H5413	strongs_he	to flow forth (literally or figuratively); by implication, to liquify
H5414	bdb	give, put, set; give, Put, set, Make, constitute; give; Put, set; Make, constitute; be given, Be put, set; be given; Be put, set; be given, bestowed, be given, be put; be given, bestowed, be given; be given, bestowed; be given; be put
H5414	strongs_he	to give, used with greatest latitude of application (put, make, etc.)
H5415	bdb	give
H5415	strongs_he	give
H5416	bdb	נָתָן 42 n.pr.m. a son of David the prophet of David’s time father of one of David’s heroes father of officers of Solomon name in Judah companion of Ezra from Babylon one of those who took strange wives head of a family
H5416	strongs_he	Nathan, the name of five Israelites
H5417	bdb	נְתַנְאֵל n.pr.m. a chief of Issachar 4th son of Jesse name of priests priest’s son (who had strange wife) Levite name a prince of Jehoshaphat
H5417	strongs_he	Nethanel, the name of ten Israelites
H5418	bdb	נְתַנְיָ֫הוּ, נְתַנְיָה n.pr.m. father of Jehudi father of Ishmael Gedaliah’s murderer Levite name
H5418	strongs_he	Nethanjah, the name of four Israelites
H5419	bdb	נְתַן־מֶ֫לֶךְ n.pr.m. an official of Judah, Josiah’s time 2 K 23:11
H5419	strongs_he	Nethan-Melek, an Israelite
H5420	bdb	tear; break down
H5420	strongs_he	to tear up
H5421	bdb	break; break down; out
H5421	strongs_he	to tear out
H5422	bdb	pull down, break down; pull down; pull down; be pulled, broken, down; tear down; be torn down; be broken down, broken
H5422	strongs_he	to tear down
H5423	bdb	pull, draw, tear away, apart, off; draw away, draw, pull off, pull, tear away; draw away; draw, pull off; pull, tear away; be drawn away, be torn apart, in two, snapped, be separated; be drawn away; be torn apart, in two, snapped; be separated; tear apart, snap, tear out, up; tear apart, snap; tear out, up; draw away, drag them away; draw away; drag them away; they were drawn away from the city
H5423	strongs_he	to tear off
H5424	bdb	scab; a tearing off
H5424	strongs_he	scurf
H5425	bdb	be free, loose; unfasten, loosen; set free, unbind; spring, start up; yea, it, starts up from its place; to leap with them, upon the earth; and made nations start up
H5425	strongs_he	to jump, i.e. be violently agitated; causatively, to terrify, shake off, untie
H5426	bdb	strip off
H5426	strongs_he	shake off.
H5427	bdb	natron; carbonate of soda
H5427	strongs_he	mineral potash (so called from effervescing with acid)
H5428	bdb	pull, pluck up, root out; pull, pluck up; it shall, be rooted up; and she was rooted up
H5428	strongs_he	to tear away
H5429	bdb	sᵉ’āh
H5429	strongs_he	a seah, or certain measure (as determinative) for grain
H5430	bdb	sandal; boot of soldier
H5430	strongs_he	perhaps a military boot (as a protection from mud)
H5431	bdb	tread; tramp
H5431	strongs_he	to shoe, i.e. (active participle) a soldier shod
H5432	bdb	by driving her; away
H5432	strongs_he	measurement, i.e. moderation
H5433	bdb	drunkards; wine-bibbers; imbibe; drink largely
H5433	strongs_he	to quaff to satiety, i.e. become tipsy
H5434	bdb	סְבָא n.pr.m. 1st son of Cush, poet. and late
H5434	strongs_he	Seba, a son of Cush, and the country settled by him
H5435	bdb	drink; liquor
H5435	strongs_he	potation, concretely (wine), or abstractly (carousal)
H5436	bdb	Sᵉbā’im
H5436	strongs_he	a Sebaite, or inhabitant of Seba
H5437	bdb	turn about, go around, surround; turn, march, walk, around, go partly round, circle, skirt, make a round, circuit, go about to, surround, encompass; turn; march, walk, around, go partly round, circle, skirt, make a round, circuit, go about to, surround, encompass; march, walk, around; go partly round, circle, skirt; make a round, circuit, go about to; surround, encompass; turn oneself, close round, turn round, turn round, be turned over; turn oneself, close round, turn round, turn round; turn oneself, close round; turn round; turn round; be turned over; to change, transform, the aspect of the matter; encompass, come about, assemble round, march, go about, enclose, envelop; encompass; come about, assemble round; march, go about; enclose, envelop; turn, cause to turn, bring over, turn into, bring round, cause to go around, surround, encompass; turn, cause to turn, bring over, turn into, bring round; turn, cause to turn; bring over; turn into; bring round; cause to go around, surround, encompass; cause to go around; surround; encompass; be turned, surrounded, set; be turned; surrounded, set
H5437	strongs_he	to revolve, surround, or border; used in various applications, literally and figuratively
H5438	bdb	turn of affairs
H5438	strongs_he	a (providential) turn (of affairs)
H5439	bdb	circuit; round about
H5439	strongs_he	(as noun) a circle, neighbour, or environs; but chiefly (as adverb, with or without preposition) around
H5440	bdb	interweave; interwoven, thorns; are interwoven
H5440	strongs_he	to entwine
H5441	bdb	in the thicket of trees
H5441	strongs_he	a copse
H5442	bdb	thicket
H5442	strongs_he	a copse
H5443	bdb	trigon
H5443	strongs_he	a lyre
H5444	bdb	סִבְּכַי n.pr.m. a captain of David
H5444	strongs_he	Sibbecai, an Israelite
H5445	bdb	bear a heavy load; bear; laden; drag oneself along
H5445	strongs_he	to carry (literally or figuratively), or (reflexively) be burdensome; specifically, to be gravid
H5446	bdb	bear; carry
H5446	strongs_he	to erect
H5447	bdb	load; burden
H5447	strongs_he	a load (literally or figuratively)
H5448	bdb	burden
H5448	strongs_he	load (figuratively)
H5449	bdb	burden-bearer
H5449	strongs_he	a porter
H5450	bdb	burden
H5450	strongs_he	porterage
H5451	bdb	ear of wheat
H5451	strongs_he	an ear of grain
H5452	bdb	think; intend
H5452	strongs_he	to bear in mind, i.e. hope
H5453	bdb	סִבְרַ֫יִם n.pr.loc. city between the border of Damascus and that of Hamath Ez 47:16
H5453	strongs_he	Sibrajim, a place in Syria
H5454	bdb	סַבְתָּה, סַבְתָּא n.pr.gent. 3rd ‘son’ of Cush
H5454	strongs_he	Sabta or Sabtah, the name of a son of Cush, and the country occupied by his posterity
H5455	bdb	סַבְתְּכָא n.pr.gent. 5th ‘son’ of Cush
H5455	strongs_he	Sabteca, the name of a son of Cush, and the region settled by him
H5456	bdb	prostrate oneself
H5456	strongs_he	to prostrate oneself (in homage)
H5457	bdb	do homage
H5457	strongs_he	worship.
H5458	bdb	enclosure; encasement
H5458	strongs_he	properly, shut up, i.e. the breast (as enclosing the heart); also gold (as generally shut up safely)
H5459	bdb	possession; property
H5459	strongs_he	wealth (as closely shut up)
H5460	bdb	prefect
H5460	strongs_he	governor.
H5461	bdb	prefect; ruler
H5461	strongs_he	a præfect of a province
H5462	bdb	shut, close; shut, close, close up, closed up, closely joined, shut up, prized, rare, fine; shut; close, close up; close; close up; closed up, closely joined; shut up, prized, rare, fine; be shut up, be shut, closed; be shut up; be shut, closed; deliver up; deliver up, shut up; deliver up; shut up
H5462	strongs_he	to shut up; figuratively, to surrender
H5463	bdb	shut
H5463	strongs_he	shut up.
H5464	bdb	steady; persistent rain
H5464	strongs_he	a pouring rain
H5465	bdb	stocks
H5465	strongs_he	the stocks
H5466	bdb	linen wrapper
H5466	strongs_he	a wrapper, i.e. shirt
H5467	bdb	Sodom
H5467	strongs_he	Sedom, a place near the Dead Sea
H5468	bdb	arrangement; order
H5468	strongs_he	order
H5469	bdb	roundness
H5469	strongs_he	roundness
H5470	bdb	roundness
H5470	strongs_he	a dungeon (as surrounded by walls)
H5471	bdb	סוֹא n.pr.m. 2 K 17:4, with whom Hoshea had intrigue
H5471	strongs_he	So, an Egyptian king
H5472	bdb	move away, backslide; backslide, prove recreant to; turn oneself away, turn back, be turned, driven back, be repulsed; turn oneself away, turn back; be turned, driven back, be repulsed; displacing, moving back, remove, carry away; displacing, moving back; remove, carry away; and justice is driven back
H5472	strongs_he	properly, to flinch, i.e. (by implication) to go back, literally (to retreat) or figuratively (to apostatize)
H5473	bdb	fence about; thy body a heap of wheat fenced about with lilies; thou dost fence it carefully about
H5473	strongs_he	to hem in, i.e. bind
H5474	bdb	cage; prison
H5474	strongs_he	an inclosure, i.e. cage (for an animal)
H5475	bdb	council; counsel
H5475	strongs_he	a session, i.e. company of persons (in close deliberation); by implication, intimacy, consultation, a secret
H5476	bdb	סוֹדִי n.pr.m. a Zebulunite Nu 13:10
H5476	strongs_he	Sodi, an Israelite
H5477	bdb	סוּחַ n.pr.m. an Asherite 1 Ch 7:36
H5477	strongs_he	Suach, an Israelite
H5478	bdb	offal
H5478	strongs_he	something swept away, i.e. filth
H5479	bdb	סוֹטַי, סֹטַי n.pr.m. among returned captives
H5479	strongs_he	Sotai, one of the Nethinim
H5480	bdb	pour, anoint, anoint; anoint, anoint oneself, anoint, be poured; anoint oneself; anoint; be poured
H5480	strongs_he	properly, to smear over (with oil), i.e. anoint
H5481	bdb	bag-pipe; double pipe; Pan’s pipe
H5481	strongs_he	a bagpipe (with a double pipe)
H5482	bdb	Syene
H5482	strongs_he	Seven, a place in Upper Egypt
H5483	bdb	horse; swallow; swift
H5483	strongs_he	a horse (as leaping); also a swallow (from its rapid flight)
H5484	bdb	mare
H5484	strongs_he	a mare
H5485	bdb	סוּסִי n.pr.m.;—a Manassite Nu 13:11
H5485	strongs_he	Susi, an Israelite
H5486	bdb	come to an end, cease; come to an end; make an end of
H5486	strongs_he	to snatch away, i.e. terminate
H5487	bdb	be fulfilled, ended; put an end to
H5487	strongs_he	to come to an end
H5488	bdb	reeds, rushes; rushes; Red Sea
H5488	strongs_he	a reed, especially the papyrus
H5489	bdb	סוּף n.pr.loc. named in defining loc. of Deut. law-giving Dt 1:1
H5489	strongs_he	the Reed (Sea)
H5490	bdb	end
H5490	strongs_he	a termination
H5491	bdb	end
H5491	strongs_he	end.
H5492	bdb	סוּפָה n.pr.loc. E. of Jordan;—only in ancient poet. fragment Nu 21:14; SE. oasis of Dead Sea; storm-wind; makes an end
H5492	strongs_he	a hurricane
H5493	bdb	turn aside; turn aside, depart, be removed, come to an end; turn aside; depart; be removed; come to an end; he turned aside my ways; cause to, depart, remove, take away; cause to, depart, remove, take away; be taken away, removed
H5493	strongs_he	to turn off (literally or figuratively)
H5494	bdb	turn aside; turn aside, depart, be removed, come to an end; turn aside; depart; be removed; come to an end; he turned aside my ways; cause to, depart, remove, take away; cause to, depart, remove, take away; be taken away, removed
H5494	strongs_he	turned off, i.e. deteriorated
H5495	bdb	סוּר n.pr. of a temple-gate;—2 K 11:6
H5495	strongs_he	Sur, a gate of the temple
H5496	bdb	incite; allure; instigate
H5496	strongs_he	properly, to prick, i.e. (figuratively) stimulate; by implication, to seduce
H5497	bdb	vesture
H5497	strongs_he	covering, i.e. clothing
H5498	bdb	drag
H5498	strongs_he	to trail along
H5499	bdb	rag; clout
H5499	strongs_he	a rag
H5500	bdb	scrape; scrape clean; scour
H5500	strongs_he	to sweep away
H5501	bdb	offscouring
H5501	strongs_he	refuse (as swept off)
H5502	bdb	prostrate; a prostrating rain; why are thy mighty ones, why is thy bull, prostrated?
H5502	strongs_he	to scrape off
H5503	bdb	go around, about, travel about in; go about, to and fro, a trafficker, trader, goes about; go about, to and fro; a trafficker, trader, goes about; my heart palpitates
H5503	strongs_he	to travel round (specifically as a pedlar); intensively, to palpitate
H5504	bdb	traffic; gain
H5504	strongs_he	profit (from trade)
H5505	bdb	traffic; gain
H5505	strongs_he	an emporium; abstractly, profit (from trade)
H5506	bdb	merchandise
H5506	strongs_he	traffic
H5507	bdb	buckler
H5507	strongs_he	something surrounding the person, i.e. a shield
H5508	bdb	[סֹחֶ֫רֶת] n.f. a stone used (with marble) in paving;—Est 1:6.
H5508	strongs_he	probably a (black) tile (or tessara) for laying borders with
H5509	bdb	a moving back; away; dross
H5509	strongs_he	scoria
H5510	bdb	Sîwān
H5510	strongs_he	Sivan, the third Hebrew month
H5511	bdb	Sihon
H5511	strongs_he	Sichon, an Amoritish king
H5512	bdb	סִין n.pr.loc. wilderness between Elim and Sinai; Sin; Pelusium; clay
H5512	strongs_he	Sin the name of an Egyptian town and (probably) desert adjoining
H5513	bdb	סִינִי adj.gent. a Canaanite people, in north
H5513	strongs_he	a Sinite, or descendant of one of the sons of Canaan
H5514	bdb	Sinai
H5514	strongs_he	Sinai, mountain of Arabia
H5515	bdb	סִינִים adj. gent. pl. = subst. Is 49:12
H5515	strongs_he	Sinim, a distant Oriental region
H5516	bdb	סִיסְרָא 21 n.pr.m. general of Jabin, king of Hazor returned exiles
H5516	strongs_he	Sisera, the name of a Canaanitish king and of one of the Nethinim
H5517	bdb	סִיעָא, סִיעֲהָא n.pr.m. returned exiles
H5517	strongs_he	Sia or Siaha, one of the Nethinim
H5518	bdb	thorn; hook; pot
H5518	strongs_he	a pot; also a thorn (as springing up rapidly); by implication, a hook
H5519	bdb	throng; an interwoven mass
H5519	strongs_he	properly, a thicket of men, i.e. a crowd
H5520	bdb	thicket; covert; lair
H5520	strongs_he	a hut (as of entwined boughs); also a lair
H5521	bdb	thicket; booth
H5521	strongs_he	a hut or lair
H5522	bdb	סִכּוּת n.pr.div. Am 5:26 = As. Sakkut (epithet of Adar-Ninip = Saturn)
H5522	strongs_he	an (idolatrous) booth
H5523	bdb	booths
H5523	strongs_he	Succoth, the name of a place in Egypt and of three in Palestine
H5524	bdb	סֻכּוֹת בְּנוֹת n.pr.div. 2 K 17:30, As.-Bab. deity, worshipped by Babylonians in Samaria
H5524	strongs_he	booths of (the) daughters; brothels, i.e. idoalatrous tents for impure purpose
H5525	bdb	סֻכִּיִּים n.pr.m.pl. a people in army of Shishak acc. to 2 Ch 12:3
H5525	strongs_he	a Sukkite, or inhabitant of some place near Egypt (i.e. hut-dwellers)
H5526	bdb	hedge; fence about; shut in; weave together; overshadow, screen, cover; screen, cover, cover oneself; screen, cover; cover oneself; screen, cover; protector; weave; cover; lay over
H5526	strongs_he	properly, to entwine as a screen; by implication, to fence in, cover over, (figuratively) protect
H5527	bdb	סְכָכָה n.pr.loc. in wilderness of Judah Jos 15:61
H5527	strongs_he	Secacah, a place in Palestine
H5528	bdb	be foolish, a fool; make foolish, turn into foolishness; act, do foolishly; do foolishly, play the fool
H5528	strongs_he	to be silly
H5529	bdb	folly
H5529	strongs_he	silliness; concretely and collectively, dolts
H5530	bdb	fool
H5530	strongs_he	silly
H5531	bdb	folly
H5531	strongs_he	silliness
H5532	bdb	be of use, service, benefit; be of use, service, benefit, profit; be of use, service; benefit, profit; be used, wont, exhibit use, habit
H5532	strongs_he	to be familiar with; by implication, to minister to, be serviceable to, to cherish, be customary
H5533	bdb	be poor; incur danger
H5533	strongs_he	properly, to cut, i.e. damage; also to grow (causatively, make) poor
H5534	bdb	shut up, stop up; the mouth, shall be stopped; and I will shut up, Egypt into the hand of
H5534	strongs_he	to shut up; by implication, to surrender
H5535	bdb	be silent; shew silence
H5535	strongs_he	by implication, to observe quietly
H5536	bdb	basket
H5536	strongs_he	properly, a willow twig (as pendulous), i.e. an osier; but only as woven into a basket
H5537	bdb	weigh
H5537	strongs_he	to suspend in a balance, i.e. weigh
H5538	bdb	סִלָּא word in (unintelligible) design. loc. 2 K 12:21
H5538	strongs_he	Silla, a place in Jerusalem
H5539	bdb	spring
H5539	strongs_he	probably to leap (with joy), i.e. exult
H5540	bdb	סֶ֫לֶד n.pr.m. in Judah
H5540	strongs_he	Seled, an Israelite
H5541	bdb	weigh; balance; make light of, toss aside; thou dost make light of; hath flouted at
H5541	strongs_he	to hang up, i.e. weigh, or (figuratively) contemn
H5542	bdb	lift up; exalt
H5542	strongs_he	suspension (of music), i.e. pause
H5543	bdb	גַּבַּי סַלָּ֑י appar. n.pr.m. a Benjamite Ne 11:8; but text dub.; סַלּוּ n.pr.m. a priest, Zerub.'s time, acc. to Ne 12:7; סַלּוּא n.pr.m. a post-exil. Benjamite 1 Ch 9:7; סׇלוּא n.pr.m. a Simeonite Nu 25:14; סַלַּי n.pr.m. = סַלּוּ q.v. a Benjamite
H5543	strongs_he	Sallu or Sallai, the name of two Israelites
H5544	bdb	brier
H5544	strongs_he	a prickle (as if pendulous)
H5545	bdb	forgive, pardon; forgive, pardon; it shall be forgiven him
H5545	strongs_he	to forgive
H5546	bdb	ready to forgive; forgiving
H5546	strongs_he	placable
H5547	bdb	forgiveness
H5547	strongs_he	pardon
H5548	bdb	סַלְכָה n.pr.loc. city on E. border of Bashan
H5548	strongs_he	Salcah, a place East of the Jordan
H5549	bdb	lift up, cast up; cast up a highway, cast up a way, lift up; cast up a highway; cast up a way; lift up; exalt her; exalt oneself
H5549	strongs_he	to mound up (especially a turnpike); figurative, to exalt; reflexively, to oppose (as by a dam)
H5550	bdb	mound
H5550	strongs_he	a military mound, i.e. rampart of besiegers
H5551	bdb	ladder
H5551	strongs_he	a stair-case
H5552	bdb	basket
H5552	strongs_he	a twig (as pendulous)
H5553	bdb	crag; cliff
H5553	strongs_he	a craggy rock, literally or figuratively (a fortress)
H5554	bdb	סֶ֫לַע n.pr.loc. in Edom
H5554	strongs_he	Sela, the rock-city of Idumaea
H5555	bdb	smoothness
H5555	strongs_he	Sela-ham-Machlekoth, a place in Palestine
H5556	bdb	locust
H5556	strongs_he	a kind of locust (from its destructiveness)
H5557	bdb	twist, pervert, overturn; pervert, subvert, turn upside down, ruin; pervert; subvert, turn upside down, ruin
H5557	strongs_he	properly, to wrench, i.e. (figuratively) to subvert
H5558	bdb	crookedness; crooked dealing
H5558	strongs_he	distortion, i.e. (figuratively) viciousness
H5559	bdb	come up; come up; lift, take up; be taken up
H5559	strongs_he	to ascend
H5560	bdb	fine flour
H5560	strongs_he	flour (as chipped off)
H5561	bdb	spice
H5561	strongs_he	an aroma
H5562	bdb	סַמְגַּר נְבוֹ n.pr.m. an officer of Nebuchad. acc. to MT Je 39:3
H5562	strongs_he	Samgar-Nebo, a Babylonian general
H5563	bdb	blossom
H5563	strongs_he	a vine blossom; used also adverbially, abloom
H5564	bdb	lean, lay, rest, support; lean, lay, hath rested, support, uphold, sustain; lean, lay, hath rested; lean, lay; hath rested; support, uphold, sustain; support, brace oneself; sustain, me with raisin-cakes
H5564	strongs_he	to prop (literally or figuratively); reflexively, to lean upon or take hold of (in a favorable or unfavorable sense)
H5565	bdb	hath sustained
H5565	strongs_he	Semakjah, an Israelite
H5566	bdb	image; statue
H5566	strongs_he	a likeness
H5567	bdb	in an appointed place; a determined portion
H5567	strongs_he	to designate
H5568	bdb	bristle up; from fear of thee did my flesh bristle up
H5568	strongs_he	to be erect, i.e. bristle as hair
H5569	bdb	bristling; rough
H5569	strongs_he	bristling, i.e. shaggy
H5570	bdb	sons of hated; woman
H5570	strongs_he	Senaah, a place in Palestine
H5571	bdb	סַנְבַּלַּט n.pr.m. leader of Samaritan opponents of Nehemiah
H5571	strongs_he	Sanballat, a Persian satrap of Samaria
H5572	bdb	blackberry bush
H5572	strongs_he	a bramble
H5573	bdb	thorny
H5573	strongs_he	Seneh, a crag in Palestine
H5574	bdb	סְנוּאָה n.pr.m.
H5574	strongs_he	pointed; (used with the article as a proper name) Senuah, the name of two Israelites
H5575	bdb	sudden blindness
H5575	strongs_he	(in plural) blindness
H5576	bdb	Sennacherib; Sin-aḩê-irba; Sin multiplied brothers
H5576	strongs_he	Sancherib, an Assyrian king
H5577	bdb	fruit-stalk
H5577	strongs_he	a twig (as tapering)
H5578	bdb	סַנְסַנָּה n.pr.loc. in S. Judah
H5578	strongs_he	Sansannah, a place in Palestine
H5579	bdb	fin
H5579	strongs_he	a fin (collectively)
H5580	bdb	moth
H5580	strongs_he	a moth (from the agility of the fly)
H5581	bdb	סִסְמַי n.pr.m. name in Judah
H5581	strongs_he	Sismai, an Israelite
H5582	bdb	support; sustain; stay
H5582	strongs_he	to support (mostly figurative)
H5583	bdb	support; sustain
H5583	strongs_he	to aid
H5584	bdb	rush
H5584	strongs_he	to rush
H5585	bdb	cleft; branch
H5585	strongs_he	a fissure (of rocks); also a bough (as subdivided)
H5586	bdb	lop off boughs
H5586	strongs_he	to disbranch (a tree)
H5587	bdb	division; divided opinion; disquietings; disquieting; excited thoughts
H5587	strongs_he	divided (in mind), i.e. (abstractly) a sentiment
H5588	bdb	divided; half-hearted
H5588	strongs_he	divided (in mind), i.e. (concretely) a skeptic
H5589	bdb	bough; branch
H5589	strongs_he	a twig or branch
H5590	bdb	storm, rage; they, storm along; was enraged; and storm them away, upon; like chaff, is storm-driven
H5590	strongs_he	to rush upon; by implication, to toss (transitive or intransitive, literal or figurative)
H5591	bdb	tempest; tempest; storm-wind
H5591	strongs_he	a hurricane
H5592	bdb	threshhold; sill; basin; goblet
H5592	strongs_he	a vestibule (as a limit); also a dish (for holding blood or wine)
H5593	bdb	סַף, סִפַּי n.pr.m. a Philistine
H5593	strongs_he	Saph, a Philistine
H5594	bdb	wail, lament; wail, lament; they shall not be bewailed
H5594	strongs_he	properly, to tear the hair and beat the breasts (as Orientals do in grief); generally to lament; by implication, to wail
H5595	bdb	sweep, snatch away, catch up; be snatched away, sweep away; be snatched away; sweep away; be swept away, destroyed, be caught up, captured; be swept away, destroyed; be caught up, captured; I will catch up against them calamities
H5595	strongs_he	properly, to scrape (literally, to shave; but usually figuratively) together (i.e. to accumulate or increase) or away (i.e. to scatter, remove, or ruin; intransitively, to perish)
H5596	bdb	join, attach to; attach me, pray, to; and they shall attach themselves to; joining, thy fury; are joined together, hold themselves together; from joining myself; cause a scab upon; smite with scab
H5596	strongs_he	properly, to scrape out, but in certain peculiar senses (of removal or association)
H5597	bdb	eruption; scab
H5597	strongs_he	the mange (as making the hair fall off)
H5598	bdb	סַף, סִפַּי n.pr.m. a Philistine
H5598	strongs_he	Sippai, a Philistine
H5599	bdb	growth from spilled kernels; outpouring
H5599	strongs_he	something (spontaneously) falling off, i.e. a self-sown crop; figuratively, a freshet
H5600	bdb	vessel; ship; covered in; overlaid
H5600	strongs_he	a (sea-going) vessel (as ceiled with a deck)
H5601	bdb	sapphire; lapis lazuli
H5601	strongs_he	a gem (perhaps used for scratching other substances), probably the sapphire
H5602	bdb	bowl
H5602	strongs_he	a basin (as deepened out)
H5603	bdb	cover; cover in; panel
H5603	strongs_he	to hide by covering; specifically, to roof (passive participle as noun, a roof) or wainscot; figuratively, to reserve
H5604	bdb	ceiling
H5604	strongs_he	a wainscot
H5605	bdb	stand at; guard; threshold
H5605	strongs_he	to wait at the threshold
H5606	bdb	slap, clap; slap, slap, chastise, splash; slap; slap, chastise; splash; and into the hands of foreigners they clap, cause to clap; suffice
H5606	strongs_he	to clap the hands (in token of compact, derision, grief, indignation, or punishment); by implication of satisfaction, to be enough; by implication of excess, to vomit
H5607	bdb	sufficiency; plenty; hand-clapping; mockery
H5607	strongs_he	chastisement; also satiety
H5608	bdb	count, recount, relate; count, number, take account of, reckon; count; number, take account of, reckon; be counted, numbered; recount, rehearse, declare; be recounted, related, rehearsed; enumerator; muster-officer; secretary; scribe
H5608	strongs_he	properly, to score with a mark as a tally or record, i.e. (by implication) to inscribe, and also to enumerate; intensively, to recount, i.e. celebrate
H5609	bdb	book
H5609	strongs_he	a book
H5610	bdb	enumeration; census
H5610	strongs_he	a census
H5611	bdb	[סְפָר] n.pr.loc. in S. Arabia;—only Gn 10:30
H5611	strongs_he	Sephar, a place in Arabia
H5612	bdb	missive, document, writing, book; missive; legal document; book, scroll; book
H5612	strongs_he	properly, writing (the art or a document); by implication, a book
H5613	bdb	secretary; scribe
H5613	strongs_he	a scribe (secular or sacred)
H5614	bdb	[סְפָרֵד ?], סְפָרַ֑ד n.pr.loc. Ob 20
H5614	strongs_he	Sepharad, a region of Assyria
H5615	bdb	number
H5615	strongs_he	a numeration
H5616	bdb	of Sepharvaim
H5616	strongs_he	a Sepharvite or inhabitant of Sepharvain
H5617	bdb	סְפַרְוַ֫יִם n.pr.loc. city conquered by king of Assyr.;—usu. identif. with Sippara (on a canal), between Bagdad and Babyl., a city in two parts
H5617	strongs_he	Sepharvajim or Sepharim
H5618	bdb	סֹפֶ֫רֶת n.pr.m. a family of returned exiles
H5618	strongs_he	Sophereth, a temple servant
H5619	bdb	stone, be put to death by stoning, free from stones; pelt with stones, stone to death; be stoned to death; stone, pelt with stones, free, from stones; stone, pelt with stones; free, from stones; be stoned to death
H5619	strongs_he	properly, to be weighty; but used only in the sense of lapidation or its contrary (as if a delapidation)
H5620	bdb	stubborn; resentful; sullen; implacable
H5620	strongs_he	peevish
H5621	bdb	rebel; briers and thorns
H5621	strongs_he	a thistle
H5622	bdb	mantle
H5622	strongs_he	a cloak
H5623	bdb	Sargon
H5623	strongs_he	Sargon, an Assyrian king
H5624	bdb	סֶ֫רֶד n.pr.m. son of Zebulun
H5624	strongs_he	Sered, an Israelite
H5625	bdb	סַרְדִּי adj.gent. of foregoing [o.cm.ab], only c. art. הַסּ׳ as n.coll., Nu 26:26.
H5625	strongs_he	a Seredite (collectively) or descendants of Sered
H5626	bdb	cistern of Sirah
H5626	strongs_he	Sirah, a cistern so-called
H5627	bdb	turning aside; defection; apostasy; withdrawal
H5627	strongs_he	apostasy, crime; figuratively, remission
H5628	bdb	go free, be unrestrained, overrun, exceed; go free, be unrestrained, overhanging, overrunning, exceeding, extended beyond limits; go free, be unrestrained; overhanging, overrunning, exceeding, extended beyond limits; is their wisdom let loose, dismissed, gone, is corrupt
H5628	strongs_he	to extend (even to excess)
H5629	bdb	excess
H5629	strongs_he	a redundancy
H5630	bdb	armour
H5630	strongs_he	a coat of mail
H5631	bdb	eunuch
H5631	strongs_he	a eunuch; by implication, valet (especially of the female apartments), and thus, a minister of state
H5632	bdb	chief; overseer
H5632	strongs_he	an emir
H5633	bdb	tyrant; lord; axle
H5633	strongs_he	an axle; figuratively, a peer
H5634	bdb	bough
H5634	strongs_he	a twig
H5635	bdb	burn; burn; be burned; his burner, one burning him, burning; it was burnt up
H5635	strongs_he	to cremate, i.e. to be (near) of kin (such being privileged to kindle the pyre)
H5636	bdb	סִרְפָּד n.[m.] a desert-plant, contrasted with myrtle: Is 55:13
H5636	strongs_he	a nettle (as stinging like a burn)
H5637	bdb	be stubborn; rebellious
H5637	strongs_he	to turn away, i.e. (morally) be refractory
H5638	bdb	winter
H5638	strongs_he	winter (as the dark season)
H5639	bdb	סְתוּר n.pr.m. a spy, from Asher;—Nu 13:13
H5639	strongs_he	Sethur, an Israelite
H5640	bdb	stop up, shut up, keep close; stop up, shut up, keep close; stop up; shut up, keep close; to be stopped up; stopping, quite up; stop up; shut out
H5640	strongs_he	to stop up; by implication, to repair; figuratively, to keep secret
H5641	bdb	hide, conceal; hide oneself, be hid, concealed; hide oneself; be hid, concealed; carefully hide, shelter; love carefully concealed; hide oneself carefully; conceal, hide
H5641	strongs_he	to hide (by covering), literally or figuratively
H5642	bdb	destroy; hide
H5642	strongs_he	to conceal; figuratively, to demolish
H5643	bdb	covering; hiding-place; secrecy; shelter; protection
H5643	strongs_he	a cover (in a good or a bad, a literal or a figurative sense)
H5644	bdb	סִתְרִי n.pr.m. a Levite;—Ex 6:22
H5644	strongs_he	Sithri, an Israelite,
H5645	bdb	dark cloud; cloud-mass; thicket
H5645	strongs_he	properly, an envelope, i.e. darkness (or density, 2 Chronicles 4:17); specifically, a (scud) cloud; also a copse
H5646	bdb	projecting roof
H5646	strongs_he	an architrave (as shading the pillars)
H5647	bdb	work, serve; labour, work, do work, work for another, serve him by labour, serve as subjects, serve, serve, with Levitical service; labour, work, do work; work for another, serve him by labour; serve as subjects; serve; serve, with Levitical service; be tilled, cultivated; be tilled; cultivated; worked; compel to labour, make to serve as subjects, cause to serve; compel to labour; make to serve as subjects; cause to serve; be led, enticed to serve
H5647	strongs_he	to work (in any sense); by implication, to serve, till, (causatively) enslave, etc.
H5648	bdb	make, do; make, do; make; do; be made into, be done, wrought; be made into; be done, wrought
H5648	strongs_he	to do, make, prepare, keep, etc.
H5649	bdb	slave; servant
H5649	strongs_he	a servant
H5650	bdb	slave, servant; slave, servant; Subjects; Servants, worshippers; Servant; servant; thy servant, I
H5650	strongs_he	a servant
H5651	bdb	servant
H5651	strongs_he	Ebed, the name of two Israelites
H5652	bdb	work
H5652	strongs_he	a deed
H5653	bdb	servant of
H5653	strongs_he	Abda, the name of two Israelites
H5654	bdb	servant of, Edom
H5654	strongs_he	Obed-Edom, the name of five Israelites
H5655	bdb	servant of Ēl
H5655	strongs_he	Abdeel, an Israelite
H5656	bdb	labour, service; labour, work; labour of servant or slave; labour, service of captives or subjects; service
H5656	strongs_he	work of any kind
H5657	bdb	service
H5657	strongs_he	something wrought, i.e. (concretely) service
H5658	bdb	עַבְדּוֹן n.pr. n.pr.m. a judge a Benjamite son of Jehiel a Gibeonite son of Micah n.pr.loc. Levitical city in Asher
H5658	strongs_he	Abdon, the name of a place in Palestine and of four Israelites
H5659	bdb	servitude; bondage
H5659	strongs_he	servitude
H5660	bdb	servant of Yah
H5660	strongs_he	Abdi, the name of two Israelites
H5661	bdb	servant of Ēl
H5661	strongs_he	Abdiel, an Israelite
H5662	bdb	servant of Yah
H5662	strongs_he	Obadjah, the name of thirteen Israelites
H5663	bdb	servant of the king
H5663	strongs_he	Ebed-Melek, a eunuch of Zedekeah
H5664	bdb	servant of; Nebo
H5664	strongs_he	Abed-Nego, the Babylonian name of one of Daniel's companions
H5665	bdb	עֲבֵד נְגוֹ n.pr.m. comrade of Daniel
H5665	strongs_he	Abed-Nego, the name of Azariah
H5666	bdb	be thick; fat; gross
H5666	strongs_he	to be dense
H5667	bdb	pledge; article pledged
H5667	strongs_he	a pawn
H5668	bdb	for the sake of; on account of; in order that
H5668	strongs_he	properly, crossed, i.e. (abstractly) transit; used only adverbially, on account of, in order that
H5669	bdb	produce; yield
H5669	strongs_he	passed, i.e. kept over; used only of stored grain
H5670	bdb	take, give a pledge; to take possession of a thing pledged; and thou shalt cause many nations to give pledges; lend on pledge, interchange
H5670	strongs_he	to pawn; causatively, to lend (on security); figuratively, to entangle
H5671	bdb	weight of pledges; heavy debts
H5671	strongs_he	something pledged, i.e. (collectively) pawned goods
H5672	bdb	thickness
H5672	strongs_he	density, i.e. depth or width
H5673	bdb	work; service
H5673	strongs_he	labor or business
H5674	bdb	pass over, through, by, pass on; pass over, Pass beyond, Pass through, traverse, pass along, pass by, sweep by, be past, over, pass along, Pass on, go on, Pass away; pass over; Pass beyond; Pass through, traverse; pass along, pass by, sweep by, be past, over, pass along; pass along; pass by; sweep by; be past, over; pass along; Pass on, go on; Pass away; a stream which cannot be forded; his bull impregnateth, cause, to cross, cause, to pass over, make over, devote, pass along, cause to pass through, let pass through, cause to pass by, let pass by, cause, to pass beyond, cause to pass, cause to pass away, take away; his bull impregnateth, cause, to cross, cause, to pass over, make over, devote, pass along; cause, to cross; cause, to pass over; make over; devote; pass along; cause to pass through, let pass through; cause to pass through; let pass through; cause to pass by, let pass by, cause, to pass beyond, cause to pass; cause to pass by; let pass by; cause, to pass beyond; cause to pass; cause to pass away, take away; cause to pass over, bring over, he made to pass across; cause to pass over, bring over; he made to pass across; be arrogant; infuriate oneself
H5674	strongs_he	to cross over; used very widely of any transition (literal or figurative; transitive, intransitive, intensive, causative); specifically, to cover (in copulation)
H5675	bdb	region across; beyond
H5675	strongs_he	beyond, this side.
H5676	bdb	region across, beyond, side; region across, beyond; side, side
H5676	strongs_he	properly, a region across; but used only adverbially (with or without a preposition) on the opposite side (especially of the Jordan; ususally meaning the east)
H5677	bdb	Eber, Hebrews
H5677	strongs_he	Eber, the name of two patriarchs and four Israelites
H5678	bdb	overflow; arrogance; fury
H5678	strongs_he	an outburst of passion
H5679	bdb	ford
H5679	strongs_he	a crossing-place
H5680	bdb	Hebrew
H5680	strongs_he	an Eberite (i.e. Hebrew) or descendant of Eber
H5681	bdb	עִבְרִי n.pr.m. Levite name, 1 Ch 24:27
H5681	strongs_he	Ibri, an Israelite
H5682	bdb	‛Abarim; regions beyond
H5682	strongs_he	Abarim, a place in Palestine
H5683	bdb	עֶבְרֹן n.pr.loc. Jos 19:28
H5683	strongs_he	Ebron, a place in Palestine
H5684	bdb	עַבְרֹנָה n.pr.loc. a station of Israelites in wilderness, on march from Ezion-geber, on gulf of Aḳaba
H5684	strongs_he	Ebronah, place in the Desert
H5685	bdb	shrivel
H5685	strongs_he	to dry up
H5686	bdb	wind; weave
H5686	strongs_he	to interlace, i.e. (figuratively) to pervert
H5687	bdb	interwoven; leafy
H5687	strongs_he	intwined, i.e. dense
H5688	bdb	twisted; cord; rope; cordage; interwoven foliage
H5688	strongs_he	something intwined, i.e. a string, wreath or foliage
H5689	bdb	have inordinate affection; lust
H5689	strongs_he	to breathe after, i.e. to love (sensually)
H5690	bdb	sensuous; love
H5690	strongs_he	love (concretely), i.e. amative words
H5691	bdb	lustfulness
H5691	strongs_he	love (abstractly), i.e. amorousness
H5692	bdb	disc; cake of bread
H5692	strongs_he	an ashcake (as round)
H5693	bdb	crane
H5693	strongs_he	probably the swallow
H5694	bdb	hoop; ring
H5694	strongs_he	something round, i.e. a ring (for the ears)
H5695	bdb	calf; rolling; circling
H5695	strongs_he	a (male) calf (as frisking round), especially one nearly grown (i.e. a steer)
H5696	bdb	round
H5696	strongs_he	circular
H5697	bdb	heifer; third Eglath
H5697	strongs_he	a (female) calf, especially one nearly grown (i.e. a heifer)
H5698	bdb	עֶגְלָה n.pr.f. wife of David;—2 S 3:5
H5698	strongs_he	Eglah, a wife of David
H5699	bdb	cart; rolling
H5699	strongs_he	something revolving, i.e. a wheeled vehicle
H5700	bdb	עֶגְלוֹן 13 n.pr. m. a king of Moab loc. site
H5700	strongs_he	Eglon, the name of a place in Palestine and of a Moabitish king
H5701	bdb	be grieved
H5701	strongs_he	to be sad
H5702	bdb	shut oneself in; off
H5702	strongs_he	to debar, i.e. from marriage
H5703	bdb	perpetuity, advancing; ancient mountains; for ever
H5703	strongs_he	properly, a (peremptory) terminus, i.e. (by implication) duration, in the sense of advance or perpetuity (substantially as a noun, either with or without a preposition)
H5704	bdb	as far as, even to, up to, until, while; until, While, to the point that, so that even; until; While; to the point that, so that even
H5704	strongs_he	as far (or long, or much) as, whether of space (even unto) or time (during, while, until) or degree (equally with)
H5705	bdb	even to; until
H5705	strongs_he	× and, at, for, (hither-) to, on till, (un-) to, until, within.
H5706	bdb	booty; prey
H5706	strongs_he	booty
H5707	bdb	witness, reiterating, emphatically affirming; witness, testimony, evidence; witness
H5707	strongs_he	concretely, a witness; abstractly, testimony; specifically, a recorder, i.e. prince
H5708	bdb	menstruation; time; period
H5708	strongs_he	the menstrual flux (as periodical); by implication (in plural) soiling
H5709	bdb	pass on, away; pass on, over, pass away; pass on, over; pass away; take away
H5709	strongs_he	alter, depart, pass (away), remove, take (away).
H5710	bdb	ornament; deck oneself; pass on, advance; hath not advanced; removing a garment
H5710	strongs_he	to advance, i.e. pass on or continue; causatively, to remove; specifically, to bedeck (i.e. bring an ornament upon)
H5711	bdb	עָדָה n.pr.f. wife, of Lamech of Esau
H5711	strongs_he	Adah, the name of two women
H5712	bdb	congregation; company assembled together by appointment; acting concertedly
H5712	strongs_he	a stated assemblage (specifically, a concourse, or generally, a family or crowd)
H5713	bdb	testimonies; testimony; witness
H5713	strongs_he	testimony
H5714	bdb	Iddo
H5714	strongs_he	Iddo (or Iddi), the name of five Israelites
H5715	bdb	testimony
H5715	strongs_he	testimony
H5716	bdb	ornaments; decked
H5716	strongs_he	finery; generally an outfit; specifically, a headstall
H5717	bdb	an ornament is Ēl
H5717	strongs_he	Adiel, the name of three Israelites
H5718	bdb	has decked himself
H5718	strongs_he	Adajah, the name of eight Israelites
H5719	bdb	voluptuous
H5719	strongs_he	voluptuous
H5720	bdb	עָדִין n.pr.m. returned exiles a chief
H5720	strongs_he	Adin, the name of two Israelites
H5721	bdb	עֲדִינָא n.pr.m. Reubenite captain, David’s time, acc. to 1 Ch 11:42
H5721	strongs_he	Adina, an Israelite
H5722	bdb	voluptuous
H5722	strongs_he	his spear
H5723	bdb	עֲדִיתַ֫יִם n.pr.loc. town of Judah Jos 15:36
H5723	strongs_he	Adithajim, a place in Palestine
H5724	bdb	עַדְלָ֑י n.pr.m. 1 Ch 27:29
H5724	strongs_he	Adlai, an Israelite
H5725	bdb	עֲדֻלָּם n.pr.loc. old Canaanite city
H5725	strongs_he	Adullam, a place in Palestine
H5726	bdb	Adullamite
H5726	strongs_he	an Adullamite or native of Adullam
H5727	bdb	luxuriate; delight
H5727	strongs_he	to be soft or pleasant; figuratively and reflexively, to live voluptuously
H5728	bdb	hitherto; still
H5728	strongs_he	till now
H5729	bdb	עֶ֫דֶן n.pr. (? urb. et) terr. conquered by Assyria
H5729	strongs_he	Eden, a place in Mesopotamia
H5730	bdb	luxury; dainty; delight; delight
H5730	strongs_he	pleasure
H5731	bdb	עֵ֫דֶן n.pr.m. Levite name 2 Ch 29:12 (𝔊 Ιω(α)δαν), 31:15 (𝔊 Οδαμ, 𝔊L Ιαδαν).; עֵ֫דֶן n.pr.terr. (prob. associated by Heb. with I. עֵ֫דֶן);—district in which lay garden of י׳, home of Adam and Eve
H5731	strongs_he	Eden, the region of Adam's home
H5732	bdb	time
H5732	strongs_he	a set time; technically, a year
H5733	bdb	עַדְנָא n.pr.m. man with foreign wife Ezr 10:30 Ne 12:5
H5733	strongs_he	Adna, the name of two Israelites
H5734	bdb	עַדְנָה n.pr.m. a prince of Judah a Manassite
H5734	strongs_he	Adnah, the name of two Israelites
H5735	bdb	עֲרֹעֵר 10, עֲרוֹעֵר 5, עַרְעֹר 1 n.pr.loc. city on N. bank of Arnon, S. limit of E. Jordan Isr. city near Rabbah in Ammon city in S. Judah
H5735	strongs_he	Adadah, a place in Palestine
H5736	bdb	remain over, be in excess; the surplus, that remains over; have a surplus
H5736	strongs_he	to be (causatively have) redundant
H5737	bdb	hoe; it; shall not be hoed; used to be hoed with the hoe; be lacking, fail; was lacking to them; they left nothing lacking; help
H5737	strongs_he	to arrange, as a battle, a vineyard (to hoe); hence, to muster and so to miss (or find wanting)
H5738	bdb	[עֶ֫דֶר] n.pr.m. a Benjamite, 1 Ch 8:15
H5738	strongs_he	Eder, an Israelite
H5739	bdb	flock; herd
H5739	strongs_he	an arrangement, i.e. muster (of animals)
H5740	bdb	עֵ֫דֶר n.pr.loc. in extreme S. of Judah Jos 15:21, site unknown; עֵ֫דֶר n.pr.m. a Levite
H5740	strongs_he	Eder, the name of an Israelite and of two places in Palestine
H5741	bdb	עַדְרִיאֵל n.pr.m. son-in-law of Saul
H5741	strongs_he	Adriel, an Israelite
H5742	bdb	lentile
H5742	strongs_he	a lentil
H5743	bdb	becloud
H5743	strongs_he	to be dense or dark, i.e. to becloud
H5744	bdb	worshipper
H5744	strongs_he	Obed, the name of five Israelites
H5745	bdb	עוֹבָל, I. עֵיבָל n.pr.gent. Arabian people, descended from Joktan acc. to Gn 10:28; = עֵיבָל‎ 1 Ch 1:22
H5745	strongs_he	Obal, a son of Joktan
H5746	bdb	bake
H5746	strongs_he	to bake (round cakes on the hearth)
H5747	bdb	Og
H5747	strongs_he	Og, a king of Bashan
H5748	bdb	עוּגָב n.m. a musical instr.
H5748	strongs_he	a reed-instrument of music
H5749	bdb	bear witness; testify, bear witness, cause to testify, take as witness, protest, affirm solemnly, wanr; testify, bear witness; cause to testify, take as witness; protest, affirm solemnly, wanr; and protest be entered; return, go about, repeat, do again; surround; restore, relieve; be restored
H5749	strongs_he	to duplicate or repeat; by implication, to protest, testify (as by reiteration); intensively, to encompass, restore (as a sort of reduplication)
H5750	bdb	a going round; continuance; still; yet; again; besides
H5750	strongs_he	properly, iteration or continuance; used only adverbially (with or without preposition), again, repeatedly, still, more
H5751	bdb	still
H5751	strongs_he	while.
H5752	bdb	restorer
H5752	strongs_he	Oded, the name of two Israelites
H5753	bdb	bend, twist; be bent, bowed down, twisted; hath he twisted, its surface will he distort; the right have I perverted; commit iniquity, do wrong; she hath done wrong; commit iniquity
H5753	strongs_he	to crook, literally or figuratively
H5754	bdb	distortion; ruin
H5754	strongs_he	overthrow
H5755	bdb	עַוָּה, עִוָּה n.pr.loc. city conquered by Assyrians
H5755	strongs_he	Ivvah or Avva, a region of Assyria
H5756	bdb	take, seek refuge; bring into safety
H5756	strongs_he	to be strong; causatively, to strengthen, i.e. (figuratively) to save (by flight)
H5757	bdb	[עַוִּי] adj.gent. only pl. as subst., 2 K 17:31
H5757	strongs_he	an Avvite or native of Avvah (only plural)
H5758	bdb	iniquity
H5758	strongs_he	perverseness
H5759	bdb	young boy
H5759	strongs_he	a babe
H5760	bdb	unjust one
H5760	strongs_he	perverse (morally)
H5761	bdb	עַוִּים n.pr. gent. people on SW. coast of Mediterr. loc. city in Benj.
H5761	strongs_he	Avvim (as inhabited by Avvites), a place in Palestine (with the article prefix)
H5762	bdb	עֲוִית n.pr.loc. in Edom
H5762	strongs_he	Avvith (or Avvoth), a place in Palestine
H5763	bdb	give suck
H5763	strongs_he	to suckle, i.e. give milk
H5764	bdb	sucking child; suckling
H5764	strongs_he	a babe
H5765	bdb	act wrongfully
H5765	strongs_he	to distort (morally)
H5766	bdb	injustice; unrighteousness; injustice; unrighteousness; wrong
H5766	strongs_he	(moral) evil
H5767	bdb	unjust; unrighteous one
H5767	strongs_he	evil (morally)
H5768	bdb	child
H5768	strongs_he	a suckling
H5769	bdb	long duration; antiquity; futurity
H5769	strongs_he	properly, concealed, i.e. the vanishing point; generally, time out of mind (past or future), i.e. (practically) eternity; frequentatively, adverbial (especially with prepositional prefix) always
H5770	bdb	eye; look; at
H5770	strongs_he	to watch (with jealosy)
H5771	bdb	iniquity; guilt; punishment of iniquity
H5771	strongs_he	perversity, i.e. (moral) evil
H5772	bdb	cohabitation
H5772	strongs_he	(sexual) cohabitation
H5773	bdb	distorting; warping
H5773	strongs_he	perversity
H5774	bdb	fly; fly, hover, fly away; fly, hover; fly; hover; fly away; dost thou cause thine eyes to fly; fly about, to and fro, cause to fly to and fro, brandish; fly about, to and fro; cause to fly to and fro, brandish; like a bird their glory shall fly away; תְּעֻפָה n.f. id. [מוּעָף];—Jb 11:17
H5774	strongs_he	to fly; also (by implication of dimness) to faint (from the darkness of swooning)
H5775	bdb	flying creatures, fowls, insects; fowl, birds; winged insects
H5775	strongs_he	a bird (as covered with feathers, or rather as covering with wings), often collectively
H5776	bdb	fowl
H5776	strongs_he	fowl.
H5777	bdb	lead
H5777	strongs_he	lead (from its dusty color)
H5778	bdb	עוֹפַי Kt, עֵיפַי Qr n.pr.m. a Neṭophathite, Je 40:8
H5778	strongs_he	Ephai, an Israelite
H5779	bdb	counsel; plan
H5779	strongs_he	to consult
H5780	bdb	עוּץ n.pr. m. (eldest) ‘son’ of Aram, = ‘son’ of Shem eldest ‘son’ of Naḥor Edomite name loc. on Uz as vague name for E. country
H5780	strongs_he	Uts, a son of Aram, also a Seirite, and the regions settled by them.
H5781	bdb	totter; cause tottering
H5781	strongs_he	to pack
H5782	bdb	rouse oneself, awake; rouse oneself; be roused, be incited; rouse, incite; rouse, raise, a cry of destruction; and I was, excited, triumphant; rouse, act in an aroused manner, awake; rouse; act in an aroused manner, awake
H5782	strongs_he	to wake (literally or figuratively)
H5783	bdb	be exposed; bare
H5783	strongs_he	to (be) bare
H5784	bdb	chaff
H5784	strongs_he	chaff (as the naked husk)
H5785	bdb	skin; hide
H5785	strongs_he	skin (as naked); by implication, hide, leather
H5786	bdb	make blind; blind
H5786	strongs_he	to blind
H5787	bdb	blind
H5787	strongs_he	blind (literally or figuratively)
H5788	bdb	blindness; עַוֶּ֫רֶת n.f. id. [p.bo.ac];—of sacrif. animals, abstr. for concr., Lv 22:22 (H).
H5788	strongs_he	blindness
H5789	bdb	lend aid; come to help
H5789	strongs_he	to hasten
H5790	bdb	to help
H5790	strongs_he	to hasten, i.e. succor
H5791	bdb	be bent, crooked; make crooked, pervert, bend, make crooked; make crooked, pervert; make crooked, pervert; bend, make crooked; what is bent; and, bend themselves
H5791	strongs_he	to wrest
H5792	bdb	subversion
H5792	strongs_he	oppression
H5793	bdb	עוּתַי n.pr.m. name in Judah Ezr 8:14
H5793	strongs_he	Uthai, the name of two Israelites
H5794	bdb	strong; mighty; fierce
H5794	strongs_he	strong, vehement, harsh
H5795	bdb	she-goat
H5795	strongs_he	a she-goat (as strong), but masculine in plural (which also is used elliptically for goat's hair)
H5796	bdb	she; goat
H5796	strongs_he	goat.
H5797	bdb	strength, might; might; boldness, impudence; stronghold
H5797	strongs_he	strength in various applications (force, security, majesty, praise)
H5798	bdb	עֻזָּא n.pr.m. driver of the ark in גַּן־עֻזָּא burial-place of Manasseh and Amon Benjamite name head of family of returned exiles; עֻזָּה n.pr.m. Levite name v. עֻזָּא
H5798	strongs_he	Uzza or Uzzah, the name of five Israelites
H5799	bdb	entire removal; entire removal
H5799	strongs_he	goat of departure; the scapegoat
H5800	bdb	restore; repair; leave, forsake, loose; leave, leave, abandon, forsake, let loose, set free, let go; leave; leave, abandon, forsake; let loose, set free, let go; be left to, be forsaken; be left to; be forsaken; be deserted
H5800	strongs_he	to loosen, i.e. relinquish, permit, etc.
H5801	bdb	wares; left
H5801	strongs_he	trade, i.e. the place (mart) or the payment (revenue)
H5802	bdb	עַזְבּוּק n.pr.m. father of one Nehemiah, a wall-builder Ne 3:16
H5802	strongs_he	Azbuk, an Israelite
H5803	bdb	עַזְגָּד n.pr.m. head of family returning with Zerub. returning with Ezra one of those sealed
H5803	strongs_he	Azgad, an Israelite
H5804	bdb	Gaza
H5804	strongs_he	Azzah, a place in Palestine
H5805	bdb	forsakenness; desolation
H5805	strongs_he	desertion (of inhabitants)
H5806	bdb	עֲזוּבָה n.pr.f. mother of Jehoshaphat wife of Caleb
H5806	strongs_he	Azubah, the name of two Israelitesses
H5807	bdb	strength; might; fierceness
H5807	strongs_he	forcibleness
H5808	bdb	mighty; powerful
H5808	strongs_he	forcible; collectively and concretely, an army
H5809	bdb	עַזּוּר and (once) עַזֻּר n.pr.m. father of Hananiah עַזֻּר Ez 11:1. a chief of people
H5809	strongs_he	Azzur, the name of three Israelites
H5810	bdb	be strong; be strong, prevail; a wicked man maketh firm, sheweth boldness, with his face
H5810	strongs_he	to be stout (literally or figuratively)
H5811	bdb	עָזָז n.pr.m. Reubenite name 1 Ch 5:8
H5811	strongs_he	Azaz, an Israelite
H5812	bdb	is mighty
H5812	strongs_he	Azazjah, the name of three Israelites
H5813	bdb	עֻזִּי n.pr.m. Levites name in Issachar Benjamite name
H5813	strongs_he	Uzzi, the name of six Israelites
H5814	bdb	עֻזִּיָּא n.pr.m. (= foregoing [p.bx.am]);—hero of David 1 Ch 11:44
H5814	strongs_he	Uzzija, an Israelite
H5815	bdb	(וְ)יַעֲזִיאֵל n.pr.m. Levite name 1 Ch 15:18 = (וַ)עֲזִיאֵל v 20, both prob. err. for עֻזִּיאֵל
H5815	strongs_he	Aziel, an Israelite
H5816	bdb	my strength is Ēl
H5816	strongs_he	Uzziel, the name of six Israelites
H5817	bdb	עָזִּיאֵלִי adj.gent. of foregoing [p.bx.ak], c. art. as subst. coll.
H5817	strongs_he	an Uzzielite (collectively) or descendants of Uzziel
H5818	bdb	my strength is
H5818	strongs_he	Uzzijah, the name of five Israelites
H5819	bdb	עֲזִיזָא n.pr.m. one with foreign wife Ezr 10:27
H5819	strongs_he	Aziza, an Israelite
H5820	bdb	עַזְמָ֫וֶת n.pr.m. one of David’s heroes father of two of David’s men officer of David Benjamite name
H5820	strongs_he	Azmaveth, the name of three Israelites and of a place in Palestine
H5821	bdb	עַזָּן n.pr.m. in Issachar Nu 34:26.
H5821	strongs_he	Azzan, an Israelite
H5822	bdb	osprey
H5822	strongs_he	probably the sea-eagle (from its strength)
H5823	bdb	dig about
H5823	strongs_he	to grub over
H5824	bdb	signet-ring
H5824	strongs_he	a signet-ring (as engraved)
H5825	bdb	עֲזֵקָה n.pr.loc. in the Shephelah of Judah
H5825	strongs_he	Azekah, a place in Palestine
H5826	bdb	help, succour; help; I am helped
H5826	strongs_he	to surround, i.e. protect or aid
H5827	bdb	עֶ֫זֶר n.pr.m. Ephraimite a priest
H5827	strongs_he	Ezer, the name of two Israelites
H5828	bdb	help, succour; help, succour; one who helps
H5828	strongs_he	aid
H5829	bdb	עֵ֫זֶר n.pr.m. a wall-builder name in Judah hero of David
H5829	strongs_he	Ezer, the name of four Israelites
H5830	bdb	Ezra
H5830	strongs_he	Ezra, an Israelite
H5831	bdb	Ezra
H5831	strongs_he	Ezra, an Israelite
H5832	bdb	Ēl hath helped
H5832	strongs_he	Azarel, the name of five Israelites
H5833	bdb	help; succour; assistance
H5833	strongs_he	aid
H5834	bdb	עֶזְרָה n.pr.m. in Judah 1 Ch 4:17.
H5834	strongs_he	Ezrah, an Israelite
H5835	bdb	enclosure; ledge surrounding; court
H5835	strongs_he	an inclosure; also a border
H5836	bdb	עֶזְרִי n.pr.m. 1 Ch 7:26
H5836	strongs_he	Ezri, an Israelite
H5837	bdb	my help is Ēl
H5837	strongs_he	Azriel, the name of three Israelites
H5838	bdb	hath helped, Azariah
H5838	strongs_he	Azarjah, the name of nineteen Israelites
H5839	bdb	עֲזַרְיָה n.pr.m. comrade of Daniel
H5839	strongs_he	Azarjah, one of Daniel's companions
H5840	bdb	עַזְרִיקָם n.pr.m. descendant of David prince in Judah Benjamite Levite
H5840	strongs_he	Azrikam, the name of four Israelites
H5841	bdb	עַזָּתִי adj.gent. of foreg. [p.bw.ac], c. art. as subst. coll.
H5841	strongs_he	an Azzathite or inhabitant of Azzah
H5842	bdb	stylus
H5842	strongs_he	a stylus or marking stick
H5843	bdb	counsel
H5843	strongs_he	prudence
H5844	bdb	grasp; wrap oneself, enwrap, envelop oneself; wrap, envelop, with; wrap, envelop, with; thou hast wrapped shame upon him
H5844	strongs_he	to wrap, i.e. cover, veil, clothe, or roll
H5845	bdb	pail; bucket
H5845	strongs_he	a receptacle (for milk, i.e. pail; figuratively, breast)
H5846	bdb	sneezing
H5846	strongs_he	sneezing
H5847	bdb	bat
H5847	strongs_he	a bat
H5848	bdb	envelop oneself (Aramaism); be feeble, faint; be feeble; when infants faint; shewed feebleness; faint, faint away; turn aside
H5848	strongs_he	to shroud, i.e. clothe (whether transitive or reflex.); hence (from the idea of darkness) to languish
H5849	bdb	surround; crown; with which, crowned him; Tyre the crown-bestower
H5849	strongs_he	to encircle (for attack or protection); especially to crown (literally or figuratively)
H5850	bdb	crown, wreath
H5850	strongs_he	a crown
H5851	bdb	עֲטָרָה n.pr.f. 1 Ch 2:26
H5851	strongs_he	Atarah, an Israelitess
H5852	bdb	עֲטָרוֹת and עֲטָרֹת n.pr.loc. E. of Jordan W. of Jordan
H5852	strongs_he	Ataroth, the name (thus simply) of two places in Palestine
H5853	bdb	עֲטָרוֹת and עֲטָרֹת n.pr.loc. E. of Jordan W. of Jordan
H5853	strongs_he	Atroth-Addar, a place in Palestine
H5854	bdb	עֲטָרוֹת and עֲטָרֹת n.pr.loc. E. of Jordan W. of Jordan
H5854	strongs_he	Atroth-beth-Joab, a place in Palestine
H5855	bdb	עֲטָרוֹת and עֲטָרֹת n.pr.loc. E. of Jordan W. of Jordan
H5855	strongs_he	Atroth-Shophan, a place in Palestine
H5856	bdb	ruin; heap of ruins
H5856	strongs_he	a ruin (as if overturned)
H5857	bdb	עַי, עַיָּ֑ת, עַיָּה 40 n.pr.loc. old Canaanit. city E. Jordan city
H5857	strongs_he	Ai, Aja or Ajath, a place in Palestine
H5858	bdb	עוֹבָל, I. עֵיבָל n.pr.gent. Arabian people, descended from Joktan acc. to Gn 10:28; = עֵיבָל‎ 1 Ch 1:22; Ebal; עֵיבָל n.pr.m. vel gent. name in Edom
H5858	strongs_he	Ebal, a mountain of Palestine
H5859	bdb	עִיוֹן n.pr.loc. in Naphtali
H5859	strongs_he	Ijon, a place in Palestine
H5860	bdb	scream; shriek; dart greedily
H5860	strongs_he	to swoop down upon (literally or figuratively)
H5861	bdb	bird; s; of prey; scream
H5861	strongs_he	a hawk or other bird of prey
H5862	bdb	עֵיטָם n.pr.loc. (perh. animal-name) perh. near town city fortified by Rehob., between Bethlehem and Tekoa in Simeon
H5862	strongs_he	Etam, a place in Palestine
H5863	bdb	עִיִּים n.pr.loc. station of Isr. on E. border of Moab = עִיֵּי הָעֲבָרִים city in Judah
H5863	strongs_he	Ije-ha-Abarim, a place near Palestine
H5864	bdb	עִיִּים n.pr.loc. station of Isr. on E. border of Moab = עִיֵּי הָעֲבָרִים city in Judah
H5864	strongs_he	Ijim, a place in the Desert.
H5865	bdb	long duration; antiquity; futurity
H5865	strongs_he	ever.
H5866	bdb	עֵילַי n.pr.m. one of David’s heroes 1 Ch 11:29
H5866	strongs_he	Ilai, an Israelite
H5867	bdb	עֵילָם n.pr.m. heads of families of returned exiles a chief of people name in Benjamin Levite name a priest; Elam
H5867	strongs_he	Elam, a son of Shem and his descendants, with their country; also of six Israelites
H5868	bdb	[עוֹנָה] Qr, [עֵינָה] Kt n.f. only sf. Ho 10:10; but rd. עוֹנֹתָם, v. עָוֹן 1 a. p. 730; glow
H5868	strongs_he	probably meaning strength
H5869	bdb	spring; partridge-spring; dragon-spring; eye; desire of the eyes, abominations of the eyes; desire of the eyes, abominations of the eyes; surface, appearance, gleam, sparkle; surface; appearance; gleam, sparkle; an eye for an eye, eye to eye, in the presence of, in full view of, on the forehead
H5869	strongs_he	an eye (literally or figuratively); by analogy, a fountain (as the eye of the landscape)
H5870	bdb	eye
H5870	strongs_he	an eye
H5871	bdb	עַ֫יִן n.pr.loc. on NE. border of Can. in Negeb of Judah, Levit. city, appar. = c. 18 miles SW. from Hebron
H5871	strongs_he	Ajin, the name (thus simply) of two places in Palestine
H5872	bdb	עֵין גֶּ֫דִי n.pr.loc. Ενγαδδει, etc.
H5872	strongs_he	En-Gedi, a place in Palestine
H5873	bdb	עֵין גַּנִּים n.pr.loc. in the Shephelah in Issachar
H5873	strongs_he	En-Gannim, a place in Palestine
H5874	bdb	עֵין־דֹּר n.pr.loc. in Manasseh
H5874	strongs_he	En-Dor, a place in Palestine
H5875	bdb	spring; partridge-spring; dragon-spring
H5875	strongs_he	En-hak-Kore, a place near Palestine
H5876	bdb	עֵין חַדָּה n.pr.loc. in Issachar Jos 19:21
H5876	strongs_he	En-Chaddah, a place in Palestine
H5877	bdb	עֵין חָצוֹר n.pr.loc. in Naphtali Jos 19:37
H5877	strongs_he	En-Chatsor, a place in Palestine
H5878	bdb	חֲרֹד n.pr.loc. only עֵין ח׳ a camping-place of Gideon and Israel. Ju 7:1.
H5878	strongs_he	En-Charod, a place in Palestine
H5879	bdb	עֵינָם n.pr.loc. in the Shephelah of Judah, הָע׳ Jos 15:34 = עֵינַיִם
H5879	strongs_he	Enajim or Enam, a place in Palestine
H5880	bdb	עֵין מִשְׁפָּט n.pr.loc. Gn 14:7
H5880	strongs_he	En-Mishpat, a place near Palestine
H5881	bdb	עֵינָן n.pr.m. name in Naphtali
H5881	strongs_he	Enan, an Israelite
H5882	bdb	עֵין עֶגְלַ֫יִם n.pr.loc. on Dead Sea Ez 47:10, Εναγαλειμ.
H5882	strongs_he	En-Eglajim, a place in Palestine
H5883	bdb	spring; partridge-spring; dragon-spring
H5883	strongs_he	En-Rogel, a place near Jerusalem
H5884	bdb	עֵין רִמּוֹן n.pr.loc. in post-exil. Judah
H5884	strongs_he	En-Rimmon, a place in Palestine
H5885	bdb	עֵין שֶׁ֫מֶשׁ n.pr.loc. on border betw. Judah and Benj.
H5885	strongs_he	En-Shemesh, a place in Palestine
H5886	bdb	spring; partridge-spring; dragon-spring
H5886	strongs_he	En-Tannim, a pool near Jerusalem
H5887	bdb	תַּפּוּחַ n.pr.loc. in lowland of Judah on border between Ephraim and Manasseh
H5887	strongs_he	En-Tappuach, a place in Palestine
H5888	bdb	be faint
H5888	strongs_he	to languish
H5889	bdb	faint; weary
H5889	strongs_he	languid
H5890	bdb	darkness
H5890	strongs_he	obscurity (as if from covering)
H5891	bdb	עֵיפָה n.pr. gent. ‘son’ of Midian m. name in Judah f. concubine of Caleb
H5891	strongs_he	Ephah, the name of a son of Midian, and of the region settled by him; also of an Israelite and of an Israelitess
H5892	bdb	city, town; city, town; excitement
H5892	strongs_he	a city (a place guarded by waking or a watch) in the widest sense (even of a mere encampment or post)
H5893	bdb	עִיר n.pr.m. in 1 Ch 7:12, txt. dub.
H5893	strongs_he	Ir, an Israelite
H5894	bdb	waking; wakeful; one; angel
H5894	strongs_he	a watcher, i.e. an angel (as guardian)
H5895	bdb	male ass
H5895	strongs_he	properly, a young ass (as just broken to a load); hence an ass-colt
H5896	bdb	עִירָא n.pr.m. of David heroes of David
H5896	strongs_he	Ira, the name of three Israelites
H5897	bdb	עִירָד n.pr.m. a Cainite
H5897	strongs_he	Irad, an antediluvian
H5898	bdb	city of salt
H5898	strongs_he	Irham-Melach, a place near Palestine
H5899	bdb	city of palms
H5899	strongs_he	Ir-hat-Temarim, a place in Palestine
H5900	bdb	עִירוּ n.pr.m. in Judah 1 Ch 4:15
H5900	strongs_he	Iru, an Israelite
H5901	bdb	עִירִי n.pr.m. Benjamite 1 Ch 7:7
H5901	strongs_he	Iri, an Israelite
H5902	bdb	עִירָם n.pr.m. in Edom
H5902	strongs_he	Iram, an Idumaean
H5903	bdb	naked; nakedness
H5903	strongs_he	nudity
H5904	bdb	נָחָשׁ n.pr.m. king of Ammon father of Abigail and Zeruiah giving name to a city
H5904	strongs_he	Ir-Nachash, a place in Palestine
H5905	bdb	city of the sun; -god
H5905	strongs_he	Ir-Shemesh, a place in Palestine
H5906	bdb	Great Bear
H5906	strongs_he	the constellation of the Great Bear (perhaps from its migration through the heavens)
H5907	bdb	mouse
H5907	strongs_he	Akbor, the name of an Idumaean and of two Israelites
H5908	bdb	spider
H5908	strongs_he	a spider (as weaving a network)
H5909	bdb	mouse
H5909	strongs_he	a mouse (as nibbling)
H5910	bdb	Acco
H5910	strongs_he	Akko (from its situation on a bay)
H5911	bdb	disturbance; trouble
H5911	strongs_he	Akor, the name of a place in Palestine
H5912	bdb	עָכָן n.pr.m. man of Judah
H5912	strongs_he	Akan, an Israelite
H5913	bdb	shake bangles; rattle; tinkle
H5913	strongs_he	to put on anklets
H5914	bdb	anklet; bangle
H5914	strongs_he	a fetter; hence, an anklet
H5915	bdb	עַכְסָה n.pr.f. daughter of Caleb
H5915	strongs_he	Aksah, an Israelitess
H5916	bdb	stir up, disturb, trouble; disturb, trouble; my pain was stirred up
H5916	strongs_he	properly, to roil water; figuratively, to disturb or affict
H5917	bdb	עָכָן n.pr.m. man of Judah
H5917	strongs_he	Akar, an Israelite
H5918	bdb	עָכְרָן n.pr.m. name in Asher
H5918	strongs_he	Okran, an Israelite
H5919	bdb	asp; viper; spider
H5919	strongs_he	an asp (from lurking coiled up)
H5920	bdb	height; upon, on the ground of, according to, on account of, on behalf of, concerning, beside, in addition to, together with, beyond, above, over, by, on to, towards, to, against, Upon, upon, on, upon, upon, on, upon, upon, on, excess, elevation, pre-eminence, addition, over, above, over, by, on; Upon, upon, on, upon, upon, on, upon, upon, on; upon; upon, on; upon; upon; on; excess; elevation, pre-eminence; addition; over, above, over; by, on; because that, because, notwithstanding that, although; because that; because, notwithstanding that, although; because; notwithstanding that, although; as concerning, as upon, the like of, the like of, from upon, from over, from by; as concerning, as upon, the like of, the like of; as concerning, as upon; the like of, the like of; from upon, from over, from by
H5920	strongs_he	properly, the top; specifically, the Highest (i.e. God); also (adverb) aloft, to Jehovah
H5921	bdb	forasmuch as; height; upon, on the ground of, according to, on account of, on behalf of, concerning, beside, in addition to, together with, beyond, above, over, by, on to, towards, to, against, Upon, upon, on, upon, upon, on, upon, upon, on, excess, elevation, pre-eminence, addition, over, above, over, by, on; Upon, upon, on, upon, upon, on, upon, upon, on; upon; upon, on; upon; upon; on; excess; elevation, pre-eminence; addition; over, above, over; by, on; because that, because, notwithstanding that, although; because that; because, notwithstanding that, although; because; notwithstanding that, although; as concerning, as upon, the like of, the like of, from upon, from over, from by; as concerning, as upon, the like of, the like of; as concerning, as upon; the like of, the like of; from upon, from over, from by
H5921	strongs_he	above, over, upon, or against (yet always in this last relation with a downward aspect) in a great variety of applications
H5922	bdb	upon; over; on account of; above; to; against
H5922	strongs_he	about, against, concerning, for, (there-) fore, from, in, × more, of, (there-, up-) on, (in-) to, why with.
H5923	bdb	yoke
H5923	strongs_he	a yoke (as imposed on the neck), literally or figuratively
H5924	bdb	above
H5924	strongs_he	above
H5925	bdb	עֻלָּא n.pr.m. in Asher 1 Ch 7:39
H5925	strongs_he	Ulla, an Israelite
H5926	bdb	speaking inarticulately
H5926	strongs_he	stuttering
H5927	bdb	go up, ascend, climb; go up, ascend, go up, go, come up, spring up, grow, shoot forth, go up, rise, come up, go up, extend, excel; go up, ascend; go up; go, come up; spring up, grow, shoot forth; go up, rise; come up; go up, extend; excel; be brought up, be taken up, be taken up, away, take oneself away from, get up from, take oneself away, be exalted; be brought up, be taken up, be taken up, away, take oneself away from, get up from; be brought up; be taken up; be taken up, away, take oneself away from, get up from; be taken up, away; take oneself away from, get up from; take oneself away; be exalted; bring up, bring up, cause to ascend, offer, bring up, exalt, cause to ascend, offer; bring up; bring up; cause to ascend; offer, bring up; exalt; cause to ascend, offer; be carried away, be taken up, inserted, be offered; be carried away; be taken up, inserted; be offered; lift oneself
H5927	strongs_he	to ascend, intransitively (be high) or actively (mount); used in a great variety of senses, primary and secondary, literal and figurative
H5928	bdb	burnt-offering
H5928	strongs_he	a holocaust
H5929	bdb	leaf; leafage
H5929	strongs_he	a leaf (as coming up on a tree); collectively, foliage
H5930	bdb	whole burnt-offering; ascent; stairway
H5930	strongs_he	a step or (collectively, stairs, as ascending); usually a holocaust (as going up in smoke)
H5931	bdb	matter; affair; occasion
H5931	strongs_he	a pretext (as arising artificially)
H5932	bdb	injustice; unrighteousness; wrong
H5932	strongs_he	moral perverseness
H5933	bdb	עַלְוָה n.pr.m. in Edom
H5933	strongs_he	Alvah or Aljah, an Idumaean
H5934	bdb	youth; youthful vigour
H5934	strongs_he	(only in plural as abstract) adolescence; figuratively, vigor
H5935	bdb	עַלְוָן n.pr.m. in Edom
H5935	strongs_he	Alvan or Aljan, an Idumaean
H5936	bdb	leech
H5936	strongs_he	the leech
H5937	bdb	exult
H5937	strongs_he	to jump for joy, i.e. exult
H5938	bdb	exultant; jubilant
H5938	strongs_he	exultant
H5939	bdb	thick darkness
H5939	strongs_he	dusk
H5940	bdb	pestle; rising
H5940	strongs_he	a pestle (as lifted)
H5941	bdb	Eli
H5941	strongs_he	Eli, an Israelite highpriest
H5942	bdb	upper
H5942	strongs_he	high; i.e. comparative
H5943	bdb	highest
H5943	strongs_he	supreme (i.e. God)
H5944	bdb	roof-chamber
H5944	strongs_he	something lofty, i.e. a stair-way; also a second-story room (or even one on the roof); figuratively, the sky
H5945	bdb	high; upper, the upper; Highest, Most High
H5945	strongs_he	an elevation, i.e. (adj.) lofty (compar.); as title, the Supreme
H5946	bdb	[עֶלְיוֹן] adj. id. [xp.ae.ac] (BH id.);—pl. of God
H5946	strongs_he	the Supreme
H5947	bdb	exultant; jubilant
H5947	strongs_he	exultant
H5948	bdb	furnace; crucible
H5948	strongs_he	probably a crucible (as working over the metal)
H5949	bdb	wantonness; deed
H5949	strongs_he	an exploit (of God), or a performance (of man, often in a bad sense); by implication, an opportunity
H5950	bdb	deed
H5950	strongs_he	(miraculous) execution
H5951	bdb	exultation
H5951	strongs_he	exultation
H5952	bdb	roof-chamber
H5952	strongs_he	a second-story room
H5953	bdb	act; play the child; insert; thrust in; act severely; my pain which is severely dealt out to me; busy, divert oneself; busy, divert oneself; to practise practices; glean
H5953	strongs_he	to effect thoroughly; specifically, to glean (also figuratively); by implication (in a bad sense) to overdo, i.e. maltreat, be saucy to, pain, impose (also literal)
H5954	bdb	go, come in; bring in; be brought
H5954	strongs_he	to enter; causatively, to introduce
H5955	bdb	gleaning; going over a second time
H5955	strongs_he	only in plural gleanings; by extension gleaning-time
H5956	bdb	conceal; our secret; be concealed; conceal, hide; and thou hide thyself completely from them
H5956	strongs_he	to veil from sight, i.e. conceal (literally or figuratively)
H5957	bdb	perpetuity; antiquity
H5957	strongs_he	remote time, i.e. the future or past indefinitely; often adverb, forever
H5958	bdb	young man
H5958	strongs_he	properly, something kept out of sight, i.e. a lad
H5959	bdb	young woman
H5959	strongs_he	a lass (as veiled or private)
H5960	bdb	עַלְמוֹן n.pr.loc. priestly city in Benj.
H5960	strongs_he	Almon, a place in Palestine
H5961	bdb	young woman
H5961	strongs_he	properly, girls, i.e. the soprano or female voice, perhaps falsetto
H5962	bdb	Elamites
H5962	strongs_he	an Elamite or inhabitant of Elam
H5963	bdb	עַלְמוֹן דִּבְלָתָ֑יְמָה n.pr.loc. in Moab; = בֵּית ד׳ q.v.
H5963	strongs_he	Almon-Diblathajemah, a place in Moab
H5964	bdb	עָלֶ֫מֶת m.pr.m. a Benjamite n.pr.loc. 1 Ch 6:45
H5964	strongs_he	Alemeth, the name of a place in Palestine and of two Israelites
H5965	bdb	rejoice; he shall not rejoice; flap joyously; let us delight ourselves
H5965	strongs_he	to leap for joy, i.e. exult, wave joyously
H5966	bdb	they drink; blood
H5966	strongs_he	to sip up
H5967	bdb	rib
H5967	strongs_he	a rib
H5968	bdb	cover; covered, encrusted; enwrap oneself, swoon away
H5968	strongs_he	to veil or cover; figuratively, to be languid
H5969	bdb	cover; covered, encrusted; enwrap oneself, swoon away
H5969	strongs_he	an envelope, i.e. (figuratively) mourning
H5970	bdb	rejoice; exult
H5970	strongs_he	to jump for joy, i.e. exult
H5971	bdb	kinsman; people; a people, nation; people, persons
H5971	strongs_he	a people (as a congregated unit); specifically, a tribe (as those of Israel); hence (collectively) troops or attendants; figuratively, a flock
H5972	bdb	people
H5972	strongs_he	people.
H5973	bdb	from with; beside; with; aid, with, with, against, with, with, towards, together with, aid, as long as; aid; with; with, against; with, with, towards; together with; aid; as long as; close to, beside; in the house, family, service of, In possession of, In the custody, care of, Beside, except, With, friendly with; in the house, family, service of; In possession of; In the custody, care of; Beside, except; With, friendly with; with; together with, in spite of, notwithstanding
H5973	strongs_he	adverb or preposition, with (i.e. in conjunction with), in varied applications; specifically, equally with; often with prepositional prefix (and then usually unrepresented in English)
H5974	bdb	with
H5974	strongs_he	by, from, like, to(-ward), with.
H5975	bdb	take one's stand, stand; take one's stand, stand, be in a standing attitude, stand forth, take a stand, present, attend upon, be(come) servant of, stand, stand, stand, stand, stand, stand still, stop, stop, cease, tarry, delay, remain, continue, abide, endure, be steadfast, persist, make a stand, hold one's ground, stand upright, arise, appear, come on the scene, stand forth, appear, rise up; take one's stand, stand, be in a standing attitude, stand forth, take a stand, present, attend upon, be(come) servant of, stand, stand, stand, stand, stand; take one's stand, stand, be in a standing attitude; stand forth; take a stand; present; attend upon, be(come) servant of; stand; stand; stand; stand; stand; stand still, stop, stop, cease; stand still, stop; stop, cease; tarry, delay, remain, continue, abide, endure, be steadfast, persist; tarry, delay; remain; continue, abide; endure; be steadfast; persist; make a stand, hold one's ground; stand upright; arise, appear, come on the scene, stand forth, appear, rise up; arise, appear, come on the scene; stand forth, appear; rise up; station, set, cause to stand firm, cause to stand up, set up, erect, present, before, appoint; station, set; cause to stand firm; cause to stand up, set up, erect; present, before; appoint; be presented
H5975	strongs_he	to stand, in various relations (literal and figurative, intransitive and transitive)
H5976	bdb	slip, slide, totter, shake; slip; cause to shake, make them totter
H5976	strongs_he	to shake
H5977	bdb	standing-place
H5977	strongs_he	a spot (as being fixed)
H5978	bdb	with; aid, with, with, against, with, with, towards, together with, aid, as long as; aid; with; with, against; with, with, towards; together with; aid; as long as; close to, beside; in the house, family, service of, In possession of, In the custody, care of, Beside, except, With, friendly with; in the house, family, service of; In possession of; In the custody, care of; Beside, except; With, friendly with; with; together with, in spite of, notwithstanding
H5978	strongs_he	along with
H5979	bdb	standing-ground
H5979	strongs_he	a station, i.e. domicile
H5980	bdb	juxtaposition; close by; side by side with; parallel to; agreeing with; corresponding to
H5980	strongs_he	conjunction, i.e. society; mostly adverb or preposition (with prepositional prefix), near, beside, along with
H5981	bdb	עֻמָּה n.pr.loc. Jos 19:30
H5981	strongs_he	Ummah, a place in Palestine
H5982	bdb	pillar; column
H5982	strongs_he	a column (as standing); also a stand, i.e. platform
H5983	bdb	Ammon
H5983	strongs_he	Ammon, a son of Lot; also his posterity and their country
H5984	bdb	Ammonite
H5984	strongs_he	an Ammonite or (the adjective) Ammonitish
H5985	bdb	Ammonite
H5985	strongs_he	an Ammonitess
H5986	bdb	Amos
H5986	strongs_he	Amos, an Israelite prophet
H5987	bdb	עָמוֹק n.pr.m. a priest
H5987	strongs_he	Amok, an Israelite
H5988	bdb	my kinsman is God
H5988	strongs_he	Ammiel, the name of three or four Israelites
H5989	bdb	my kinsman is majesty
H5989	strongs_he	Ammihud, the name of three Israelites
H5990	bdb	my kinsman hath bestowed
H5990	strongs_he	Ammizabad, an Israelite
H5991	bdb	my kinsman is majesty
H5991	strongs_he	Ammichur, a Syrian prince
H5992	bdb	my kinsman is noble
H5992	strongs_he	Amminadab, the name of four Israelites
H5993	bdb	people; a people, nation; people, persons
H5993	strongs_he	Ammi-Nadib, probably an Israelite
H5994	bdb	deep
H5994	strongs_he	profound, i.e. unsearchable
H5995	bdb	swath; row of fallen grain
H5995	strongs_he	a bunch of grain
H5996	bdb	my kinsman is Shadday
H5996	strongs_he	Ammishaddai, an Israelite
H5997	bdb	associate; fellow; relation; association
H5997	strongs_he	companionship; hence (concretely) a comrade or kindred man
H5998	bdb	labour; toil
H5998	strongs_he	to toil, i.e. work severely and with irksomeness
H5999	bdb	trouble, labor, toil; trouble, sorrow; trouble, mischief; toil, labour
H5999	strongs_he	toil, i.e. wearing effort; hence, worry, whether of body or mind
H6000	bdb	עָמָל n.pr.m. name in Asher 1 Ch 7:35
H6000	strongs_he	Amal, an Israelite
H6001	bdb	toiling; laborer; sufferer
H6001	strongs_he	toiling; concretely, a laborer; figuratively, sorrowful
H6002	bdb	Amalek
H6002	strongs_he	Amalek, a descendant of Esau; also his posterity and their country
H6003	bdb	the; Amalekites
H6003	strongs_he	an Amalekite (or collectively the Amalekites) or descendants of Amalek
H6004	bdb	darken, dim, cover, veil, conceal, grow dark; did, eclipse him, do they hold dark; how is the gold dimmed!
H6004	strongs_he	to associate; by implication, to overshadow (by huddling together)
H6005	bdb	Immanuēl; with us is God
H6005	strongs_he	Immanuel, a type name of Isaiah's son
H6006	bdb	load; carry a load
H6006	strongs_he	to load, i.e. impose a burden (or figuratively, infliction)
H6007	bdb	עֲמַסְיָה n.pr.m. name in Judah 2 Ch 17:16
H6007	strongs_he	Amasjah, an Israelite
H6008	bdb	עַמְעָד n.pr.loc. in Asher, Jos 19:26
H6008	strongs_he	Amad, a place in Palestine
H6009	bdb	be deep; make deep
H6009	strongs_he	to be (causatively, make) deep (literally or figuratively)
H6010	bdb	vale; deepening; depth
H6010	strongs_he	a vale (i.e. broad depression)
H6011	bdb	depth
H6011	strongs_he	depth
H6012	bdb	deep; unfathomable; unintelligible of speech
H6012	strongs_he	deep (literally or figuratively)
H6013	bdb	deep; unsearchable
H6013	strongs_he	deep (literally or figuratively)
H6014	bdb	bind sheaves; deal tyrannically
H6014	strongs_he	properly, apparently to heap; figuratively, to chastise (as if piling blows); to gather grain
H6015	bdb	wool
H6015	strongs_he	wool
H6016	bdb	omer; sheaf
H6016	strongs_he	properly, a heap, i.e. a sheaf; also an omer, as a dry measure
H6017	bdb	Gomorrah
H6017	strongs_he	Amorah, a place in Palestine
H6018	bdb	Omri
H6018	strongs_he	Omri, an Israelite
H6019	bdb	עַמְרָם 14 n.pr.m. father of Moses Ezr 10:34.
H6019	strongs_he	Amram, the name of two Israelites
H6020	bdb	עַמְרָמִי adj.gent. of 1, c. art. as n.coll. Nu 3:27 1 Ch 26:23.
H6020	strongs_he	an Amramite or descendant of Amram
H6021	bdb	עֲמָשָׂא 16 n.pr.m. Absalom’s general Ephraimite
H6021	strongs_he	Amasa, the name of two Israelites
H6022	bdb	עֲמָשַׂי n.pr.m. warrior of David Levites
H6022	strongs_he	Amasai, the name of three Israelites
H6023	bdb	עֲמַשְׁסַי n.pr.m. a priest
H6023	strongs_he	Amashsay, an Israelite
H6024	bdb	עֲנָב n.pr.loc. in hill-country of Judah
H6024	strongs_he	Anab, a place in Palestine
H6025	bdb	grape; s
H6025	strongs_he	a grape
H6026	bdb	be soft, delicate, dainty; daintily bred; be of dainty habit, take exquisite delight, make merry over, make sport of; be of dainty habit; take exquisite delight; make merry over, make sport of
H6026	strongs_he	to be soft or pliable, i.e. (figuratively) effeminate or luxurious
H6027	bdb	dantiness; exquisite delight
H6027	strongs_he	luxury
H6028	bdb	dainty
H6028	strongs_he	luxurious
H6029	bdb	bind around; upon
H6029	strongs_he	to lace fast
H6030	bdb	dwell; sing; sing, utter tunefully; sing sweetly of it; answer, respond; answer, respond to, respond, meets all demands, respond, testify, make response; answer, respond to; respond, meets all demands; respond; meets all demands; respond, testify, make response; respond, testify; make response; make answer, be answered; make answer; be answered; causes, to respond in the joy of his heart
H6030	strongs_he	properly, to eye or (generally) to heed, i.e. pay attention; by implication, to respond; by extension to begin to speak; specifically to sing, shout, testify, announce
H6031	bdb	be occupied; busied with; be bowed down, afflicted; be put down, become low, be depressed, downcast, be afflicted; be put down, become low; be depressed, downcast; be afflicted; humble oneself, be afflicted; humble oneself; be afflicted; humble, mishandle, afflict, humble, afflict, humble, weaken; humble, mishandle, afflict; humble; afflict; humble, weaken; be afflicted, be humbled; be afflicted; be humbled; afflict; humble oneself, be afflicted, humble oneself; humble oneself; be afflicted; humble oneself
H6031	strongs_he	to depress literally or figuratively, transitive or intransitive (in various applications, as follows)
H6032	bdb	answer
H6032	strongs_he	answer, speak.
H6033	bdb	poor; needy
H6033	strongs_he	poor.
H6034	bdb	עֲנָה 12 n.pr.m. Horites
H6034	strongs_he	Anah, the name of two Edomites and one Edomitess
H6035	bdb	poor; afflicted; humble; meek
H6035	strongs_he	depressed (figuratively), in mind (gentle) or circumstances (needy, especially saintly)
H6036	bdb	עָנוּב n.pr.m. 1 Ch 4:8
H6036	strongs_he	Anub, an Israelite
H6037	bdb	humility
H6037	strongs_he	mildness (royal); also (concretely) oppressed
H6038	bdb	humility
H6038	strongs_he	condescension, human and subjective (modesty), or divine and objective (clemency)
H6039	bdb	affliction
H6039	strongs_he	affliction
H6040	bdb	affliction; poverty
H6040	strongs_he	depression, i.e. misery
H6041	bdb	poor; afflicted; humble
H6041	strongs_he	depressed, in mind or circumstances
H6042	bdb	עֻנִּי n.pr.m. Levites
H6042	strongs_he	Unni, the name of two Israelites
H6043	bdb	עֲנָיָה n.pr.m.
H6043	strongs_he	Anajah, the name of two Israelites
H6044	bdb	עָנִים n.pr.loc. in hill-country of Judah Jos 15:50
H6044	strongs_he	Anim, a place in Palestine
H6045	bdb	occupation; task
H6045	strongs_he	ado, i.e. (generally) employment or (specifically) an affair
H6046	bdb	עֵין גַּנִּים n.pr.loc. in the Shephelah in Issachar
H6046	strongs_he	Anem, a place in Palestine
H6047	bdb	עֲנָמִים n.pr.gent. in (or near) Egypt
H6047	strongs_he	Anamim, a son of Mizraim and his descendants, with their country
H6048	bdb	עֲנַמֶּ֫לֶךְ n.pr.div. = As. Anu-malik
H6048	strongs_he	Anammelek, an Assyrian deity
H6049	bdb	practise soothsaying; when I bring clouds
H6049	strongs_he	figuratively, to act covertly, i.e. practise magic
H6050	bdb	cloud
H6050	strongs_he	cloud.
H6051	bdb	cloud-mass, cloud; cloud-mass; cloud of incense
H6051	strongs_he	a cloud (as covering the sky), i.e. the nimbus or thunder-cloud
H6052	bdb	עָנָן n.pr.m. Ne 10:27
H6052	strongs_he	Anan, an Israelite
H6053	bdb	cloud
H6053	strongs_he	cloudiness
H6054	bdb	עֲנָנִי n.pr.m. 1 Ch 3:24
H6054	strongs_he	Anani, an Israelite
H6055	bdb	עֲנַנְיָה n.pr. m. Ne 3:23 loc. Ne 11:32
H6055	strongs_he	Ananjah, the name of an Israelite and of a place in Palestine
H6056	bdb	bough
H6056	strongs_he	bough, branch.
H6057	bdb	branch; es; bough; s
H6057	strongs_he	a twig (as covering the limbs)
H6058	bdb	full of branches
H6058	strongs_he	branching
H6059	bdb	serve as necklace; is necklace for them; thou shalt make a rich necklace for him
H6059	strongs_he	to collar, i.e. adorn with a necklace; figuratively, to fit out with supplies
H6060	bdb	necklace; neck-pendant; neck; long-necked; men
H6060	strongs_he	a necklace (as if strangling)
H6061	bdb	neck; long-necked; men
H6061	strongs_he	Anak, a Canaanite
H6062	bdb	neck; long-necked; men
H6062	strongs_he	an Anakite or descendant of Anak
H6063	bdb	עָנֵר n.pr. appar. m. ally of Abram loc. in Manasseh
H6063	strongs_he	Aner, a Amorite, also a place in Palestine
H6064	bdb	fine, mulct; punish; he shall be strictly fined
H6064	strongs_he	properly, to urge; by implication, to inflict a penalty, specifically, to fine
H6065	bdb	amercing; confiscation
H6065	strongs_he	a mulct
H6066	bdb	indemnity; fine
H6066	strongs_he	a fine
H6067	bdb	עֲנָת n.pr.m. father of Shamgar
H6067	strongs_he	Anath, an Israelite
H6068	bdb	עֲנָתוֹת and עֲנָתֹת n.pr. loc. c. 3 miles NNE. from Jerusalem m.
H6068	strongs_he	Anathoth, the name of two Israelites, also of a place in Pal
H6069	bdb	עַנְּתֹתִי adj.gent. of foreg. [p.ec.ae]
H6069	strongs_he	a Antothite or inhabitant of Anathoth
H6070	bdb	עַנְתֹתִיָּה n.pr.m. Benjamite 1 Ch 8:24
H6070	strongs_he	Anthothijah, an Israelite
H6071	bdb	sweet wine; pressed out
H6071	strongs_he	must or fresh grape-juice (as just trodden out)
H6072	bdb	press; crush; tread down
H6072	strongs_he	to squeeze out juice; figuratively, to trample
H6073	bdb	foliage
H6073	strongs_he	a bough (as covering the tree)
H6074	bdb	leafage; foliage
H6074	strongs_he	a twig; bough, i.e. (collectively) foliage
H6075	bdb	be heedless; shew heedlessness; swell
H6075	strongs_he	to swell; figuratively, be elated
H6076	bdb	mound; hill; tumour
H6076	strongs_he	a tumor; also a mound, i.e. fortress
H6077	bdb	mound; hill
H6077	strongs_he	Ophel, a ridge in Jerusalem
H6078	bdb	עָפְנִי n.pr.loc. in Benj., Jos 18:24
H6078	strongs_he	an Ophnite (collectively) or inhabitants of Ophen
H6079	bdb	eyelid
H6079	strongs_he	an eyelash (as fluttering); figuratively, morning ray
H6080	bdb	and kept dusting; with dust
H6080	strongs_he	to be dust
H6081	bdb	עֵ֫פֶר n.pr.m. ‘son’ of Midian in Judah in Manasseh
H6081	strongs_he	Epher, the name of an Arabian and of two Israelites
H6082	bdb	young hart; stag
H6082	strongs_he	a fawn (from the dusty color)
H6083	bdb	dry earth; dust
H6083	strongs_he	dust (as powdered or gray); hence, clay, earth, mud
H6084	bdb	עָפְרָה n.pr. loc. in Benj. in Manasseh m. in Judah
H6084	strongs_he	Ophrah, the name of an Israelite and of two places in Palestine
H6085	bdb	עֶפְרוֹן n.pr. m. Hittite, Abr.’s time loc. Kt mont. on N. border of Judah
H6085	strongs_he	Ephron, the name of a Canaanite and of two places in Palestine
H6086	bdb	tree, trees, wood; tree, trees; tree; trees; pieces, of wood
H6086	strongs_he	a tree (from its firmness); hence, wood (plural sticks)
H6087	bdb	shape, fashion; thy hands shaped me; to fashion her; hurt, pain, grieve; had, pained him; be pained; they vexed; they used to cause him, pain; and he was vexed to his heart
H6087	strongs_he	properly, to carve, i.e. fabricate or fashion; hence (in a bad sense) to worry, pain or anger
H6088	bdb	pain; grieve
H6088	strongs_he	to afflict
H6089	bdb	pain; hurt; toil; vessel
H6089	strongs_he	an earthen vessel; usually (painful) toil; also a pang (whether of body or mind)
H6090	bdb	idol; pain
H6090	strongs_he	an idol (as fashioned); also pain (bodily or mental)
H6091	bdb	idol
H6091	strongs_he	an (idolatrous) image
H6092	bdb	toiler; sufferer
H6092	strongs_he	a (hired) workman
H6093	bdb	pain; toil
H6093	strongs_he	worrisomeness, i.e. labor or pain
H6094	bdb	hurt; injury; pain
H6094	strongs_he	a idol; also, a pain or wound
H6095	bdb	shut
H6095	strongs_he	properly, to fasten (or make firm), i.e. to close (the eyes)
H6096	bdb	spine; os sacrum
H6096	strongs_he	the spine (as giving firmness to the body)
H6097	bdb	trees
H6097	strongs_he	timber
H6098	bdb	counsel; advice
H6098	strongs_he	advice; by implication, plan; also prudence
H6099	bdb	mighty; numerous
H6099	strongs_he	powerful (specifically, a paw); by implication, numerous
H6100	bdb	עֶצְיוֹן גֶּ֫בֶר n.pr.loc. near Elath at head of Gulf of Aḳaba
H6100	strongs_he	Etsjon-Geber, a place on the Red Sea
H6101	bdb	be sluggish
H6101	strongs_he	to lean idly, i.e. to be indolent or slack
H6102	bdb	sluggish; lazy
H6102	strongs_he	indolent
H6103	bdb	sluggishness
H6103	strongs_he	(as abstractly) indolence
H6104	bdb	עַצְלוּת n.f. id. [p.ep.ac];—לֶהֶם ע׳ Pr 31:27.
H6104	strongs_he	indolence
H6105	bdb	shut the eyes; shutteth his eyes from; he hath tightly shut your eyes; be vast, mighty, numerous; be mighty, be numerous; be mighty; be numerous; make strong
H6105	strongs_he	to bind fast, i.e. close (the eyes); intransitively, to be (causatively, make) powerful or numerous; to crunch the bones
H6106	bdb	bone; substance; self
H6106	strongs_he	a bone (as strong); by extension, the body; figuratively, the substance, i.e. (as pron.) selfsame
H6107	bdb	עֶ֫צֶם n.pr.loc. in Negeb of Judah, Simeon
H6107	strongs_he	Etsem, a place in Palestine
H6108	bdb	might; bones
H6108	strongs_he	power; hence, body
H6109	bdb	might
H6109	strongs_he	powerfulness; by extension, numerousness
H6110	bdb	defence
H6110	strongs_he	a bulwark, i.e. (figuratively) argument
H6111	bdb	עַצְמוֹן n.pr.loc. on extreme S. border of Canaan
H6111	strongs_he	Atsmon, a place near Palestine
H6112	bdb	voluptuous
H6112	strongs_he	a spear
H6113	bdb	restrain, retain; restrain, retain; restrain; retain; be restrained, stayed
H6113	strongs_he	to inclose; by analogy, to hold back; also to maintain, rule, assemble
H6114	bdb	restraint
H6114	strongs_he	restraint
H6115	bdb	restraint; coercion
H6115	strongs_he	closure; also constraint
H6116	bdb	assembly
H6116	strongs_he	an assembly, especially on a festival or holiday
H6117	bdb	follow at the heel, assail insidiously, circumvent, overreach; attacked, at the heel; attack at the heel, hold back
H6117	strongs_he	to seize by the heel; figuratively, to circumvent (as if tripping up the heels); also to restrain (as if holding by the heel)
H6118	bdb	consequence; as a consequence of; because; reward; end
H6118	strongs_he	a heel, i.e. (figuratively) the last of anything (used adverbially, for ever); also result, i.e. compensation; and so (adverb with preposition or relatively) on account of
H6119	bdb	heel; footprint; hinder-part
H6119	strongs_he	a heel (as protuberant); hence, a track; figuratively, the rear (of an army)
H6120	bdb	overreacher
H6120	strongs_he	a lier in wait
H6121	bdb	steep; hilly; insidious, deceitful; foot-tracked
H6121	strongs_he	(transitive) fraudulent or (intransitive) tracked
H6122	bdb	insidiousness
H6122	strongs_he	trickery
H6123	bdb	bind
H6123	strongs_he	to tie with thongs
H6124	bdb	striped; streaked
H6124	strongs_he	striped (with bands)
H6125	bdb	pressure
H6125	strongs_he	constraint
H6126	bdb	עַקּוּב n.pr.m. descendant of David heads of post-exilic families Levites
H6126	strongs_he	Akkub, the name of five Israelites
H6127	bdb	bend; twist; crooked justice
H6127	strongs_he	to wrest
H6128	bdb	crooked
H6128	strongs_he	winding
H6129	bdb	crooked
H6129	strongs_he	tortuous
H6130	bdb	עֲקָן n.pr.m. in Edom; = יַעֲקָן
H6130	strongs_he	Akan, an Idummaean
H6131	bdb	hamstring; pluck, root up
H6131	strongs_he	to pluck up (especially by the roots); specifically, to hamstring; figuratively, to exterminate
H6132	bdb	be rooted up
H6132	strongs_he	pluck up by the roots.
H6133	bdb	offshoot; member; root
H6133	strongs_he	figuratively, a transplanted person, i.e. naturalized citizen
H6134	bdb	עֵקֶר n.pr.m. in Judah 1 Ch 2:27
H6134	strongs_he	Eker, an Israelite
H6135	bdb	barren
H6135	strongs_he	sterile (as if extirpated in the generative organs)
H6136	bdb	root; stock
H6136	strongs_he	a stock
H6137	bdb	scorpion
H6137	strongs_he	a scorpion; figuratively, a scourge or knotted whip
H6138	bdb	Eḳrôn
H6138	strongs_he	Ekron, a place in Palestine
H6139	bdb	Eḳrônite
H6139	strongs_he	an Ekronite or inhabitant of Ekron
H6140	bdb	twist; one crooked in ways; their paths they have twisted, they make crooked; he hath declared me crooked
H6140	strongs_he	to knot or distort; figuratively, to pervert (act or declare perverse)
H6141	bdb	twisted; perverted
H6141	strongs_he	distorted; hence, false
H6142	bdb	עִקֵּשׁ n.pr.m. a Tekoan
H6142	strongs_he	Ikkesh, an Israelite
H6143	bdb	crookedness
H6143	strongs_he	perversity
H6144	bdb	עָר n.pr.loc. in Moab, S. of Arnon
H6144	strongs_he	Ar, a place in Moab
H6145	bdb	thine adversary
H6145	strongs_he	a foe (as watchful for mischief)
H6146	bdb	foe
H6146	strongs_he	enemy.
H6147	bdb	עֵר n.pr.m. eldest son of Judah son of Judah’s son Shelah
H6147	strongs_he	Er, the name of two Israelites
H6148	bdb	take on pledge, give in pledge, exchange; take on pledge, go surety for, give in pledge, exchange; take on pledge, go surety for; give in pledge; exchange; exchange pledges, with my lord, have fellowship, share; exchange pledges, with my lord; have fellowship, share; have fellowship; share
H6148	strongs_he	to braid, i.e. intermix; technically, to traffic (as if by barter); also or give to be security (as a kind of exchange)
H6149	bdb	be sweet; pleasant
H6149	strongs_he	to be agreeable
H6150	bdb	become evening, grow dark; has grown dark; doing it, at evening
H6150	strongs_he	to grow dusky at sundown
H6151	bdb	mix; mixed
H6151	strongs_he	to commingle
H6152	bdb	desert-plateau; steppe; steppe-dwellers
H6152	strongs_he	Arab (i.e. Arabia), a country East of Palestine
H6153	bdb	set, evening; evening, set, between two evenings; evening, set; between two evenings; night
H6153	strongs_he	dusk
H6154	bdb	mixture; mixed company; woof; mixed
H6154	strongs_he	the web (or transverse threads of cloth); also a mixture, (or mongrel race)
H6155	bdb	poplar
H6155	strongs_he	a willow (from the use of osiers as wattles)
H6156	bdb	sweet; pleasant
H6156	strongs_he	pleasant
H6157	bdb	swarm; mixture
H6157	strongs_he	a mosquito (from its swarming)
H6158	bdb	raven
H6158	strongs_he	a raven (from its dusky hue)
H6159	bdb	raven
H6159	strongs_he	Oreb, the name of a Midianite and of the cliff near the Jordan
H6160	bdb	desert-plain; steppe
H6160	strongs_he	a desert; especially (with the article prefix) the (generally) sterile valley of the Jordan and its continuation to the Red Sea
H6161	bdb	thing exchanged; pledge; token
H6161	strongs_he	something given as security, i.e. (literally) a token (of safety) or (metaphorically) a bondsman
H6162	bdb	pledge
H6162	strongs_he	a pawn (given as security)
H6163	bdb	steppe-dweller; Arabian
H6163	strongs_he	an Arabian or inhabitant of Arab (i.e. Arabia)
H6164	bdb	place of the depression
H6164	strongs_he	an Arbathite or inhabitant of (Beth-) Arabah
H6165	bdb	long for
H6165	strongs_he	to long for
H6166	bdb	עֲרָד n.pr.m. Benjamite 1 Ch 8:15; עֲרָד n.pr.loc. Can. city in the Negeb
H6166	strongs_he	Arad, the name of a place near Palestine, also of a Canaanite and an Israelite
H6167	bdb	wild ass
H6167	strongs_he	an onager
H6168	bdb	be naked, bare; lay bare, lay bare, empty, pour out; lay bare; lay bare, empty; pour out; make naked, pour out; make naked; pour out; there be poured upon us a spirit; thou shalt make thyself naked, pouring himself, spreading himself out; thou shalt make thyself naked; pouring himself, spreading himself out
H6168	strongs_he	to be (causatively, make) bare; hence, to empty, pour out, demolish
H6169	bdb	bare place
H6169	strongs_he	a naked (i.e. level) plot
H6170	bdb	garden terrace; bed
H6170	strongs_he	something piled up (as if (figuratively) raised by mental aspiration), i.e. a paterre
H6171	bdb	wild ass
H6171	strongs_he	an onager (from his lonesome habits)
H6172	bdb	nakedness; pudenda
H6172	strongs_he	nudity, literally (especially the pudenda) or figuratively (disgrace, blemish)
H6173	bdb	dishonour
H6173	strongs_he	nakedness, i.e. (figuratively) impoverishment
H6174	bdb	naked
H6174	strongs_he	nude, either partially or totally
H6175	bdb	crafty; shrewd; sensible
H6175	strongs_he	cunning (usually in a bad sense)
H6176	bdb	juniper
H6176	strongs_he	a juniper (from its nudity of situation)
H6177	bdb	עֲרֹעֵר 10, עֲרוֹעֵר 5, עַרְעֹר 1 n.pr.loc. city on N. bank of Arnon, S. limit of E. Jordan Isr. city near Rabbah in Ammon city in S. Judah
H6177	strongs_he	Aroër, the name of three places in or near Palestine
H6178	bdb	dreadful
H6178	strongs_he	feared, i.e. (concretely) a horrible place or chasm
H6179	bdb	עֵרִי n.pr.m. a son of Gad
H6179	strongs_he	Eri, an Israelite
H6180	bdb	עֵרִי adj.gent. c. art. as subst. coll. Nu 26:16
H6180	strongs_he	an Erite (collectively) or descendants of Eri
H6181	bdb	nakedness
H6181	strongs_he	nudity
H6182	bdb	coarse meal; dough
H6182	strongs_he	meal
H6183	bdb	cloud
H6183	strongs_he	the sky (as drooping at the horizon)
H6184	bdb	awe-inspiring; terror-stricken
H6184	strongs_he	fearful, i.e. powerful or tyrannical
H6185	bdb	stripped; childless
H6185	strongs_he	bare, i.e. destitute (of children)
H6186	bdb	arrange, set in order; arrange in order, set, lay in order, arrange, arrange, arrange, in order, arrange, state in order, set forth, compare, be comparable; arrange in order, set, lay in order, arrange, arrange, arrange, in order, arrange, state in order, set forth; arrange in order; set, lay in order; arrange; arrange; arrange, in order; arrange; state in order, set forth; compare, be comparable; compare; be comparable; value; tax
H6186	strongs_he	to set in a row, i.e. arrange, put in order (in a very wide variety of applications)
H6187	bdb	order; row; estimate
H6187	strongs_he	a pile, equipment, estimate
H6188	bdb	count as foreskin; ye shall regard, as uncircumcised; be counted as uncircumcised
H6188	strongs_he	to expose or remove the prepuce, whether literal (to go naked) or figurative (to refrain from using)
H6189	bdb	having foreskin; uncircumcised
H6189	strongs_he	properly, exposed, i.e. projecting loose (as to the prepuce); used only technically, uncircumcised (i.e. still having the prepuce uncurtailed)
H6190	bdb	foreskin
H6190	strongs_he	the prepuce
H6191	bdb	be shrewd, crafty; he is exceedingly crafty; be crafty, be, become shrewd
H6191	strongs_he	properly, to be (or make) bare; but used only in the derivative sense (through the idea perhaps of smoothness) to be cunning (usually in a bad sense)
H6192	bdb	be heaped up
H6192	strongs_he	to pile up
H6193	bdb	craftiness
H6193	strongs_he	a stratagem
H6194	bdb	heap
H6194	strongs_he	a heap; specifically, a sheaf
H6195	bdb	craftiness; prudence
H6195	strongs_he	trickery; or (in a good sense) discretion
H6196	bdb	plane-tree; stripped
H6196	strongs_he	the plane tree (from its smooth and shed bark)
H6197	bdb	עֵרָן n.pr.m. an Ephraimite Nu 26:36
H6197	strongs_he	Eran, an Israelite
H6198	bdb	עֵרָנִי adj.gent. c. art. as subst. coll. Nu 26:36
H6198	strongs_he	an Eranite or descendant (collectively) of Eran
H6199	bdb	stripped; destitute
H6199	strongs_he	naked, i.e. (figuratively) poor
H6200	bdb	עֲרֹעֵרִי adj.gent. of foreg. [p.fu.ae]; הָע׳ 1 Ch 11:44.
H6200	strongs_he	an Aroerite or inhabitant of Aroer
H6201	bdb	drip; drop
H6201	strongs_he	to droop; hence, to drip
H6202	bdb	break the neck
H6202	strongs_he	to break the neck; hence (figuratively) to destroy
H6203	bdb	back of neck; neck
H6203	strongs_he	the nape or back of the neck (as declining); hence, the back generally (whether literal or figurative)
H6204	bdb	עָרְפָּה n.pr.f. sister-in-law of Ruth
H6204	strongs_he	Orpah, a Moabitess
H6205	bdb	cloud; heavy cloud
H6205	strongs_he	gloom (as of a lowering sky)
H6206	bdb	cause to tremble, tremble; cause to tremble, tremble, feel dread; cause to tremble; tremble, feel dread; terrible; regard, treat, with awe, as awful, inspire with awe; regard, treat, with awe, as awful; inspire with awe
H6206	strongs_he	to awe or (intransitive) to dread; hence, to harass
H6207	bdb	gnaw
H6207	strongs_he	to gnaw, i.e. (figuratively) eat (by hyberbole); also (participle) a pain
H6208	bdb	Arḳite; ‛Arḳa
H6208	strongs_he	an Arkite or inhabitant of Erek
H6209	bdb	strip oneself; they have laid bare, her palaces; be laid utterly bare
H6209	strongs_he	to bare; figuratively, to demolish
H6210	bdb	couch; divan
H6210	strongs_he	a couch (properly, with a canopy)
H6211	bdb	moth; herbage; grass
H6211	strongs_he	a moth
H6212	bdb	herb; herbage
H6212	strongs_he	grass (or any tender shoot)
H6213	bdb	do, make; do, deal, do, act, act with effect, make, produce, yield, prepare, make, attend to, put in order, observe, celebrate, acquire, appoint, bring about, use, spend, pass; do, deal, do, act, act with effect; do; deal; do; act, act with effect; make, produce, yield, prepare, make, attend to, put in order, observe, celebrate, acquire, appoint, bring about, use, spend, pass; make; produce, yield; prepare; make; attend to, put in order; observe, celebrate; acquire; appoint; bring about; use; spend, pass; be done, be made, be produced, be prepared, be offered, be observed, be used; be done; be made, be produced, be prepared, be offered, be observed, be used; be made; be produced; be prepared; be offered; be observed; be used; I was made; press; squeeze
H6213	strongs_he	to do or make, in the broadest sense and widest application
H6214	bdb	עֲשָׂהאֵל 18 n.pr.m. brother of Joab and Abishai Levites post-exil. name
H6214	strongs_he	Asahel, the name of four Israelites
H6215	bdb	Esau
H6215	strongs_he	Esav, a son of Isaac, including his posterity
H6216	bdb	oppressor; extortioner
H6216	strongs_he	oppressive (as noun, a tyrant)
H6217	bdb	oppression; extortion
H6217	strongs_he	used in plural masculine as abstractly, tyranny
H6218	bdb	a ten; decade
H6218	strongs_he	ten; by abbreviated form ten strings, and so a decachord
H6219	bdb	smooth
H6219	strongs_he	shining, i.e. polished
H6220	bdb	עַשְׁוָ֑ת n.pr.m. in Asher 1 Ch 7:33
H6220	strongs_he	Ashvath, an Israelite
H6221	bdb	עֲשִׂיאֵל n.pr.m. Simeonite 1 Ch 4:35
H6221	strongs_he	Asiel, an Israelite
H6222	bdb	עֲשָׂיָה n.pr.m. servant of Josiah Simeonite Levites
H6222	strongs_he	Asajah, the name of three or four Israelites
H6223	bdb	rich; the rich
H6223	strongs_he	rich, whether literal or figurative (noble)
H6224	bdb	tenth
H6224	strongs_he	tenth; by abbreviation, tenth month or (feminine) part
H6225	bdb	smoke; be wroth
H6225	strongs_he	to smoke, whether literal or figurative
H6226	bdb	smoking
H6226	strongs_he	smoky
H6227	bdb	smoke
H6227	strongs_he	smoke, literally or figuratively (vapor, dust, anger)
H6228	bdb	עָשָׁן n.pr.loc. in Shephelah of Judah
H6228	strongs_he	Ashan, a place in Palestine
H6229	bdb	contend
H6229	strongs_he	to press upon, i.e. quarrel
H6230	bdb	contention
H6230	strongs_he	strife
H6231	bdb	oppress; wrong; extort
H6231	strongs_he	to press upon, i.e. oppress, defraud, violate, overflow
H6232	bdb	עֵ֫שֶׁק n.pr.m. Benjamite 1 Ch 8:39
H6232	strongs_he	Eshek, an Israelite
H6233	bdb	oppression; extortion
H6233	strongs_he	injury, fraud, (subjectively) distress, (concretely) unjust gain
H6234	bdb	oppression; distress
H6234	strongs_he	anguish
H6235	bdb	ten
H6235	strongs_he	ten (as an accumulation to the extent of the digits)
H6236	bdb	a ten
H6236	strongs_he	ten
H6237	bdb	tale the tenth of; tithe
H6237	strongs_he	to tithe, i.e. to take or give a tenth
H6238	bdb	be, become rich; I have become rich; make rich, gain riches; make rich; gain riches; one enriching himself
H6238	strongs_he	properly, to accumulate; chiefly (specifically) to grow (causatively, make) rich
H6239	bdb	riches
H6239	strongs_he	wealth
H6240	bdb	ten
H6240	strongs_he	ten (only in combination), i.e. -teen; also (ordinal) -teenth
H6241	bdb	tenth part
H6241	strongs_he	(fractional) a tenth part
H6242	bdb	twenty
H6242	strongs_he	twenty; also (ordinal) twentieth
H6243	bdb	twenty
H6243	strongs_he	twenty.
H6244	bdb	waste away
H6244	strongs_he	probably to shrink, i.e. fail
H6245	bdb	think; be smooth; shiny
H6245	strongs_he	probably to be sleek, i.e. glossy; hence (through the idea of polishing) to excogitate (as if forming in the mind)
H6246	bdb	think; plan
H6246	strongs_he	to purpose
H6247	bdb	plate
H6247	strongs_he	a fabric
H6248	bdb	thought
H6248	strongs_he	cogitation
H6249	bdb	one
H6249	strongs_he	eleven or (ordinal) eleventh
H6250	bdb	[עֶשְׁתֹּנָה] n.f. id. [p.gh.ab];—pl. sf. ψ 146:4.
H6250	strongs_he	thinking
H6251	bdb	ewes; young
H6251	strongs_he	increase
H6252	bdb	עַשְׁתָּרוֹת E. of Jordan
H6252	strongs_he	Ashtaroth, the name of a Sidonian deity, and of a place East of the Jordan
H6253	bdb	‛Aštōreth; ‛Aštart; ‛Aštéreth
H6253	strongs_he	Ashtoreth, the Phoenician goddess of love (and increase)
H6254	bdb	עַשְׁתְּרָתִי adj.gent. of foreg. [p.gh.ah] 1 Ch 11:44.
H6254	strongs_he	an Ashterathite or inhabitant of Ashtaroth
H6255	bdb	עַשְׁתָּרוֹת E. of Jordan
H6255	strongs_he	Ashteroth-Karnaim, a place East of the Jordan
H6256	bdb	time; time; usual time, proper, suitable time, appointed time; usual time; proper, suitable time; appointed time; experience, fortunes; occurrence, occasion
H6256	strongs_he	time, especially (adverb with preposition) now, when, etc.
H6257	bdb	be ready; and make it ready; were prepared, for, heaps
H6257	strongs_he	to prepare
H6258	bdb	now
H6258	strongs_he	at this time, whether adverb, conjunction or expletive
H6259	bdb	ready; prepared
H6259	strongs_he	prepared
H6260	bdb	he-goat
H6260	strongs_he	prepared, i.e. full grown; spoken only (in plural) of he-goats, or (figuratively) leaders of the people
H6261	bdb	timely; ready
H6261	strongs_he	timely
H6262	bdb	עַתַּי n.pr.m. of Judah of Gad 2 Ch 11:20
H6262	strongs_he	Attai, the name of three Israelites
H6263	bdb	ready
H6263	strongs_he	prepared
H6264	bdb	ready; prepared
H6264	strongs_he	prepared; by implication, skilful; feminine plural the future; also treasure
H6265	bdb	עֲתָיָה n.pr.m. Ne 11:4 (very dub.)
H6265	strongs_he	Athajah, an Israelite
H6266	bdb	eminent; surpassing; choice
H6266	strongs_he	properly, antique, i.e. venerable or splendid
H6267	bdb	removed; old
H6267	strongs_he	removed, i.e. weaned; also antique
H6268	bdb	advanced; aged
H6268	strongs_he	venerable
H6269	bdb	עֲתָ֑ךְ n.pr.loc. in Judah 1 S 30:30
H6269	strongs_he	Athak, a place in Palestine
H6270	bdb	is exalted
H6270	strongs_he	Athlai, an Israelite
H6271	bdb	is exalted
H6271	strongs_he	Athaljah, the name of an Israelitess and two Israelites
H6272	bdb	is burned up
H6272	strongs_he	probably to glow, i.e. (figuratively) be desolated
H6273	bdb	עָתְנִי n.pr.m. Levite 1 Ch 26:7
H6273	strongs_he	Othni, an Israelite
H6274	bdb	עָתְנִיאֵל n.pr.m. son of Ḳenaz, a hero in Isr.
H6274	strongs_he	Othniel, an Israelite
H6275	bdb	move, proceed, advance; move, advance; move; advance; move forward, he who removeth mountains, transcribe, remove; move forward; he who removeth mountains; transcribe, remove
H6275	strongs_he	to remove (intransitive or transitive) figuratively, to grow old; specifically, to transcribe
H6276	bdb	valuable; advanced; eminent; surpassing
H6276	strongs_he	antique, i.e. valued
H6277	bdb	forward; arrogant
H6277	strongs_he	impudent
H6278	bdb	]עֵת] קָצִין n.pr.loc. on border of Zebulun, only c. loc. Jos 19:13; site unknown.
H6278	strongs_he	Eth-Katsin, a place in Palestine
H6279	bdb	pray; supplicate
H6279	strongs_he	to burn incense in worship, i.e. intercede (reciprocally, listen to prayer)
H6280	bdb	be abundant; crooked, hypocritical; ye have multiplied against me your words
H6280	strongs_he	to be (causatively, make) abundant
H6281	bdb	עֶ֫תֶר n.pr.loc. in Judah, in Simeon
H6281	strongs_he	Ether, a place in Palestine
H6282	bdb	suppliant; worshipper; odour
H6282	strongs_he	incense (as increasing to a volume of smoke); hence a worshipper
H6283	bdb	abundance
H6283	strongs_he	copiousness
H6284	bdb	cleave in pieces
H6284	strongs_he	to puff, i.e. blow away
H6285	bdb	corner; side; part cut off
H6285	strongs_he	properly, mouth in a figurative sense, i.e. direction, region, extremity
H6286	bdb	go over the boughs; beautify, glorify; glorify oneself, get glory to oneself, be glorified, by means of; glorify oneself; get glory to oneself, be glorified, by means of
H6286	strongs_he	to gleam, i.e. (causatively) embellish; figuratively, to boast; also to explain (i.e. make clear) oneself; to shake a tree
H6287	bdb	head-dress; turban; ornament
H6287	strongs_he	an embellishment, i.e. fancy head-dress
H6288	bdb	bough; boughs
H6288	strongs_he	properly, ornamentation, i.e. (plural) foliage (including the limbs) as bright green
H6289	bdb	gather a glow
H6289	strongs_he	properly, illuminated, i.e. a glow; as noun, a flush (of anxiety)
H6290	bdb	Paran
H6290	strongs_he	Paran, a desert of Arabia
H6291	bdb	early fig
H6291	strongs_he	crude; an unripe fig
H6292	bdb	foul thing; refuse
H6292	strongs_he	properly, fetid, i.e. (figuratively) unclean (ceremonially)
H6293	bdb	meet, encounter, reach; meet, light upon, meet, encounter, fall upon, encounter, entreat, strike, touch; meet, light upon; meet; encounter, fall upon; encounter, entreat; strike, touch; cause to light upon, cause one, to entreat, make entreaty, interpose, encounter, entreat, make attack; cause to light upon; cause one, to entreat; make entreaty, interpose; encounter, entreat; make attack
H6293	strongs_he	to impinge, by accident or violence, or (figuratively) by importunity
H6294	bdb	occurrence; chance
H6294	strongs_he	impact (casual)
H6295	bdb	פַּגְעִיאֵל n.m. Asherite
H6295	strongs_he	Pagiel, an Israelite
H6296	bdb	be exhausted; faint
H6296	strongs_he	to relax, i.e. become exhausted
H6297	bdb	corpse; carcass
H6297	strongs_he	a carcase (as limp), whether of man or beast; figuratively, an idolatrous image
H6298	bdb	meet, encounter; meet; meet together, each other; they keep encountering darkness
H6298	strongs_he	to come in contact with, whether by accident or violence; figuratively, to concur
H6299	bdb	ransom; ransom; she hath not been at all ransomed; he shall let her be ransomed
H6299	strongs_he	to sever, i.e. ransom; generally to release, preserve
H6300	bdb	Ēl hath ransomed
H6300	strongs_he	Pedahel, an Israelite
H6301	bdb	the Rock hath ransomed
H6301	strongs_he	Pedahtsur, an Israelite
H6302	bdb	ransom
H6302	strongs_he	as abstractly (in plural masculine) a ransom
H6303	bdb	ransom
H6303	strongs_he	Padon, one of the Nethinim.
H6304	bdb	ransom
H6304	strongs_he	distinction; also deliverance
H6305	bdb	hath ransomed
H6305	strongs_he	Pedajah, the name of six Israelites
H6306	bdb	ransom; פִּדְיוֹן n.m. id. [q.aj.ae]
H6306	strongs_he	a ransom
H6307	bdb	garden; field
H6307	strongs_he	Paddan or Paddan-Aram, a region of Syria
H6308	bdb	deliver him
H6308	strongs_he	to retrieve
H6309	bdb	suet
H6309	strongs_he	suet
H6310	bdb	mouth; mouth; mouth; edge; mouth; extremity, end; extremity, end
H6310	strongs_he	the mouth (as the means of blowing), whether literal or figurative (particularly speech); specifically edge, portion or side; adverbially (with preposition) according to
H6311	bdb	here; hither
H6311	strongs_he	this place (French ici), i.e. here or hence
H6312	bdb	פּוּאָה, פֻּוָּה n.pr.m. in Issachar
H6312	strongs_he	Puah or Puvvah, the name of two Israelites
H6313	bdb	grow numb; I am benumbed and crushed
H6313	strongs_he	to be sluggish
H6314	bdb	benumbing; cessation
H6314	strongs_he	intermission
H6315	bdb	breathe, blow; the day breathes; cause, to exhale, puff, snort, will I blow against thee, excite, inflame, puff, pant for it, breathe out, utter; cause, to exhale; puff, snort, will I blow against thee, excite, inflame, puff, pant for it; puff, snort; will I blow against thee; excite, inflame; puff, pant for it; breathe out, utter
H6315	strongs_he	to puff, i.e. blow with the breath or air; hence, to fan (as a breeze), to utter, to kindle (a fire), to scoff
H6316	bdb	Libyans
H6316	strongs_he	Put, a son of Ham, also the name of his descendants or their region, and of a Persian tribe
H6317	bdb	פּוּטִיאֵל n.pr.m. Eleazar’s father-in-law Ex 6:25
H6317	strongs_he	Putiel, an Israelite
H6318	bdb	פּוֹטִיפַר n.pr.m. Joseph's master
H6318	strongs_he	Potiphar, an Egyptian
H6319	bdb	פּוֹטִי פֶ֫רַע n.pr.m. priest of On, Joseph's father-in-law
H6319	strongs_he	Poti-Phera, an Egyptian
H6320	bdb	antimony; stibium
H6320	strongs_he	dye (specifically, stibium for the eyes)
H6321	bdb	beans
H6321	strongs_he	a bean (as plump)
H6322	bdb	Pulu
H6322	strongs_he	Pul, the name of an Assyrian king and of an Ethiopian tribe
H6323	bdb	[פּוּן] vb. (?); only ψ 88:16
H6323	strongs_he	meaning to turn, i.e. be perplexed
H6324	bdb	פּוּנִי adj.gent. c. art. Nu 26:23
H6324	strongs_he	a Punite (collectively) or descendants of an unknown Pun
H6325	bdb	פּוּנֹן n.pr.loc. 2nd station of Isr. fr. Hor; betw. Petra and Zoar, famous for mines
H6325	strongs_he	Punon, a place in the Desert
H6326	bdb	פּוּעָה n.pr.f. a midwife Ex 1:15
H6326	strongs_he	Puah, an Israelitess
H6327	bdb	scatterer; disperser; flow; overflow; be dispersed, scattered; be dispersed, disperse, be scattered; be scattered, be spread abroad; be scattered; be spread abroad; scatter, scatter; scatter; scatter; break, break, break asunder, break asunder, crush; shatters rock; he, dashed me in pieces
H6327	strongs_he	to dash in pieces, literally or figuratively (especially to disperse)
H6328	bdb	reel, totter; they reel, judgment; totter, cause tottering; totter; cause tottering
H6328	strongs_he	to waver
H6329	bdb	bring out, furnish, promote; produce, furnish; bring out, elicit, obtain; his device do not promote
H6329	strongs_he	to issue, i.e. furnish; causatively, to secure; figuratively, to succeed
H6330	bdb	tottering; staggering
H6330	strongs_he	a stumbling-block
H6331	bdb	break, frustrate; be frustrated, be broken; be frustrated; be broken; he hath shattered me
H6331	strongs_he	to crush
H6332	bdb	lot
H6332	strongs_he	a lot (as by means of a broken piece)
H6333	bdb	wine-press
H6333	strongs_he	a wine-press (as crushing the grapes)
H6334	bdb	פּוֹרָתָא n.pr.m. son of Haman Est 9:8
H6334	strongs_he	Poratha, a son of Haman
H6335	bdb	spring about; be scattered
H6335	strongs_he	to spread; figuratively, act proudly
H6336	bdb	פּוּתִי adj.gent. c. art. 1 Ch 2:53, a family in Judah
H6336	strongs_he	a Puthite (collectively) or descendants of an unknown Puth
H6337	bdb	refined; pure gold
H6337	strongs_he	pure (gold); hence, gold itself (as refined)
H6338	bdb	be refined
H6338	strongs_he	to refine (gold)
H6339	bdb	be supple, agile; shew agility, leap
H6339	strongs_he	to solidify (as if by refining); also to spring (as if separating the limbs)
H6340	bdb	scatter; a scattered sheep; are scattered; scatter; scattered
H6340	strongs_he	to scatter, whether in enmity or bounty
H6341	bdb	bird-trap; plate
H6341	strongs_he	a (metallic) sheet (as pounded thin); also a spring net (as spread out like a lamina)
H6342	bdb	dread, be in dread, in awe; be in dread, be in awe; be in dread; be in awe; be in great dread; filled, with dread
H6342	strongs_he	to be startled (by a sudden alarm); hence, to fear in general
H6343	bdb	dread; dread; object of dread
H6343	strongs_he	a (sudden) alarm (properly, the object feared, by implication, the feeling)
H6344	bdb	thigh
H6344	strongs_he	a testicle (as a cause of shame akin to fear)
H6345	bdb	dread; awe
H6345	strongs_he	alarm (i.e. awe)
H6346	bdb	governor
H6346	strongs_he	a prefect (of a city or small district)
H6347	bdb	governor
H6347	strongs_he	captain, governor.
H6348	bdb	be wanton; reckless
H6348	strongs_he	to bubble up or froth (as boiling water), i.e. (figuratively) to be unimportant
H6349	bdb	wantonness; recklessness; unbridled license
H6349	strongs_he	ebullition, i.e. froth (figuratively, lust)
H6350	bdb	recklessness; extravagance
H6350	strongs_he	frivolity
H6351	bdb	ensnare
H6351	strongs_he	to spread a net
H6352	bdb	coal
H6352	strongs_he	a coal, whether charred or live
H6353	bdb	potter
H6353	strongs_he	a potter
H6354	bdb	pit
H6354	strongs_he	a pit, especially for catching animals
H6355	bdb	פַּ֫חַת מוֹאָב n.pr.m. post-exil. name
H6355	strongs_he	Pachath-Moab, an Israelite
H6356	bdb	a boring; eating out
H6356	strongs_he	a hole (by mildew in a garment)
H6357	bdb	topaz; chrysolite; yellow
H6357	strongs_he	a gem, probably the topaz
H6358	bdb	separate, remove, set free; remove, escape, set free; remove, escape; set free; they separated with the lip
H6358	strongs_he	opened, i.e. (as noun) a bud
H6359	bdb	separate, remove, set free; remove, escape, set free; remove, escape; set free; they separated with the lip
H6359	strongs_he	open, i.e. unoccupied
H6360	bdb	forge-hammer
H6360	strongs_he	a hammer
H6361	bdb	a garment
H6361	strongs_he	a gown (as if hammered out wide)
H6362	bdb	separate, remove, set free; remove, escape, set free; remove, escape; set free; they separated with the lip
H6362	strongs_he	to cleave or burst through, i.e. (causatively) to emit, whether literal or figurative (gape)
H6363	bdb	that which separates; first opens; [פִּטְרָה] n.f. id. [q.bg.ab], Nu 8:16.
H6363	strongs_he	a fissure, i.e. (concretely) firstling (as opening the matrix)
H6364	bdb	פִּי־בֶ֫סֶת n.pr.loc. in Egypt;—Ez 30:17
H6364	strongs_he	Pi-Beseth, a place in Egypt
H6365	bdb	ruin; disaster
H6365	strongs_he	(figuratively) misfortune
H6366	bdb	mouth; mouth; mouth; edge; mouth; extremity, end; extremity, end
H6366	strongs_he	an edge
H6367	bdb	פִּי הַחִירֹת n.pr.loc. on E. border of Egypt. Site unknown.
H6367	strongs_he	Pi-ha-Chiroth, a place in Egypt
H6368	bdb	soot
H6368	strongs_he	a powder (as easily puffed away), i.e. ashes or dust
H6369	bdb	פִּיכֹל n.pr.m. captain of Abimelech of Gerar
H6369	strongs_he	Picol, a Philistine
H6370	bdb	concubine; concubine; paramour, concubinage
H6370	strongs_he	a concubine; also (masculine) a paramour
H6371	bdb	superabundance
H6371	strongs_he	obesity
H6372	bdb	Pe-nehasi, the negro
H6372	strongs_he	Pinechas, the name of three Israelites
H6373	bdb	פִּינֹן n.pr.m. Edomite
H6373	strongs_he	Pinon, an Idumaean
H6374	bdb	mouth; mouth; mouth; edge; mouth; extremity, end; extremity, end
H6374	strongs_he	an edge or tooth
H6375	bdb	tottering of knees
H6375	strongs_he	a tottering
H6376	bdb	פִּישׁוֹן n.pr.fl. one of the rivers of Eden Gn 2:11
H6376	strongs_he	Pishon, a river of Eden
H6377	bdb	פִּיתוֹן n.pr.m. descendant of Saul 1 Ch 8:35 = פִּיתֹן 9:41
H6377	strongs_he	Pithon, an Israelite
H6378	bdb	vial; flask
H6378	strongs_he	a flask (from which a liquid may flow)
H6379	bdb	trickle
H6379	strongs_he	to pour
H6380	bdb	bindress; binder; the gazelles
H6380	strongs_he	Pokereth-Tsebajim, one of the 'servants of Solomon'
H6381	bdb	be surpassing, extraordinary; be beyond one's power, difficult, be difficult, be extraordinary, wonderful, marvellous things, wonderful acts; be beyond one's power, difficult; be difficult; be extraordinary, wonderful, marvellous things; be extraordinary, wonderful; marvellous things; wonderful acts; make a special votive offering; do a hard, difficult thing, make wonderful, do wondrously, working wonders in doing; do a hard, difficult thing; make wonderful, do wondrously; working wonders in doing; thou dost shew thyself marvellous, against me
H6381	strongs_he	properly, perhaps to separate, i.e. distinguish (literally or figuratively); by implication, to be (causatively, make) great, difficult, wonderful
H6382	bdb	wonder; unusual; extraordinary
H6382	strongs_he	a miracle
H6383	bdb	wonderful; incomprehensible
H6383	strongs_he	remarkable
H6384	bdb	פַּלֻּאִי adj.gent. of foregoing [q.bk.ad], c. art. as n.coll., Nu 26:5.
H6384	strongs_he	a Palluite (collectively) or descendants of Pallu
H6385	bdb	split, divide; was divided; cleave, divide; cleave; divide
H6385	strongs_he	to split (literally or figuratively)
H6386	bdb	divide
H6386	strongs_he	divided.
H6387	bdb	half
H6387	strongs_he	a half
H6388	bdb	channel; canal
H6388	strongs_he	a rill (i.e. small channel of water, as in irrigation)
H6389	bdb	פֶּ֫לֶג n.pr.m. son of Eber
H6389	strongs_he	Peleg, a son of Shem
H6390	bdb	stream; division
H6390	strongs_he	a runlet, i.e. gully
H6391	bdb	division
H6391	strongs_he	a section
H6392	bdb	division
H6392	strongs_he	division.
H6393	bdb	iron; steel
H6393	strongs_he	a cleaver, i.e. iron armature (of a chariot)
H6394	bdb	פִּלְדָּשׁ n.pr.m. Nahorite Gn 22:22
H6394	strongs_he	Pildash, a relative of Abraham
H6395	bdb	be separated, distinct; make separate
H6395	strongs_he	to distinguish (literally or figuratively)
H6396	bdb	פַּלּוּא n.pr.m. son of Reuben
H6396	strongs_he	Pallu, an Israelite
H6397	bdb	פְּלֹנִי, פְּלוֹנִי adj.gent. erron.
H6397	strongs_he	a Pelonite or inhabitant of an unknown Palon
H6398	bdb	cleave; cleaving; cleave open, through, cause to cleave open; cleave open, through; cause to cleave open
H6398	strongs_he	to slice, i.e. break open or pierce
H6399	bdb	pay reverence to; serve
H6399	strongs_he	to serve or worship
H6400	bdb	cleavage; mill-stone
H6400	strongs_he	a slice
H6401	bdb	פִּלְחָא n.pr.m. post-exilic name Ne 10:25
H6401	strongs_he	Pilcha, an Israelite
H6402	bdb	service; worship
H6402	strongs_he	worship
H6403	bdb	escape; and, escape; bring into security, cause to escape, cast forth, be delivered; bring into security; cause to escape, cast forth; be delivered; bring into security
H6403	strongs_he	to slip out, i.e. escape; causatively, to deliver
H6404	bdb	פֶּ֫לֶט n.pr.m. 1 Ch 2:47 1 Ch 12:3
H6404	strongs_he	Pelet, the name of two Israelites
H6405	bdb	deliverance
H6405	strongs_he	escape
H6406	bdb	פַּלְטִי n.pr.m. Benjamite second husband of Michal
H6406	strongs_he	Palti, the name of two Israelites
H6407	bdb	place of escape
H6407	strongs_he	a Paltite or descendant of Palti
H6408	bdb	פִּלְטָ֑י n.pr.m. priest Ne 12:17
H6408	strongs_he	Piltai, an Israelite
H6409	bdb	פַּלְטִיאֵל n.pr.m. Nu 34:26. 2 S 3:15
H6409	strongs_he	Paltiel, the name of two Israelites
H6410	bdb	פְּלַטְיָ֫הוּ, פְּלַטְיָה n.pr.m. a prince of people grandson of Zerub. Simeonite
H6410	strongs_he	Pelatjah, the name of four Israelites
H6411	bdb	פְּלָאיָה n.pr.m. Ne 8:7 10:11; פְּלָיָה n.pr.m. (late) 1 Ch 3:24
H6411	strongs_he	Pelajah, the name of three Israelites
H6412	bdb	escaped one; fugitive; [פָּלֵיט] n.m. id. [q.bo.ae]
H6412	strongs_he	a refugee
H6413	bdb	escape; escape, deliverance; escaped remnant
H6413	strongs_he	deliverance; concretely, an escaped portion
H6414	bdb	judge
H6414	strongs_he	a magistrate
H6415	bdb	office of judge; umpire
H6415	strongs_he	justice
H6416	bdb	for a judge; calling for judgment
H6416	strongs_he	judicial
H6417	bdb	the giving a decision
H6417	strongs_he	judicature
H6418	bdb	whirl of spindle; district; circle; circuit
H6418	strongs_he	a circuit (i.e. district); also a spindle (as whirled); hence, a crutch
H6419	bdb	intervene, interpose; mediate, judge; intercede, pray, pray, poetical, liturgical; intercede; pray; pray; poetical, liturgical
H6419	strongs_he	to judge (officially or mentally); by extension, to intercede, pray
H6420	bdb	פָּלָל n.pr.m. a wall-builder Ne 3:25
H6420	strongs_he	Palal, an Israelite
H6421	bdb	hath interposed
H6421	strongs_he	Pelaljah, an Israelite
H6422	bdb	a certain one; one defined; a particular one; one not mentioned
H6422	strongs_he	a certain one, i.e. so-and-so
H6423	bdb	a certain one; one defined; a particular one; one not mentioned
H6423	strongs_he	such a one, i.e. a specified person
H6424	bdb	weigh; make level
H6424	strongs_he	properly, to roll flat, i.e. prepare (a road); also to revolve, i.e. weigh (mentally)
H6425	bdb	balance; scale
H6425	strongs_he	a balance
H6426	bdb	shudder
H6426	strongs_he	properly, perhaps to rend, i.e. (by implication) to quiver
H6427	bdb	shuddering
H6427	strongs_he	affright
H6428	bdb	roll in; burrow into
H6428	strongs_he	to roll (in dust)
H6429	bdb	Philistia
H6429	strongs_he	Pelesheth, a region of Syria
H6430	bdb	Philistine
H6430	strongs_he	a Pelishtite or inhabitant of Pelesheth
H6431	bdb	פֶּ֫לֶת n.pr.m. Reubenite Judahite
H6431	strongs_he	Peleth, the name of two Israelites
H6432	bdb	פְּלֵתִי adj.gent. from unknown n.pr.; only c. art. as n. coll. of David’s guard
H6432	strongs_he	a courier (collectively) or official messenger
H6433	bdb	mouth
H6433	strongs_he	the mouth (literally or figuratively)
H6434	bdb	corner
H6434	strongs_he	an angle (of a street or wall)
H6435	bdb	lest
H6435	strongs_he	properly, removal; used only (in the construction) adverb as conjunction, lest
H6436	bdb	פַּנַּג n.[m.] unknown word, appar. some kind of food; Ez 27:17
H6436	strongs_he	probably pastry
H6437	bdb	turn; turn, turn, turn, turn, decline, turn toward, approach, turn and look, look, face, look, regard, look, look; turn, turn, turn, turn, decline, turn toward, approach; turn; turn; turn; turn, decline; turn toward, approach; turn and look, look, face, look, regard, look, look; turn and look, look; face; look, regard; look; look; turn, make a turn, shew, turning; turn; make a turn, shew, turning; be ye turned back!
H6437	strongs_he	to turn; by implication, to face, i.e. appear, look, etc.
H6438	bdb	corner
H6438	strongs_he	an angle; by implication, a pinnacle; figuratively, a chieftain
H6439	bdb	face of God
H6439	strongs_he	Penuel or Peniel, a place East of Jordan; also (as Penuel) the name of two Israelites
H6440	bdb	face, faces; face, faces, presence, person, see, face, face, face, face, surface, before; face, faces; presence, person, see, face; presence, person; see, face; face; face; face, surface; before
H6440	strongs_he	the face (as the part that turns); used in a great variety of applications (literally and figuratively); also (with prepositional prefix) as a preposition (before, etc.)
H6441	bdb	toward the, in-, side; within, faceward
H6441	strongs_he	faceward, i.e. indoors
H6442	bdb	inner
H6442	strongs_he	interior
H6443	bdb	corals; branching
H6443	strongs_he	probably a pearl (as round)
H6444	bdb	פְּנִנָּה n.pr.f. wife of Elkanah
H6444	strongs_he	Peninnah, an Israelitess
H6445	bdb	indulge; pamper
H6445	strongs_he	to enervate
H6446	bdb	flat
H6446	strongs_he	a long and sleeved tunic (perhaps simply a wide one; from the original sense of the root, i.e. of many breadths)
H6447	bdb	palm
H6447	strongs_he	the palm (of the hand, as being spread out)
H6448	bdb	pass between
H6448	strongs_he	to cut up, i.e. (figuratively) contemplate
H6449	bdb	Pisgah; cleft
H6449	strongs_he	Pisgah, a Mountain East of Jordan
H6450	bdb	אֶ֫פֶס דַּמִּים n.pr.loc. in Judah, c. 16 miles SW. of Jerusalem, called in 1 Ch 11:13 פַּס דַּמִּים, only 1 S 17:1.
H6450	strongs_he	Pas-Dammim, a place in Palestine
H6451	bdb	abundance; plenty; spread out
H6451	strongs_he	expansion, i.e. abundance
H6452	bdb	pass; spring over; limp; and he fell and was made limping; they went limping
H6452	strongs_he	to hop, i.e. (figuratively) skip over (or spare); by implication, to hesitate; also (literally) to limp, to dance
H6453	bdb	passover; sacrifice of passover; the animal victim of the passover; festival of the passover
H6453	strongs_he	a pretermission, i.e. exemption; used only techically of the Jewish Passover (the festival or the victim)
H6454	bdb	limper
H6454	strongs_he	Paseach, the name of two Israelites
H6455	bdb	lame
H6455	strongs_he	lame
H6456	bdb	[פָּסִיל] 23 n.m. id. [פֶּ֫סֶל]
H6456	strongs_he	an idol
H6457	bdb	פָּסָךְ n.pr.m. Asherite 1 Ch 7:33
H6457	strongs_he	Pasak, an Israelite
H6458	bdb	hew; hew into shape
H6458	strongs_he	to carve, whether wood or stone
H6459	bdb	idol; image
H6459	strongs_he	an idol
H6460	bdb	a; triangular; stringed instrument
H6460	strongs_he	psalterion; a lyre
H6461	bdb	disappear; vanish
H6461	strongs_he	probably to disperse, i.e. (intransitive) disappear
H6462	bdb	פִּסְפָּה n.pr.m. Asherite 1 Ch 7:38
H6462	strongs_he	Pispah, an Israelite
H6463	bdb	groan
H6463	strongs_he	to scream
H6464	bdb	פָּ֑עוּ, פָּ֑עִי n.pr.loc. in Edom
H6464	strongs_he	Pau or Pai, a place in Edom
H6465	bdb	פְּעוֹר n.pr. mont. in Moab dei (appar.)
H6465	strongs_he	Peör, a mountain East of Jordan; Baal Peor, (for a deity worshipped there
H6466	bdb	do, make; do, make; do; make
H6466	strongs_he	to do or make (systematically and habitually), especially to practise
H6467	bdb	doing, deed, work; deed, thing done; work, thing made; wages of work; acquisition
H6467	strongs_he	an act or work (concretely)
H6468	bdb	work; recompense
H6468	strongs_he	(abstractly) work
H6469	bdb	פְּעֻלְּתַי n.pr.m. Levite 1 Ch 26:5
H6469	strongs_he	Peullethai, an Israelite
H6470	bdb	thrust, impel, strike, hit; to impel him; be disturbed
H6470	strongs_he	to tap, i.e. beat regularly; hence (generally) to impel or agitate
H6471	bdb	beat; foot; anvil; occurrence
H6471	strongs_he	a stroke, literally or figuratively (in various applications, as follow)
H6472	bdb	bell; stroke; beat
H6472	strongs_he	a bell (as struck)
H6473	bdb	open wide
H6473	strongs_he	to yawn, i.e. open wide (literally or figuratively)
H6474	bdb	open wide
H6474	strongs_he	Paarai, an Israelite
H6475	bdb	part, open; open; snatch away, set free
H6475	strongs_he	to rend, i.e. open (especially the mouth)
H6476	bdb	cause to break, burst forth, break forth with; they have broken forth with joyous shout; break, in pieces
H6476	strongs_he	to break out (in joyful sound)
H6477	bdb	bluntness
H6477	strongs_he	bluntness
H6478	bdb	peel
H6478	strongs_he	to peel
H6479	bdb	peeled spot; stripe
H6479	strongs_he	a peeling
H6480	bdb	split open
H6480	strongs_he	to rend (by earthquake)
H6481	bdb	bruise; wound by bruising
H6481	strongs_he	to split, i.e. wound
H6482	bdb	bruise; wound
H6482	strongs_he	a wound
H6483	bdb	פִּצֵּץ n.pr.m. priestly name 1 Ch 24:15
H6483	strongs_he	Pitstsets, a priest
H6484	bdb	push, press; push, press; to display pushing
H6484	strongs_he	to peck at, i.e. (figuratively) stun or dull
H6485	bdb	attend to, visit, muster, appoint; pay attention to, observe, attend to, see to, seek, seek in vain, need, miss, lack, visit, visit upon, pass in review, muster, number, appoint; pay attention to, observe, attend to, see to, seek, seek in vain, need, miss, lack, visit, visit upon, pass in review, muster, number; pay attention to, observe, attend to, see to, seek, seek in vain, need, miss, lack; pay attention to, observe; attend to, see to; seek; seek in vain, need, miss, lack; visit; visit upon; pass in review, muster, number; appoint; be, sought, needed, missed, lacking, be visited, be visited upon, be appointed; be, sought, needed, missed, lacking; be visited; be visited upon; be appointed; muster; be passed in review, be caused to miss; be mustered; set, over, make overseer, commit, entrust, deposit; set, over, make overseer; commit, entrust, deposit; commit, entrust; deposit; be visited, be deposited, be made overseer; be visited; be deposited; be made overseer; musterings; expenses
H6485	strongs_he	to visit (with friendly or hostile intent); by analogy, to oversee, muster, charge, care for, miss, deposit, etc.
H6486	bdb	oversight; mustering; visitation; store
H6486	strongs_he	visitation (in many senses, chiefly official)
H6487	bdb	deposit; store
H6487	strongs_he	a deposit
H6488	bdb	oversight; sentinel
H6488	strongs_he	supervision
H6489	bdb	פְּקוֹד n.pr.gent. et terr. a people in Bab. army
H6489	strongs_he	Pekod, a symbolic name for Babylon
H6490	bdb	precept
H6490	strongs_he	properly, appointed, i.e. a mandate (of God; plural only, collectively, for the Law)
H6491	bdb	open; open, open; open; open; be opened
H6491	strongs_he	to open (the senses, especially the eyes); figuratively, to be observant
H6492	bdb	פֶּ֫קַח n.pr.m. usurping king of Israel
H6492	strongs_he	Pekach, an Israelite king
H6493	bdb	seeing
H6493	strongs_he	clear-sighted; figuratively, intelligent
H6494	bdb	hath opened
H6494	strongs_he	Pekachjah, an Israelite king
H6495	bdb	opening; wide; complete; opening
H6495	strongs_he	opening (of a dungeon), i.e. jail-delivery (figuratively, salvation for sin)
H6496	bdb	commissioner; deputy; overseer
H6496	strongs_he	a superintendent (civil, military or religious)
H6497	bdb	ball-; knob-; gourd-
H6497	strongs_he	a semi-globe
H6498	bdb	gourds; wild cucumbers
H6498	strongs_he	the wild cucumber (from splitting open to shed its seeds)
H6499	bdb	young bull; steer
H6499	strongs_he	a bullock (apparently as breaking forth in wild strength, or perhaps as dividing the hoof)
H6500	bdb	bear fruit, be fruitful; cause to bear fruit, make fruitful, shew fruitfulness, bear fruit; cause to bear fruit; make fruitful; shew fruitfulness, bear fruit
H6500	strongs_he	to bear fruit
H6501	bdb	wild ass
H6501	strongs_he	the onager
H6502	bdb	פִּרְאָם n.pr.m. Canaanite king of Jarmuth Jos 10:3
H6502	strongs_he	Piram, a Canaanite
H6503	bdb	structure
H6503	strongs_he	Parbar or Parvar, a quarter of Jerusalem
H6504	bdb	divide; divided; divide, separate, be divided, separated; divide, separate; be divided, separated; make a separation; divided; divide, separate, make a division, separation; divide, separate; make a division, separation; be divided, separated, from each other
H6504	strongs_he	to break through, i.e. spread or separate (oneself)
H6505	bdb	mule
H6505	strongs_he	a mule (perhaps from his lonely habits)
H6506	bdb	she-mule
H6506	strongs_he	a she-mule
H6507	bdb	grain
H6507	strongs_he	something separated, i.e. a kernel
H6508	bdb	preserve; park
H6508	strongs_he	a park
H6509	bdb	bear fruit, be fruitful; cause to bear fruit, make fruitful, shew fruitfulness, bear fruit; cause to bear fruit; make fruitful; shew fruitfulness, bear fruit
H6509	strongs_he	to bear fruit (literally or figuratively)
H6510	bdb	heifer; cow
H6510	strongs_he	a heifer
H6511	bdb	פָּרָה n.pr.loc. in Benj., Jos 18:23
H6511	strongs_he	Parah, a place in Palestine
H6512	bdb	mole; digger
H6512	strongs_he	a hole (as broken, i.e. dug)
H6513	bdb	פֻּרָה n.pr.m. Ju 7:10, 11
H6513	strongs_he	Purah, an Israelite
H6514	bdb	פְּרוּדָא n.pr.m. post-exil. name Ezr 2:55, = פְּרִידָא Ne 7:57
H6514	strongs_he	Peruda or Perida, one of 'Solomon's servants'
H6515	bdb	פָּרוּחַ n.pr.m. in Issachar 1 K 4:17
H6515	strongs_he	Paruach, an Israelite
H6516	bdb	פַּרְוָ֑יִם n.pr.loc. 2 Ch 3:6; in Arabia?
H6516	strongs_he	Parvajim, an Oriental region
H6517	bdb	pot
H6517	strongs_he	a skillet (as flat or deep)
H6518	bdb	warriors; leaders
H6518	strongs_he	a chieftain
H6519	bdb	open region; hamlet
H6519	strongs_he	an open country
H6520	bdb	rural population; rustics
H6520	strongs_he	magistracy, i.e. leadership (also concretely, chieftains)
H6521	bdb	hamlet-dweller
H6521	strongs_he	a rustic
H6522	bdb	Perizzite
H6522	strongs_he	a Perizzite, one of the Canaanitish tribes
H6523	bdb	iron
H6523	strongs_he	iron
H6524	bdb	bud, sprout, shoot; bud, sprout, send out shoots; cause to bud, sprout, shew buds, sprouts; cause to bud, sprout; shew buds, sprouts; break out; fly
H6524	strongs_he	to break forth as a bud, i.e. bloom; generally, to spread; specifically, to fly (as extending the wings); figuratively, to flourish
H6525	bdb	bud; sprout
H6525	strongs_he	a calyx (natural or artificial); generally, bloom
H6526	bdb	brood; offshoot; offspring
H6526	strongs_he	progeny, i.e. a brood
H6527	bdb	divide; chant
H6527	strongs_he	to scatter words, i.e. prate (or hum)
H6528	bdb	the broken off
H6528	strongs_he	a stray or single berry
H6529	bdb	fruit; fruit of the ground; offspring, fruit; fruit
H6529	strongs_he	fruit (literally or figuratively)
H6530	bdb	violent one
H6530	strongs_he	violent, i.e. a tyrant
H6531	bdb	harshness; severity
H6531	strongs_he	fracture, i.e. severity
H6532	bdb	curtain; that which habitually shuts off
H6532	strongs_he	a separatrix, i.e. (the sacred) screen
H6533	bdb	tear; rend
H6533	strongs_he	to tear
H6534	bdb	פַּרְמַשְׁתָּא n.pr.m. son of Haman Est 9:9
H6534	strongs_he	Parmashta, a son of Haman
H6535	bdb	פַּרְנָךְ n.pr.m. of Zebulun Nu 34:25, Φαρ(α)ναχ.
H6535	strongs_he	Parnak, an Israelite
H6536	bdb	break, divide; they have broken up; divide hoof, having hoofs; divide hoof; having hoofs
H6536	strongs_he	to break in pieces, i.e. (usually without violence) to split, distribute
H6537	bdb	half-mina; break in two
H6537	strongs_he	to split up
H6538	bdb	bearded vulture; ossifrage
H6538	strongs_he	a claw; also a kind of eagle
H6539	bdb	Persia
H6539	strongs_he	Paras (i.e. Persia), an Eastern country, including its inhabitants
H6540	bdb	Persia; Persians
H6540	strongs_he	Persia, Persians.
H6541	bdb	hoof; divided
H6541	strongs_he	a claw or split hoof
H6542	bdb	Persian
H6542	strongs_he	a Parsite (i.e. Persian), or inhabitant of Peres
H6543	bdb	Persian
H6543	strongs_he	Persian.
H6544	bdb	act as leader; lead; let go, let alone; let go, let loose, let alone; let go, let loose; let alone; the people is let loose; cause, to refrain, shew lack of restraint; cause, to refrain; shew lack of restraint
H6544	strongs_he	to loosen; by implication, to expose, dismiss; figuratively, absolve, begin
H6545	bdb	long hair; locks
H6545	strongs_he	the hair (as dishevelled)
H6546	bdb	leader
H6546	strongs_he	leadership (plural concretely, leaders)
H6547	bdb	Pharaoh
H6547	strongs_he	Paroh, a general title of Egyptian kings
H6548	bdb	Apries
H6548	strongs_he	Paroh-Chophra, an Egyptian king
H6549	bdb	Necho
H6549	strongs_he	Paroh-Nekoh (or -Neko), an Egyptian king
H6550	bdb	flea
H6550	strongs_he	a flea (as the isolated insect)
H6551	bdb	פַּרְעֹשׁ n.pr.m. head of post-ex. family Ne 10:15.
H6551	strongs_he	Parosh, the name of our Israelite
H6552	bdb	פִּרְעָתוֹן n.pr.loc. in Ephr.;—Ju 12:15
H6552	strongs_he	Pirathon, a place in Palestine
H6553	bdb	פִּרְעָתוֹנִי adj.gent. of foregoing [q.df.ad], cf. פִּרְעָתֹנִי
H6553	strongs_he	a Pirathonite or inhabitant of Pirathon
H6554	bdb	פַּרְפַּר n.pr.flum. near Damascus 2 K 5:12
H6554	strongs_he	Parpar, a river of Syria
H6555	bdb	break through; break, burst out, break through, down, break into, break open, break up, break in pieces, break out, upon, use violence, break over, increase, burst open, spread; break, burst out; break through, down; break into; break open; break up, break in pieces; break out, upon; use violence; break over, increase; burst open; spread; no vision spread abroad; who break away
H6555	strongs_he	to break out (in many applications, direct and indirect, literal and figurative)
H6556	bdb	bursting forth; breach
H6556	strongs_he	a break (literally or figuratively)
H6557	bdb	פֶּ֫רֶץ n.pr. m. son of Judah and Tamar loc. in פֶּ׳ עֻזָּא near Jerus. הַר פְּרָצִים
H6557	strongs_he	Perets, the name of two Israelites
H6558	bdb	פַּרְצִי adj.gent. c. art. as n.coll. Nu 26:20.
H6558	strongs_he	a Partsite (collectively) or descendants of Perets
H6559	bdb	פֶּ֫רֶץ n.pr. m. son of Judah and Tamar loc. in פֶּ׳ עֻזָּא near Jerus. הַר פְּרָצִים
H6559	strongs_he	Peratsim, a mountain in Palestine
H6560	bdb	פֶּ֫רֶץ n.pr. m. son of Judah and Tamar loc. in פֶּ׳ עֻזָּא near Jerus. הַר פְּרָצִים
H6560	strongs_he	Perets-Uzza, a place in Palestine
H6561	bdb	tear apart, away; tear away; he shall tear off; tear off
H6561	strongs_he	to break off or crunch; figuratively, to deliver
H6562	bdb	tear away; break off
H6562	strongs_he	to discontinue
H6563	bdb	parting of ways; plunder, snatched away
H6563	strongs_he	rapine; also a fork (in roads)
H6564	bdb	fragment
H6564	strongs_he	soup (as full of crumbed meat)
H6565	bdb	split, divide; split, cracked through in the earth; thou didst divide; break, frustrate; be frustrated, be broken; be frustrated; be broken; he hath shattered me
H6565	strongs_he	to break up (usually figuratively), i.e. to violate, frustrate
H6566	bdb	spread out, spread; spread out, spread; spread out; spread; they shall be scattered; spread out, scatter; spread out; scatter
H6566	strongs_he	to break apart, disperse, etc.
H6567	bdb	make distinct, declare; to declare distinctly to them; had, been distinctly declared; pierce; sting
H6567	strongs_he	to separate, literally (to disperse) or figuratively (to specify); also (by implication) to wound
H6568	bdb	make distinct
H6568	strongs_he	to specify
H6569	bdb	fæcal matter
H6569	strongs_he	excrement (as eliminated)
H6570	bdb	פֶּ֫רֶשׁ n.pr.m. Manassite 1 Ch 7:16
H6570	strongs_he	Peresh, an Israelite
H6571	bdb	horseman; horse; steed
H6571	strongs_he	a steed (as stretched out to a vehicle, not single nor for mounting ); also (by implication) a driver (in a chariot), i.e. (collectively) cavalry
H6572	bdb	copy; copy
H6572	strongs_he	a transcript
H6573	bdb	copy
H6573	strongs_he	copy.
H6574	bdb	fœces
H6574	strongs_he	the crotch (or anus)
H6575	bdb	exact statement
H6575	strongs_he	exposition
H6576	bdb	a spreading his cloud upon it
H6576	strongs_he	to expand
H6577	bdb	פַּרְשַׁנְדָּתָא n.pr.m. a son of Haman Est 9:7
H6577	strongs_he	Parshandatha, a son of Haman
H6578	bdb	Euphrates
H6578	strongs_he	Perath (i.e. Euphrates), a river of the East
H6579	bdb	nobles
H6579	strongs_he	a grandee
H6580	bdb	folly
H6580	strongs_he	stupidity (as a result of grossness or of degeneracy)
H6581	bdb	spread
H6581	strongs_he	to spread
H6582	bdb	tear in pieces
H6582	strongs_he	to tear in pieces
H6583	bdb	פַּשְׁחוּר n.pr.m. Je 20:1 21:1 Ne 10:4 father of one Gedaliah head of post-exil. family
H6583	strongs_he	Pashchur, the name of four Israelites
H6584	bdb	strip off, make a dash, raid; strip off, put off, put off, make a dash; strip off, put off; put off, make a dash; to strip the slain; strip, of, strip off, flay; strip, of; strip off; flay; he stripped himself of
H6584	strongs_he	to spread out (i.e. deploy in hostile array); by analogy, to strip (i.e. unclothe, plunder, flay, etc.)
H6585	bdb	step; march
H6585	strongs_he	to stride (from spreading the legs), i.e. rush upon
H6586	bdb	rebel, transgress; rebel, revolt, transgress; rebel, revolt; transgress; a brother, offended
H6586	strongs_he	to break away (from just authority), i.e. trespass, apostatize, quarrel
H6587	bdb	step
H6587	strongs_he	a stride
H6588	bdb	transgression
H6588	strongs_he	a revolt (national, moral or religious)
H6589	bdb	part, open wide
H6589	strongs_he	to dispart (the feet or lips), i.e. become licentious
H6590	bdb	interpret
H6590	strongs_he	to interpret
H6591	bdb	interpretation
H6591	strongs_he	an interpretation
H6592	bdb	solution; interpretation
H6592	strongs_he	interpretation.
H6593	bdb	flax; linen
H6593	strongs_he	linen (i.e. the thread, as carded)
H6594	bdb	flax
H6594	strongs_he	flax; by implication, a wick
H6595	bdb	fragment; bit; morsel; [פָּתוֹת] n.[m.] id. [q.eg.ab];—pl.cstr. Ez 13:19.
H6595	strongs_he	a bit
H6596	bdb	sockets; their secret parts; cardo femina
H6596	strongs_he	a hole, i.e. hinge or the female pudenda
H6597	bdb	suddenness; suddenly
H6597	strongs_he	instantly
H6598	bdb	portion; for; delicacies
H6598	strongs_he	a dainty
H6599	bdb	edict; decree
H6599	strongs_he	a (judicial) sentence
H6600	bdb	command; word; affair
H6600	strongs_he	a word, answer, letter or decree
H6601	bdb	be spacious, wide, open; one open; may God make wide for Japhet; be simple; be open-minded, simple, be enticed, deceived; be open-minded, simple; be enticed, deceived; be deceived; persuade, seduce, entice, deceive; persuade, seduce, entice; deceive; be persuaded, be deceived; be persuaded; be deceived
H6601	strongs_he	to open, i.e. be (causatively, make) roomy; usually figuratively (in a mental or moral sense) to be (causatively, make) simple or (in a sinister way) delude
H6602	bdb	פְּתוּאֵל n.pr.m. father of prophet Joel Jo 1:1
H6602	strongs_he	Pethuel, an Israelite
H6603	bdb	engraving
H6603	strongs_he	sculpture (in low or high relief or even intaglio)
H6604	bdb	פְּתוֹר n.pr.loc. home of Balaam
H6604	strongs_he	Pethor, a place in Mesopotamia
H6605	bdb	open; open; be opened; be opened, free, loosen, open; free; loosen; open; loosen thee the fetters of thy neck; engrave; stones engraved with the engravings of a signet
H6605	strongs_he	to open wide (literally or figuratively); specifically, to loosen, begin, plough, carve
H6606	bdb	open; opened; were opened
H6606	strongs_he	to open
H6607	bdb	opening; doorway; entrance
H6607	strongs_he	an opening (literally), i.e. door (gate) or entrance way
H6608	bdb	opening; unfolding
H6608	strongs_he	opening (figuratively) i.e. disclosure
H6609	bdb	drawn
H6609	strongs_he	something opened, i.e. a drawn sword
H6610	bdb	opening
H6610	strongs_he	opening (the act)
H6611	bdb	פְּתַחְיָה n.pr.m. priest Levite Judahite
H6611	strongs_he	Pethachjah, the name of four Israelites
H6612	bdb	simplicity; simple; open-minded
H6612	strongs_he	silly (i.e. seducible)
H6613	bdb	breadth
H6613	strongs_he	open, i.e. (as noun) width
H6614	bdb	rich robe
H6614	strongs_he	probably a figured mantle for holidays
H6615	bdb	פְּתַיּוּת n.f. id. [q.dz.ac] Pr 9:13
H6615	strongs_he	silliness (i.e. seducibility)
H6616	bdb	cord; thread; twisted
H6616	strongs_he	twine
H6617	bdb	twist; I have wrestled, with, the plan of the tortuous, tortuous and twisted; with the twisted thou dost deal tortuously
H6617	strongs_he	to twine, i.e. (literally) to struggle or (figuratively) be (morally) tortuous
H6618	bdb	tortuous
H6618	strongs_he	tortuous (i.e. crafty)
H6619	bdb	Pithom
H6619	strongs_he	Pithom, a place in Egypt
H6620	bdb	serpent; cobra
H6620	strongs_he	an asp (from its contortions)
H6621	bdb	suddenness
H6621	strongs_he	a wink, i.e. moment (used only [with or without preposition] adverbially, quickly or unexpectedly)
H6622	bdb	interpret
H6622	strongs_he	to open up, i.e. (figuratively) interpret (a dream)
H6623	bdb	interpretation
H6623	strongs_he	interpretation (of a dream)
H6624	bdb	פַּתְרוֹס n.pr.terr. = Upper Egypt
H6624	strongs_he	Pathros, a part of Egypt
H6625	bdb	פַּתְרֻסִים adj.gent.pl. of foregoing [q.ef.ac], as subst.
H6625	strongs_he	a Pathrusite, or inhabitant of Pathros
H6626	bdb	break up; crumble
H6626	strongs_he	to open, i.e. break
H6627	bdb	filth; human excrement
H6627	strongs_he	issue, i.e. (human) excrement
H6628	bdb	lotus
H6628	strongs_he	the lotus tree
H6629	bdb	small cattle; sheep and goats; flock; flocks
H6629	strongs_he	a collective name for a flock (of sheep or goats); also figuratively (of men)
H6630	bdb	צַאֲנָן n.pr.loc.
H6630	strongs_he	Zaanan, a place in Palestine
H6631	bdb	issue; offspring; produce
H6631	strongs_he	issue, i.e. produce, children
H6632	bdb	lizard; litter
H6632	strongs_he	a palanquin or canopy (as a fixture); also a species of lizard (probably as clinging fast)
H6633	bdb	wage war, serve; wage war, fight, serve; wage war, fight; serve; muster
H6633	strongs_he	to mass (an army or servants)
H6634	bdb	be inclined; desire; be pleased
H6634	strongs_he	to please
H6635	bdb	army, war, warfare; army, host; war, warfare, service; service
H6635	strongs_he	a mass of persons (or figuratively, things), especially reg. organized for war (an army); by implication, a campaign, literally or figuratively (specifically, hardship, worship)
H6636	bdb	צְבֹיִים n.pr.loc. near Sodom
H6636	strongs_he	Tseboim or Tsebijim, a place in Palestine
H6637	bdb	צֹבֵבָה n.pr.m. in Judah, 1 Ch 4:8
H6637	strongs_he	Tsobebah, an Israelitess
H6638	bdb	swell; swell up
H6638	strongs_he	to amass, i.e. grow turgid; specifically, to array an army against
H6639	bdb	swelling; swollen
H6639	strongs_he	turgid
H6640	bdb	thing; anything
H6640	strongs_he	properly, will; concretely, an affair (as a matter of determination)
H6641	bdb	coloured; variegated
H6641	strongs_he	dyed (in stripes), i.e. the hyena
H6642	bdb	reach; hold out
H6642	strongs_he	to grasp, i.e. hand out
H6643	bdb	beauty; honour; gazelle
H6643	strongs_he	splendor (as conspicuous)
H6644	bdb	צִבְיָא n.pr.m. in Benjamin 1 Ch 8:9
H6644	strongs_he	Tsibja, an Israelite
H6645	bdb	gazelle
H6645	strongs_he	Tsibjah, an Israelite
H6646	bdb	צְבִיָּה n.f. id. [r.ah.ab]
H6646	strongs_he	a female gazelle
H6647	bdb	dip, wet; wet; be wet
H6647	strongs_he	to dip
H6648	bdb	dye; dyed stuff
H6648	strongs_he	a dye
H6649	bdb	hyena
H6649	strongs_he	Tsibon, an Idumaean
H6650	bdb	צְבֹעִים n.pr.loc. in Benj.
H6650	strongs_he	Tseboim, a place in Palestine
H6651	bdb	heap up
H6651	strongs_he	to aggregate
H6652	bdb	heap
H6652	strongs_he	a pile
H6653	bdb	bundles
H6653	strongs_he	a lock of stalks
H6654	bdb	side
H6654	strongs_he	a side; figuratively, an adversary
H6655	bdb	side
H6655	strongs_he	used adverbially (with preposition) at or upon the side of
H6656	bdb	purpose
H6656	strongs_he	a (sinister) design
H6657	bdb	[צָדָד, צְדָד] n.pr.loc. on N. border of Canaan
H6657	strongs_he	Tsedad, a place near Palestine
H6658	bdb	lie in wait; lay waste
H6658	strongs_he	to chase; by implication, to desolate
H6659	bdb	just, righteous
H6659	strongs_he	Tsadok, the name of eight or nine Israelites
H6660	bdb	lying-in-wait
H6660	strongs_he	design
H6661	bdb	צִדִּים n.pr.loc. in Naphtali, Jos 19:35
H6661	strongs_he	Tsiddim (with the article), a place in Palestine
H6662	bdb	just; righteous
H6662	strongs_he	just
H6663	bdb	be just, righteous; have a just cause,, be in the right, be justified, be just, be just, righteous; have a just cause,, be in the right; be justified; be just; be just, righteous; the holy place shall be put right; justify; do justice, declare righteous, justify, justify, vindicate the cause of, save, make righteous, turn to righteousness; do justice; declare righteous, justify; justify, vindicate the cause of, save; make righteous, turn to righteousness; shall we justify ourselves
H6663	strongs_he	to be (causatively, make) right (in a moral or forensic sense)
H6664	bdb	rightness, righteousness; what is right, just, normal, rightness, justness; righteousness; righteousness, justice; rightness; righteousness; righteousness, justification, deliverance, victory, prosperity
H6664	strongs_he	the right (natural, moral or legal); also (abstractly) equity or (figuratively) prosperity
H6665	bdb	right doing
H6665	strongs_he	beneficence
H6666	bdb	righteousness; righteousness; righteousness; righteousness, truthfulness; righteousness; righteousness, justification, salvation; righteous acts
H6666	strongs_he	rightness (abstractly), subjectively (rectitude), objectively (justice), morally (virtue) or figuratively (prosperity)
H6667	bdb	is righteousness
H6667	strongs_he	Tsidkijah, the name of six Israelites
H6668	bdb	gleam
H6668	strongs_he	to glitter, i.e. be golden in color
H6669	bdb	gleaming; yellow
H6669	strongs_he	golden in color
H6670	bdb	make shining; neigh; cry shrilly
H6670	strongs_he	to gleam, i.e. (figuratively) be cheerful; by transference to sound clear (of various animal or human expressions)
H6671	bdb	press out oil
H6671	strongs_he	to press out oil
H6672	bdb	midday; noon; roof
H6672	strongs_he	a light (i.e. window); dual double light, i.e. noon
H6673	bdb	command; ordinance
H6673	strongs_he	an injunction
H6674	bdb	filthy
H6674	strongs_he	soiled (as if excrementitious)
H6675	bdb	filth
H6675	strongs_he	excrement; generally, dirt; figuratively, pollution
H6676	bdb	neck
H6676	strongs_he	neck.
H6677	bdb	neck; back of neck; necklace
H6677	strongs_he	the back of the neck (as that on which burdens are bound)
H6678	bdb	צוֹבָא, צוֹבָה n.pr.terr. an Aramaean kingdom, time of (Saul and) David
H6678	strongs_he	Zoba or Zobah, a region of Syria
H6679	bdb	supply oneself with provisions; take as one's provision; hunt; hunt; hunt
H6679	strongs_he	to lie alongside (i.e. in wait); by implication, to catch an animal (figuratively, men); to victual (for a journey)
H6680	bdb	lay charge; give charge; charge; command; order
H6680	strongs_he	(intensively) to constitute, enjoin
H6681	bdb	cry aloud
H6681	strongs_he	to screech (exultingly)
H6682	bdb	outcry
H6682	strongs_he	a screech (of anguish)
H6683	bdb	ocean-deep
H6683	strongs_he	an abyss (of the sea)
H6684	bdb	abstain from food; fast
H6684	strongs_he	to cover over (the mouth), i.e. to fast
H6685	bdb	fasting; fast
H6685	strongs_he	a fast
H6686	bdb	little one
H6686	strongs_he	Tsuär, an Israelite
H6687	bdb	flow, overflow, float; cause to flow over, cause to float; cause to flow over; cause to float
H6687	strongs_he	to overflow
H6688	bdb	comb; exuding
H6688	strongs_he	comb of honey (from dripping)
H6689	bdb	צוּף n.m. Ephr. ancestor of Elḳanah and Samuel
H6689	strongs_he	Tsuph or Tsophai or Tsiph, the name of an Israelite and of a place in Palestine
H6690	bdb	צוֹפַח n.pr.m. in Asher
H6690	strongs_he	Tsophach, an Israelite
H6691	bdb	צֹפַר and צוֹפַר n.pr.m. Job’s third friend
H6691	strongs_he	Tsophar, a friend of Job
H6692	bdb	blossom, shine, sparkle; flourish, shine, gleam; flourish; shine, gleam; it put forth blossoms; gaze; peep
H6692	strongs_he	to twinkle, i.e. glance; by analogy, to blossom (figuratively, flourish)
H6693	bdb	constrain; bring into straits; press upon
H6693	strongs_he	to compress, i.e. (figuratively) oppress, distress
H6694	bdb	pour out; melt
H6694	strongs_he	to pour out, i.e. (figuratively) smelt, utter
H6695	bdb	constraint; distress; pressure; distress
H6695	strongs_he	a strait, i.e. (figuratively) distress
H6696	bdb	fashion; delineate; confine; bind; besiege; shew hostility to; treat as foe
H6696	strongs_he	to cramp, i.e. confine (in many applications, literally and figuratively, formative or hostile)
H6697	bdb	rock; cliff
H6697	strongs_he	properly, a cliff (or sharp rock, as compressed); generally, a rock or boulder; figuratively, a refuge; also an edge (as precipitous)
H6698	bdb	Rock
H6698	strongs_he	Tsur, the name of a Midianite and of an Israelite
H6699	bdb	form; fashion
H6699	strongs_he	a rock (Job 28:10); also a form (as if pressed out)
H6700	bdb	my rock is Ēl
H6700	strongs_he	Tsuriël, an Israelite
H6701	bdb	my rock is Shadday
H6701	strongs_he	Tsurishaddai, an Israelite
H6702	bdb	kindle, burn; kindle, be kindled with fire; be kindled, be burned, desolated; kindle, set on fire
H6702	strongs_he	to blaze
H6703	bdb	dazzling; glowing; clear
H6703	strongs_he	dazzling, i.e. sunny, bright, (figuratively) evident
H6704	bdb	parched
H6704	strongs_he	parched
H6705	bdb	be dazzling
H6705	strongs_he	to glare, i.e. be dazzling white
H6706	bdb	shining; glaring; surface
H6706	strongs_he	glaring, i.e. exposed to the bright sun
H6707	bdb	scorched land
H6707	strongs_he	a parched region, i.e. the desert
H6708	bdb	shining; glaring; surface
H6708	strongs_he	bare spot, i.e. in the glaring sun
H6709	bdb	stench
H6709	strongs_he	stench
H6710	bdb	scorched region
H6710	strongs_he	a dry place, i.e. desert
H6711	bdb	laugh; laugh; jest, sport, play; jest; sport, play
H6711	strongs_he	to laugh outright (in merriment or scorn); by implication, to sport
H6712	bdb	laughter
H6712	strongs_he	laughter (in pleasure or derision)
H6713	bdb	reddish-gray; tawny
H6713	strongs_he	sheen, i.e. whiteness
H6714	bdb	צֹ֫חַר n.pr.m. father of Ephron the Hittite son of Simeon name in Judah
H6714	strongs_he	Tsochar, the name of a Hittite and of an Israelite
H6715	bdb	tawny
H6715	strongs_he	white
H6716	bdb	ship
H6716	strongs_he	a ship (as a fixture)
H6717	bdb	צִיבָא and צִבָא 16 n.pr.m. servant of Saul’s house
H6717	strongs_he	Tsiba, an Israelite
H6718	bdb	hunting; game; provision; food
H6718	strongs_he	the chase; also game (thus taken)
H6719	bdb	hunter
H6719	strongs_he	a huntsman
H6720	bdb	provision
H6720	strongs_he	food
H6721	bdb	Sidôn
H6721	strongs_he	Tsidon, the name of a son of Canaan, and of a place in Palestine
H6722	bdb	Sidonians; Phoenicians
H6722	strongs_he	a Tsidonian or inhabitant of Tsidon
H6723	bdb	dryness; drought
H6723	strongs_he	aridity; concretely, a desert
H6724	bdb	dryness; parched ground
H6724	strongs_he	a desert
H6725	bdb	sign-post; monument
H6725	strongs_he	a monumental or guiding pillar
H6726	bdb	Ṣiyyôn; Zion
H6726	strongs_he	Tsijon (as a permanent capital), a mountain of Jerusalem
H6727	bdb	צִיחָא n.pr.m. an overseer of Nethinim
H6727	strongs_he	Tsicha, the name of two Nethinim
H6728	bdb	a wild beast; desert-dweller; crier; yelper
H6728	strongs_he	a desert-dweller, i.e. nomad or wild beast
H6729	bdb	pillory
H6729	strongs_he	the pillory
H6730	bdb	Ṣâ‛îr
H6730	strongs_he	Tsior, a place in Palestine
H6731	bdb	blossom; flower; shining thing; wings
H6731	strongs_he	properly, glistening, i.e. a burnished plate; also a flower (as bright colored); a wing (as gleaming in the air)
H6732	bdb	צִיץ n.pr.loc. in 2 Ch 20:16;
H6732	strongs_he	Tsits, a place in Palestine
H6733	bdb	blossom; flower; shining thing
H6733	strongs_he	a flower
H6734	bdb	tassel; lock
H6734	strongs_he	a floral or wing-like projection, i.e. a fore-lock of hair, a tassel
H6735	bdb	envoy; messenger; pang; writhing; pivot; hinge
H6735	strongs_he	a hinge (as pressed in turning); also a throe (as a phys. or mental pressure); also a herald or errand-doer (as constrained by the principal)
H6736	bdb	image
H6736	strongs_he	a form (of beauty; as if pressed out, i.e. carved); hence, an (idolatrous) image
H6737	bdb	supply oneself with provisions; take as one's provision
H6737	strongs_he	to make an errand, i.e. betake oneself
H6738	bdb	shadow
H6738	strongs_he	shade, whether literal or figurative
H6739	bdb	pray; bow
H6739	strongs_he	pray
H6740	bdb	roast
H6740	strongs_he	to roast
H6741	bdb	צִלָּה n.pr.f. wife of Lam.
H6741	strongs_he	Tsillah, an antediluvian woman
H6742	bdb	cake; round loaf
H6742	strongs_he	a (round or flattened) cake
H6743	bdb	advance, prosper; prosper; make prosperous, bring to successful issue, shew, experience, prosperity; make prosperous, bring to successful issue; shew, experience, prosperity; rush
H6743	strongs_he	to push forward, in various senses (literal or figurative, transitive or intransitive)
H6744	bdb	prosper
H6744	strongs_he	to advance (transitive or intransitive)
H6745	bdb	pot
H6745	strongs_he	something protracted or flattened out, i.e. a platter
H6746	bdb	jar
H6746	strongs_he	something prolonged or tall, i.e. a vial or salt-cellar
H6747	bdb	dish
H6747	strongs_he	something advanced or deep, i.e. a bowl; figuratively, the bosom
H6748	bdb	roasted; roast
H6748	strongs_he	roasted
H6749	bdb	sink; be submerged
H6749	strongs_he	properly, to tumble down, i.e. settle by a waving motion
H6750	bdb	tingle; quiver
H6750	strongs_he	to tinkle, i.e. rattle together (as the ears in reddening with shame, or the teeth in chattering with fear)
H6751	bdb	be, grow dark; the gates of Jerusalem grew dark; a shadowing wood
H6751	strongs_he	to shade, as twilight or an opaque object
H6752	bdb	shadow
H6752	strongs_he	shade
H6753	bdb	give shade; that turnest to me!
H6753	strongs_he	Tselelponi, an Israelitess
H6754	bdb	image; images; image, likeness; mere, empty, image, semblance
H6754	strongs_he	a phantom, i.e. (figuratively) illusion, resemblance; hence, a representative figure, especially an idol
H6755	bdb	image
H6755	strongs_he	an idolatrous figure
H6756	bdb	צַלְמוֹן n.pr.mont. near Shechem, not identif. snow-capped mt., prob. E. of Jordan; צַלְמוֹן n.pr.m. a hero of David 2 S 23:28
H6756	strongs_he	Tsalmon, the name of a place in Palestine and of an Israelite
H6757	bdb	death-shadow; deep shadow
H6757	strongs_he	shade of death, i.e. the grave (figuratively, calamity)
H6758	bdb	צַלְמֹנָה n.pr.loc. station of Isr. in wilderness
H6758	strongs_he	Tsalmonah, a place in the Desert
H6759	bdb	צַלְמֻנָּע 12 n.pr.m. a king of Midian
H6759	strongs_he	Tsalmunna, a Midianite
H6760	bdb	limp
H6760	strongs_he	to limp (as if one-sided)
H6761	bdb	limping; stumbling
H6761	strongs_he	a limping or full (figuratively)
H6762	bdb	צֵלַע n.pr.loc. in Benj.; burial-place of Saul
H6762	strongs_he	Tsela, a place in Palestine
H6763	bdb	rib; side
H6763	strongs_he	a rib (as curved), literally (of the body) or figuratively (of a door, i.e. leaf); hence, a side, literally (of a person) or figuratively (of an object or the sky, i.e. quarter); architecturally, a (especially floor or ceiling) timber or plank (single or collective, i.e. a flooring)
H6764	bdb	caper-plant
H6764	strongs_he	Tsalaph, an Israelite
H6765	bdb	צְלָפְחָד n.pr.m. of Manasseh
H6765	strongs_he	Tselophchad, an Israelite
H6766	bdb	צֶלְצַח n.pr.loc. in Benj. 1 S 10:2
H6766	strongs_he	Tseltsach, a place in Palestine
H6767	bdb	whirring locust; whirring; buzzing; spear; whizzing; cymbals; clashing
H6767	strongs_he	a clatter, i.e. (abstractly) whirring (of wings); (concretely) a cricket; also a harpoon (as rattling),a cymbal (as clanging)
H6768	bdb	צֶ֫לֶק n.pr.m. Ammonite hero of David
H6768	strongs_he	Tselek, an Israelite
H6769	bdb	צִלְּתַי n.pr.m. Benj. Manassite
H6769	strongs_he	Tsillethai, the name of two Israelites
H6770	bdb	be thirsty
H6770	strongs_he	to thirst (literally or figuratively)
H6771	bdb	thirsty
H6771	strongs_he	thirsty (literally or figuratively)
H6772	bdb	thirst
H6772	strongs_he	thirst (literally or figuratively)
H6773	bdb	parched condition
H6773	strongs_he	thirst (figuratively, of libidinousnes)
H6774	bdb	thirsty ground
H6774	strongs_he	a thirsty place, i.e. desert
H6775	bdb	bind, join; join, attach, oneself; bound; thy tongue combineth, deceit
H6775	strongs_he	to link, i.e. gird; figuratively, to serve, (mentally) contrive
H6776	bdb	couple, pair; couple, pair; acre, span
H6776	strongs_he	a yoke or team (i.e. pair); hence, an acre (i.e. day's task for a yoke of cattle to plough)
H6777	bdb	woman’s veil
H6777	strongs_he	a veil
H6778	bdb	bunch of raisins; dried
H6778	strongs_he	a cake of dried grapes
H6779	bdb	sprout, spring up; sprout, spring up; grow abundantly; cause to grow, cause, to sprout; cause to grow; cause, to sprout
H6779	strongs_he	to sprout (transitive or intransitive, literal or figurative)
H6780	bdb	sprout; growth
H6780	strongs_he	a sprout (usually concrete), literal or figurative
H6781	bdb	bracelet; bound; cover
H6781	strongs_he	a bracelet or arm-clasp; generally, a lid
H6782	bdb	snare; trap
H6782	strongs_he	a noose (as fastening); figuratively, destruction
H6783	bdb	completion; finality
H6783	strongs_he	excision, i.e. destruction; used only (adverbially) with prepositional prefix to extinction, i.e. perpetually
H6784	bdb	dry up; shrivel
H6784	strongs_he	to dry up
H6785	bdb	wool
H6785	strongs_he	wool
H6786	bdb	צְמָרִי adj.gent. (people of the city called Ṣimirra by As.)
H6786	strongs_he	a Tsemarite or branch of the Canaanites
H6787	bdb	צְמָרַיִם n.pr.loc. in Benj. mt. in Ephraim
H6787	strongs_he	Tsemarajim, a place in Palestine
H6788	bdb	top; wooly
H6788	strongs_he	fleeciness, i.e. foliage
H6789	bdb	put an end to, exterminate; they have put an end to my life; be ended, annihilated; hath put an end to me; have annihilated me; exterminate, annihilate
H6789	strongs_he	to extirpate (literally or figuratively)
H6790	bdb	צִן n.pr.loc. name of wilderness S. of Canaan, where lay Kadesh Barnea
H6790	strongs_he	Tsin, a part of the Desert
H6791	bdb	thorn; barb
H6791	strongs_he	a thorn; hence, a cactus-hedge
H6792	bdb	flocks
H6792	strongs_he	a flock
H6793	bdb	coolness; hook; barb; shield; covering
H6793	strongs_he	a hook (as pointed); also a (large) shield (as if guarding by prickliness); also cold (as piercing)
H6794	bdb	pipe; spout; conduit
H6794	strongs_he	a culvert
H6795	bdb	descend
H6795	strongs_he	to alight; (transitive) to cause to descend, i.e. drive down
H6796	bdb	thorn; prick
H6796	strongs_he	a thorn
H6797	bdb	turban
H6797	strongs_he	a head-dress (i.e. piece of cloth wrapped around)
H6798	bdb	dry up; harden
H6798	strongs_he	to blast or shrink
H6799	bdb	צַאֲנָן n.pr.loc.
H6799	strongs_he	Tsenan, a place near Palestine
H6800	bdb	modest; be modest; humble; be retired
H6800	strongs_he	to humiliate
H6801	bdb	wrap; wind up; together
H6801	strongs_he	to wrap, i.e. roll or dress
H6802	bdb	winding
H6802	strongs_he	a ball
H6803	bdb	jar
H6803	strongs_he	a vase (probably a vial tapering at the top)
H6804	bdb	pipes
H6804	strongs_he	a tube
H6805	bdb	step, march; step, march; and it, makes him march
H6805	strongs_he	to pace, i.e. step regularly; (upward) to mount; (along) to march; (down and causatively) to hurl
H6806	bdb	step; pace
H6806	strongs_he	a pace or regular step
H6807	bdb	armlet; marching
H6807	strongs_he	a march; (concretely) an (ornamental) ankle-chain
H6808	bdb	stoop, bend, incline; one stooping, bending, men inclining, tipping; one stooping, bending; men inclining, tipping; and they shall tip him over
H6808	strongs_he	to tip over (for the purpose of spilling or pouring out), i.e. (figuratively) depopulate; by implication, to imprison or conquer; (reflexive) to lie down (for coitus)
H6809	bdb	wrapper; shawl; veil
H6809	strongs_he	a veil
H6810	bdb	little; insignificant; young
H6810	strongs_he	little; (in number) few; (in age) young, (in value) ignoble
H6811	bdb	[צָעִיר] n.pr.loc. prob. on border of Edom, 2 K 8:21
H6811	strongs_he	Tsair, a place in Idumaea
H6812	bdb	youth
H6812	strongs_he	smallness (of age), i.e. juvenility
H6813	bdb	wander; travel
H6813	strongs_he	to load up (beasts), i.e. to migrate
H6814	bdb	Tanis
H6814	strongs_he	Tsoän, a place in Egypt
H6815	bdb	צַעֲנַנִּים n.pr.loc. on border of Naphtali, near Ḳedesh
H6815	strongs_he	Tsaanannim or Tsaanajim, a place in Palestine
H6816	bdb	things formed; images
H6816	strongs_he	sculpture
H6817	bdb	cry, cry out, call; cry, cry out, cry, cry out, make outcry, clamour; cry, cry out; cry, cry out; make outcry, clamour; be summoned; cry aloud; call together
H6817	strongs_he	to shriek; (by implication) to proclaim (an assembly)
H6818	bdb	cry; outcry
H6818	strongs_he	a shriek
H6819	bdb	be; grow; insignificant
H6819	strongs_he	to be small, i.e. (figuratively) ignoble
H6820	bdb	Zoar; insignificance
H6820	strongs_he	Tsoar, a place East of the Jordan
H6821	bdb	draw together; contract
H6821	strongs_he	to adhere
H6822	bdb	look out, about, spy, keep watch; keep watch, watchman; watch, closely, watchman
H6822	strongs_he	properly, to lean forward, i.e. to peer into the distance; by implication, to observe, await
H6823	bdb	lay out, lay over; they lay out the rug!; overlay, plate; laid over, overlaid with gold
H6823	strongs_he	to sheet over (especially with metal)
H6824	bdb	out-flow
H6824	strongs_he	an inundation (as covering)
H6825	bdb	gaze; gazing
H6825	strongs_he	Tsepho or Tsephi, an Idumaean
H6826	bdb	plating
H6826	strongs_he	encasement (with metal)
H6827	bdb	gaze
H6827	strongs_he	Tsephon, an Israelite
H6828	bdb	north; hidden; dark
H6828	strongs_he	properly, hidden, i.e. dark; used only of the north as a quarter (gloomy and unknown)
H6829	bdb	צָפוֹן n.pr.loc. on E. bank of Jordan, in tribe of Gad
H6829	strongs_he	Tsaphon, a place in Palestine
H6830	bdb	northern; northern one; northerner
H6830	strongs_he	northern
H6831	bdb	צְפוֹנִי adj.gent. c. art. as subst. coll. Nu 26:15.
H6831	strongs_he	a Tsephonite, or (collectively) descendants of Tsephon
H6832	bdb	dung
H6832	strongs_he	excrement (as protruded)
H6833	bdb	bird
H6833	strongs_he	a little bird (as hopping)
H6834	bdb	bird; sparrow
H6834	strongs_he	Tsippor, a Moabite
H6835	bdb	jar; jug
H6835	strongs_he	a saucer (as flat)
H6836	bdb	outlook-post
H6836	strongs_he	watchfulness
H6837	bdb	gaze
H6837	strongs_he	Tsiphjon, an Israelite
H6838	bdb	flat cake; wafer
H6838	strongs_he	a flat thin cake
H6839	bdb	look out, about, spy, keep watch; keep watch, watchman; watch, closely, watchman
H6839	strongs_he	Tsophim, a place East of the Jordan
H6840	bdb	treasure
H6840	strongs_he	a treasure (as hidden)
H6841	bdb	he-goat
H6841	strongs_he	a he-goat
H6842	bdb	he-goat
H6842	strongs_he	a male goat (as prancing)
H6843	bdb	plait; chaplet; chaplet; coronet; diadem
H6843	strongs_he	a crown (as encircling the head); also a turn of affairs (i.e. mishap)
H6844	bdb	rug; carpet; laid out
H6844	strongs_he	a sentry
H6845	bdb	hide, treasure up; hide, lie hid, lurk; hide; lie hid, lurk; be hidden; hide
H6845	strongs_he	to hide (by covering over); by implication, to hoard or reserve; figuratively to deny; specifically (favorably) to protect, (unfavorably) to lurk
H6846	bdb	hath treasured
H6846	strongs_he	Tsephanjah, the name of four Israelites
H6847	bdb	the god speaks and he lives
H6847	strongs_he	Tsophnath-Paneach, Joseph's Egyptian name
H6848	bdb	serpent; hissing; viper
H6848	strongs_he	a viper (as thrusting out the tongue, i.e. hissing)
H6849	bdb	offshoot
H6849	strongs_he	an outcast thing
H6850	bdb	chirp; peep
H6850	strongs_he	to coo or chirp (as a bird)
H6851	bdb	willow
H6851	strongs_he	a willow (as growing in overflowed places)
H6852	bdb	let him return and; let him depart; depart early
H6852	strongs_he	to skip about, i.e. return
H6853	bdb	bird
H6853	strongs_he	a bird.
H6854	bdb	frogs
H6854	strongs_he	a marsh-leaper, i.e. frog
H6855	bdb	bird
H6855	strongs_he	Tsipporah, Moses’ wife
H6856	bdb	nail; stylus-point
H6856	strongs_he	properly, a claw, i.e. (human) nail; also the point of a style (or pen, tipped with adamant)
H6857	bdb	צְפַ֑ת n.pr.loc. Canaanite city Ju 1:17
H6857	strongs_he	Tsephath, a place in Palestine
H6858	bdb	plated capital
H6858	strongs_he	a capital of a column
H6859	bdb	צְפַ֫תָה n.pr.loc. in Judah; 2 Ch 14:9
H6859	strongs_he	Tsephathah, a place in Palestine
H6860	bdb	צִקְלַג and (צִיק׳) n.pr.loc. assigned to Judah, to Simeon; Philistine city given to David
H6860	strongs_he	Tsiklag or Tsikelag, a place in Palestine
H6861	bdb	garment
H6861	strongs_he	a sack (as tied at the mouth)
H6862	bdb	pebble; flint; straits; distress; adversary; foe; narrow; tight
H6862	strongs_he	narrow; (as a noun) a tight place (usually figuratively, i.e. trouble); also a pebble (as in 6864); (transitive) an opponent (as crowding)
H6863	bdb	צֵר n.pr.loc. in Naphtali, Jos 19:35
H6863	strongs_he	Tser, a place in Palestine
H6864	bdb	knives of flint
H6864	strongs_he	a stone (as if pressed hard or to a point); (by implication, of use) a knife
H6865	bdb	Tyre
H6865	strongs_he	Tsor, a place in Palestine
H6866	bdb	burn; scorch
H6866	strongs_he	to burn
H6867	bdb	burning; scorching; scab; scar; burning; scorching
H6867	strongs_he	conflagration (of fire or disease)
H6868	bdb	צְרֵדָה n.pr.loc. home of Jerob. 1 K 11:26
H6868	strongs_he	Tseredah, a place in Palestine
H6869	bdb	dearth; destitution; straits; distress; vexer; rival
H6869	strongs_he	tightness (i.e. figuratively, trouble); transitively, a female rival
H6870	bdb	צְרוּיָה n.pr.f. mother of Abishai, Joab and Asahel
H6870	strongs_he	Tserujah, an Israelitess
H6871	bdb	צְרוּעָה n.f. mother of Jeroboam 1 K 11:26
H6871	strongs_he	Tseruah, an Israelitess
H6872	bdb	צְרוֹר n.pr.m. grandfather of Ḳish 1 S 9:1; bundle; parcel; pouch; bag; binding; pebble
H6872	strongs_he	a parcel (as packed up); also a kernel or particle (as if a package)
H6873	bdb	cry, roar; bitterly roareth there a hero; utter a roar
H6873	strongs_he	to be clear (in tone, i.e. shrill), i.e. to whoop
H6874	bdb	צְרִי n.pr.m. a musician, 1 Ch 25:3
H6874	strongs_he	Tseri, an Israelite
H6875	bdb	balsam
H6875	strongs_he	distillation, i.e. balsam
H6876	bdb	Tyrian
H6876	strongs_he	a Tsorite or inhabitant of Tsor (i.e. Syrian)
H6877	bdb	excavation; underground chamber
H6877	strongs_he	a citadel
H6878	bdb	need
H6878	strongs_he	need
H6879	bdb	be stricken with leprosy, leprous; leper; leprous
H6879	strongs_he	to scourge, i.e. (intransitive and figurative) to be stricken with leprosy
H6880	bdb	hornets; wounding; prostrating
H6880	strongs_he	a wasp (as stinging)
H6881	bdb	צָרְעָה n.pr.loc. in the Shephelah of Judah
H6881	strongs_he	Tsorah, a place in Palestine
H6882	bdb	צָרְעָתִי adj.gent. c. art. as n. coll.
H6882	strongs_he	a Tsorite or Tsorathite, i.e. inhabitants of Tsorah
H6883	bdb	leprosy
H6883	strongs_he	leprosy
H6884	bdb	smelt, refine, test; smelt, refine, test, test, smelter, refiner; smelt, refine; test; test; smelter, refiner; shall be refined; a refiner
H6884	strongs_he	to fuse (metal), i.e. refine (literally or figuratively)
H6885	bdb	goldsmiths
H6885	strongs_he	Tsorephi (with the article), an Israelite
H6886	bdb	smelting
H6886	strongs_he	Tsarephath, a place in Palestine
H6887	bdb	confine; bind; besiege; suffer distress; make a rival-wife; bind, tie up, be restricted, narrow, scant, cramped; bind, tie up, tied up; bind, tie up; tied up; be scant, cramped, in straits, make narrow, press hard, cause distress; be scant, cramped, in straits; make narrow, press hard, cause distress; shew hostility toward; vex
H6887	strongs_he	to cramp, literally or figuratively, transitive or intransitive
H6888	bdb	[צְרֵרָה] n.pr.loc. Ju 7:22, usu. thought corrupt
H6888	strongs_he	Tsererah for Tseredah
H6889	bdb	צֶ֫רֶת n.pr.m. in Judah 1Ch 4:7
H6889	strongs_he	Tsereth, an Israelite
H6890	bdb	צֶרֶת הַשַּׁ֫חַר n.pr.loc. assigned to Reuben Jos 13:19
H6890	strongs_he	Tsereth-hash-Shachar, a place in Palestine
H6891	bdb	צָֽרְתָן n.pr.loc. in Jordan valley, near ford
H6891	strongs_he	Tsarethan, a place in Palestine
H6892	bdb	what is vomited up; vomit; קִיא n.m. id. [s.bi.ab]
H6892	strongs_he	vomit
H6893	bdb	pelican
H6893	strongs_he	probably the pelican (from vomiting)
H6894	bdb	ḳab
H6894	strongs_he	a hollow, i.e. vessel used as a (dry) measure
H6895	bdb	utter a curse against; curse
H6895	strongs_he	to scoop out, i.e. (figuratively) to malign or execrate (i.e. stab with words)
H6896	bdb	stomach, belly; fourth stomach; belly
H6896	strongs_he	the paunch (as a cavity) or first stomach of ruminants
H6897	bdb	stomach, belly; fourth stomach; belly
H6897	strongs_he	the abdomen (as a cavity)
H6898	bdb	large vaulted tent
H6898	strongs_he	a pavilion (as a domed cavity)
H6899	bdb	heap
H6899	strongs_he	a throng
H6900	bdb	grave; burial
H6900	strongs_he	sepulture; (concretely) a sepulchre
H6901	bdb	receive, take; take, accept, accept, assume; take; accept; accept, assume; shew oppositeness
H6901	strongs_he	to admit, i.e. take (literally or figuratively)
H6902	bdb	receive
H6902	strongs_he	to acquire
H6903	bdb	front; in front of; before; because of; because that
H6903	strongs_he	(adverbially) in front of; usually (with other particles) on account of, so as, since, hence
H6904	bdb	something in front, attacking-engine; before
H6904	strongs_he	a battering-ram
H6905	bdb	something in front, attacking-engine; before
H6905	strongs_he	the presence, i.e. (adverbially) in front of
H6906	bdb	rob
H6906	strongs_he	to cover, i.e. (figuratively) defraud
H6907	bdb	cup
H6907	strongs_he	a goblet (as deep like a cover)
H6908	bdb	gather, collect; gather, collect; assemble, gather, be gathered; assemble, gather; be gathered; gather together; gather together, be gathered together
H6908	strongs_he	to grasp, i.e. collect
H6909	bdb	gathering of Ēl; Ēl gathereth
H6909	strongs_he	Kabtseel, a place in Palestine
H6910	bdb	a gathering
H6910	strongs_he	a hoard
H6911	bdb	two heaps
H6911	strongs_he	Kibtsajim, a place in Palestine
H6912	bdb	bury; bury; be buried; bury
H6912	strongs_he	to inter
H6913	bdb	grave; sepulchre
H6913	strongs_he	a sepulchre
H6914	bdb	the graves of desire
H6914	strongs_he	Kibroth-hat-Taavh, a place in the Desert
H6915	bdb	bow down
H6915	strongs_he	to shrivel up, i.e. contract or bend the body (or neck) in deference
H6916	bdb	cassia
H6916	strongs_he	cassia bark (as in shrivelled rolls)
H6917	bdb	ancient; of antiquity
H6917	strongs_he	a pristine hero
H6918	bdb	sacred; holy
H6918	strongs_he	sacred (ceremonially or morally); (as noun) God (by eminence), an angel, a saint, a sanctuary
H6919	bdb	be kindled; kindle
H6919	strongs_he	to inflame
H6920	bdb	fever
H6920	strongs_he	inflammation, i.e. febrile disease
H6921	bdb	East; east wind
H6921	strongs_he	the fore or front part; hence (by orientation) the East (often adverbially, eastward, for brevity the east wind)
H6922	bdb	holy
H6922	strongs_he	holy (One), saint.
H6923	bdb	come; be in front; meet
H6923	strongs_he	to project (one self), i.e. precede; hence, to anticipate, hasten, meet (usually for help)
H6924	bdb	eastward; front, east, aforetime; front, East, eastward; front; East, eastward; ancient time, aforetime, ancient mts., in ancient days, from of old, anciently, of old, beginning; ancient mts.; in ancient days; from of old; anciently, of old; beginning
H6924	strongs_he	the front, of place (absolutely, the fore part, relatively the East) or time (antiquity); often used adverbially (before, anciently, eastward)
H6925	bdb	before
H6925	strongs_he	before
H6926	bdb	front; East
H6926	strongs_he	the forward part (or relatively) East (often adverbially, on the east or in front)
H6927	bdb	antiquity, former state; antiquity, beginning; former state; before
H6927	strongs_he	priority (in time); also used adverbially (before)
H6928	bdb	former time
H6928	strongs_he	former time
H6929	bdb	קֵ֑דְמָה n.pr.m. son of Ishmael
H6929	strongs_he	Kedemah, a son of Ishmael
H6930	bdb	eastern
H6930	strongs_he	eastern
H6931	bdb	former; eastern
H6931	strongs_he	(of time) anterior or (of place) oriental
H6932	bdb	קְדֵמֹת n.pr.loc. in Reuben (Moab)
H6932	strongs_he	Kedemoth, a place in eastern Palestine
H6933	bdb	former; first
H6933	strongs_he	first
H6934	bdb	Ēl is the ancient one
H6934	strongs_he	Kadmiel, the name of three Israelites
H6935	bdb	Easterners
H6935	strongs_he	Kadmonite (collectively), the name of a tribe in Palestine
H6936	bdb	head; crown of head
H6936	strongs_he	the crown of the head (as the part most bowed)
H6937	bdb	be dark, dull-coloured, be dirty; be dark; darken, cause to mourn; darken; cause to mourn; and the heavens grew dark with clouds
H6937	strongs_he	to be ashy, i.e. dark-colored; by implication, to mourn (in sackcloth or sordid garments)
H6938	bdb	swarthy, black
H6938	strongs_he	Kedar, a son of Ishmael; also (collectively) Bedouin (as his descendants or representatives)
H6939	bdb	קִדְרוֹן n.pr. of wady just E. of Jerusalem
H6939	strongs_he	Kidron, a brook near Jerusalem
H6940	bdb	darkness; gloom
H6940	strongs_he	duskiness
H6941	bdb	as mourners
H6941	strongs_he	blackish ones (i.e. in sackcloth); used adverbially, in mourning weeds
H6942	bdb	be set apart, consecrated; be set apart, consecrated, be hallowed, consecrated, tabooed; be set apart, consecrated; be hallowed; consecrated, tabooed; shew oneself sacred, majestic, be honored, treated as sacred, be consecrated, dedicated; shew oneself sacred, majestic; be honored, treated as sacred; be consecrated, dedicated; set apart as sacred, consecrate, dedicate, observe as holy, keep sacred, honor as sacred, hallow, consecrate; set apart as sacred, consecrate, dedicate; observe as holy, keep sacred; honor as sacred, hallow; consecrate; consecrated, dedicated; set apart, consecrate, regard, treat, as sacred, hallowed, consecrate; set apart, consecrate; regard, treat, as sacred, hallowed; consecrate; keep oneself apart, cause himself to be hallowed, be observed as holy, consecrate oneself; keep oneself apart; cause himself to be hallowed; be observed as holy; consecrate oneself
H6942	strongs_he	to be (causatively, make, pronounce or observe as) clean (ceremonially or morally)
H6943	bdb	sanctuary
H6943	strongs_he	Kedesh, the name of four places in Palestine
H6944	bdb	apartness; sacredness
H6944	strongs_he	a sacred place or thing; rarely abstract, sanctity
H6945	bdb	temple-prostitute; harlot
H6945	strongs_he	a (quasi) sacred person, i.e. (technically) a (male) devotee (by prostitution) to licentious idolatry
H6946	bdb	sacred
H6946	strongs_he	Kadesh, a place in the Desert
H6947	bdb	sacred
H6947	strongs_he	Kadesh-Barnea, a place in the Desert
H6948	bdb	temple-prostitute; harlot
H6948	strongs_he	a female devotee (i.e. prostitute)
H6949	bdb	be blunt, dull; if the iron be blunt
H6949	strongs_he	to be dull
H6950	bdb	assemble as a; assemble as a; summon an assembly
H6950	strongs_he	to convoke
H6951	bdb	assembly; convocation; congregation
H6951	strongs_he	assemblage (usually concretely)
H6952	bdb	assembly; congregation
H6952	strongs_he	an assemblage
H6953	bdb	collector; preacher
H6953	strongs_he	a (female) assembler (i.e. lecturer); abstractly, preaching (used as a 'nom de plume', Koheleth)
H6954	bdb	assembly
H6954	strongs_he	Kehelathah, a place in the Desert
H6955	bdb	קְהָת 30 n.pr.m. son of Levi
H6955	strongs_he	Kehath, an Israelite
H6956	bdb	קְהָתִי adj.gent. of foreg. [s.ap.ai]. c. art. הַקּ׳ as subst. coll.
H6956	strongs_he	a Kohathite (collectively) or descendants of Kehath
H6957	bdb	קַו mimicry of Isaiah's words, perh. senseless; line
H6957	strongs_he	a cord (as connecting), especially for measuring; figuratively, a rule; also a rim, a musical string or accord
H6958	bdb	vomit up, spue out, disgorge; vomit up
H6958	strongs_he	to vomit
H6959	bdb	helmet
H6959	strongs_he	a helmet
H6960	bdb	wait for; those waiting for; wait, look eagerly, for, lie in wait for, wait, for; wait, look eagerly, for; lie in wait for; wait, for; collect; be collected
H6960	strongs_he	to bind together (perhaps by twisting), i.e. collect; (figuratively) to expect
H6961	bdb	קוה n.m. Kt = II. קַו Qr
H6961	strongs_he	a (measuring) cord (as if for binding)
H6962	bdb	feel a loathing; I felt a loathing at; ye shall feel loathing against your faces
H6962	strongs_he	properly, to cut off, i.e. (figuratively) detest
H6963	bdb	sound; voice; lightness; frivolity
H6963	strongs_he	a voice or sound
H6964	bdb	voice of
H6964	strongs_he	Kolajah, the name of two Israelites
H6965	bdb	לֵב קָמָי prob. late Atbash Je 51:1.; arise, stand up, stand; arise, arise, arise, arise, arise, arise, arise, arise, stand; arise; arise; arise; arise; arise; arise, arise, arise; arise; arise; arise; stand; fulfil, confirm, ratify, confirm, establish, impose; fulfil; confirm, ratify, confirm, establish, impose; confirm, ratify; confirm, establish; impose; raise up; raise oneself, rise up; cause to arise, raise, raise, set up, erect, build, raise up, raise up, instigate, build, raise up, cause to stand; cause to arise, raise; raise, set up, erect, build; raise, set up; erect, build; raise up; raise up, instigate, build; raise up; instigate, build; raise up; cause to stand; be raised up
H6965	strongs_he	to rise (in various applications, literal, figurative, intensive and causative)
H6966	bdb	arise, stand; arise, arise, stand; arise; arise; stand; set up, establish; set up, lift up, establish, appoint; set up; lift up; establish; appoint; be made to stand
H6966	strongs_he	appoint, establish, make, raise up self, (a-) rise (up), (make to) stand, set (up).
H6967	bdb	height
H6967	strongs_he	height
H6968	bdb	uprightness; upright
H6968	strongs_he	elevation, i.e. (adverbially) erectly (figuratively)
H6969	bdb	chant a
H6969	strongs_he	to strike a musical note, i.e. chant or wail (at a funeral)
H6970	bdb	קוֹעַ n.pr.gent. named with Bab., Chald., Assyr., E. of Tigris, on border of Elam and Media
H6970	strongs_he	Koa, a region of Babylon
H6971	bdb	ape
H6971	strongs_he	a monkey
H6972	bdb	summer
H6972	strongs_he	to spend the harvest season
H6973	bdb	feel a loathing, abhorrence, sickening dread; feel a loathing, abhor, feel a sickening dread; feel a loathing, abhor; feel a sickening dread; let us cause he sickening dread
H6973	strongs_he	to be (causatively, make) disgusted or anxious
H6974	bdb	awake
H6974	strongs_he	to awake (literally or figuratively)
H6975	bdb	thornbush; thorn
H6975	strongs_he	a thorn
H6976	bdb	קוֹץ n.pr.m. name in Judah priest
H6976	strongs_he	Kots, the name of two Israelites
H6977	bdb	locks
H6977	strongs_he	a forelock (as shorn)
H6978	bdb	might
H6978	strongs_he	stalwart
H6979	bdb	bore; dig; be cold; make; keep cool; tear down
H6979	strongs_he	to trench; by implication, to throw forth; to wall up, whether literal (to build a wall) or figurative (to estop)
H6980	bdb	thread; film
H6980	strongs_he	(only plural) trenches, i.e. a web (as if so formed)
H6981	bdb	קוֹרֵא n.pr.m. Levites
H6981	strongs_he	Kore, the name of two Israelites
H6982	bdb	rafter; beam; meeting
H6982	strongs_he	a rafter (forming trenches as it were); by implication, a roof
H6983	bdb	lay bait; lure
H6983	strongs_he	to set a trap
H6984	bdb	קוּשָׁיָ֫הוּ n.pr.m. Levite
H6984	strongs_he	Kushajah, an Israelite
H6985	bdb	only
H6985	strongs_he	a little, i.e. (adverbially) merely
H6986	bdb	destruction
H6986	strongs_he	ruin
H6987	bdb	destruction
H6987	strongs_he	extermination
H6988	bdb	smoke of sacrifice
H6988	strongs_he	perfume
H6989	bdb	קְטוּרָה n.pr.f. a wife of Abraham, after Sarah's death
H6989	strongs_he	Keturah, a wife of Abraham
H6990	bdb	break; snap
H6990	strongs_he	to clip off, i.e. (figuratively) destroy
H6991	bdb	slay
H6991	strongs_he	properly, to cut off, i.e. (figuratively) put to death
H6992	bdb	slay; be slain; slay; be slain
H6992	strongs_he	to kill
H6993	bdb	slaughter
H6993	strongs_he	a violent death
H6994	bdb	be small, insignificant; I am too insignificant for; making, small
H6994	strongs_he	to diminish, i.e. be (causatively, make) diminutive or (figuratively) of no account
H6995	bdb	little
H6995	strongs_he	a pettiness, i.e. the little finger
H6996	bdb	small; young; unimportant; small; insignificant
H6996	strongs_he	abbreviated, i.e. diminutive, literally (in quantity, size or number) or figuratively (in age or importance)
H6997	bdb	the small
H6997	strongs_he	Katan, an Israelite
H6998	bdb	pluck off, out; he, plucked off; it is, plucked off
H6998	strongs_he	to strip off
H6999	bdb	incense; incense-altar; make sacrifices smoke; make sacrifices smoke; fumigated with myrrh; make sacrifices smoke, cause incense to smoke, offer incense, make smoke; make sacrifices smoke; cause incense to smoke, offer incense; make smoke; be made to smoke
H6999	strongs_he	to smoke, i.e. turn into fragrance by fire (especially as an act of worship)
H7000	bdb	shut in, enclose, bind, chain; enclosed courts, small
H7000	strongs_he	to inclose
H7001	bdb	joint; knot
H7001	strongs_he	a knot (as tied up), i.e. (figuratively) a riddle; also a vertebra (as if a knot)
H7002	bdb	incense
H7002	strongs_he	perfume
H7003	bdb	קִטְרוֹן n.pr.loc. in Zebulun
H7003	strongs_he	Kitron, a place in Palestine
H7004	bdb	smoke; odour of; sacrifice; incense
H7004	strongs_he	a fumigation
H7005	bdb	קַטָּת n.pr.loc. in Zebulun Jos 19:15
H7005	strongs_he	Kattath, a place in Palestine
H7006	bdb	vomit
H7006	strongs_he	to vomit
H7007	bdb	summer
H7007	strongs_he	harvest
H7008	bdb	thick smoke
H7008	strongs_he	a fume, i.e. cloud
H7009	bdb	adversary; uprising; insurgent
H7009	strongs_he	an opponent (as rising against one), i.e. (collectively) enemies
H7010	bdb	statute
H7010	strongs_he	an edict (as arising in law)
H7011	bdb	enduring
H7011	strongs_he	permanent (as rising firmly)
H7012	bdb	rising up
H7012	strongs_he	an arising
H7013	bdb	spear
H7013	strongs_he	a lance (as striking fast)
H7014	bdb	Cain; קַ֫יִן n.pr. gent. tribe of Moses’ father-in-law loc. in S. Judah
H7014	strongs_he	Kajin, the name of the first child, also of a place in Palestine, and of an Oriental tribe
H7015	bdb	elegy; dirge
H7015	strongs_he	a dirge (as accompanied by beating the breasts or on instruments)
H7016	bdb	קִינָה n.pr.loc. in S. Judah Jos 15:22
H7016	strongs_he	Kinah, a place in Palestine
H7017	bdb	קֵינִי adj.gent. (dwelling in N. Isr.); elsewhere as n.gent.coll. settled among Amal.
H7017	strongs_he	a Kenite or member of the tribe of Kajin
H7018	bdb	קֵינָן n.pr.m. a Sethite
H7018	strongs_he	Kenan, an antediluvian
H7019	bdb	summer; summer-fruit
H7019	strongs_he	harvest (as the crop), whether the product (grain or fruit) or the (dry) season
H7020	bdb	at the end; outermost
H7020	strongs_he	terminal
H7021	bdb	ricinus; bottle-gourd
H7021	strongs_he	the gourd (as nauseous)
H7022	bdb	disgrace
H7022	strongs_he	intense disgrace
H7023	bdb	wall
H7023	strongs_he	a wall (as built in a trench)
H7024	bdb	קִיר n.pr.terr. et gent. orig. house of Aram; קִיר in n.pr.loc. of Moabite cities
H7024	strongs_he	Kir, a place in Assyrian; also one in Moab
H7025	bdb	קִיר in n.pr.loc. of Moabite cities
H7025	strongs_he	Kir-Cheres or Kir-Chareseth, a place in Moab
H7026	bdb	קֵרֹס n.pr.m. post-ex.
H7026	strongs_he	Keros, one of the Nethinim
H7027	bdb	קִישׁ n.pr.m. father of Saul Levites ancestor of Mordecai
H7027	strongs_he	Kish, the name of five Israelites
H7028	bdb	קִישׁוֹן n.pr. of wady running NW. through plain of Megiddo (Esdraelon)
H7028	strongs_he	Kishon, a river of Palestine
H7029	bdb	קוּשָׁיָ֫הוּ n.pr.m. Levite
H7029	strongs_he	Kishi, an Israelite
H7030	bdb	lyre; zither
H7030	strongs_he	a lyre
H7031	bdb	light; swift; fleet
H7031	strongs_he	light; (by implication) rapid (also adverbial)
H7032	bdb	voice
H7032	strongs_he	sound, voice.
H7033	bdb	roast, parch; he roasted them with fire, parched; with burning
H7033	strongs_he	to toast, i.e. scorch partially or slowly
H7034	bdb	be lightly esteemed, dishonoured; treat with contempt, dishonour
H7034	strongs_he	to be light (as implied in rapid motion), but figuratively, only (be [causatively, hold] in contempt)
H7035	bdb	assemble as a; assemble as a; summon an assembly
H7035	strongs_he	to assemble
H7036	bdb	ignominy; dishonour
H7036	strongs_he	disgrace; (by implication) the pudenda
H7037	bdb	קַלַּ֫חַת n.f. caldron
H7037	strongs_he	a kettle
H7038	bdb	be stunted; be drawn in
H7038	strongs_he	to maim
H7039	bdb	parched
H7039	strongs_he	roasted ears of grain
H7040	bdb	קַלַּי n.pr.m. priest Ne 12:20
H7040	strongs_he	Kallai, an Israelite
H7041	bdb	voice of
H7041	strongs_he	Kelajah, an Israelite
H7042	bdb	קְלִיטָא n.pr.m. Levite
H7042	strongs_he	Kelita, the name of three Israelites
H7043	bdb	be slight, swift, trifling; be slight, be abated, be swift, trifling; be slight, be abated; be swift; trifling; shew oneself swift, appear trifling, be lightly esteemed; shew oneself swift; appear trifling; be lightly esteemed; curse, make contemptible; be cursed; make light, lighten, treat with contempt; make light, lighten; treat with contempt; shake, whet; shake; whet; shook themselves
H7043	strongs_he	to be (causatively, make) light, literally (swift, small, sharp, etc.) or figuratively (easy, trifling, vile, etc.)
H7044	bdb	burnished; light; quick
H7044	strongs_he	brightened (as if sharpened)
H7045	bdb	curse
H7045	strongs_he	vilification
H7046	bdb	mock, scoff; to scoff at hire; mock, deride
H7046	strongs_he	to disparage, i.e. ridicule
H7047	bdb	derision
H7047	strongs_he	a laughing-stock
H7048	bdb	קַלָּסָה n.f. id. [s.bs.ab], ∥ id.;—Ez 22:4.
H7048	strongs_he	ridicule
H7049	bdb	carve; sling, hurl forth; one slinging, with, a stone at; and he slang
H7049	strongs_he	to sling; also to carve (as if a circular motion, or into light forms)
H7050	bdb	curtain; hanging; sling
H7050	strongs_he	a sling; also a (door) screen (as if slung across), or the valve (of the door) itself
H7051	bdb	[קַלָּע] n.m. slinger;—pl. 2 K 3:25.
H7051	strongs_he	a slinger
H7052	bdb	contemptible; worthless
H7052	strongs_he	insubstantial
H7053	bdb	fine point
H7053	strongs_he	a prong, i.e. hay-fork
H7054	bdb	standing grain
H7054	strongs_he	something that rises, i.e. a stalk of grain
H7055	bdb	קְמוּאֵל n.pr.m. son of Nahor Ephraimite Levite
H7055	strongs_he	Kemuel, the name of a relative of Abraham, and of two Israelites
H7056	bdb	קָמוֹן n.pr.loc. Ju 10:5, in Gilead
H7056	strongs_he	Kamon, a place East of the Jordan
H7057	bdb	thistles; nettles
H7057	strongs_he	a prickly plant
H7058	bdb	flour; meal
H7058	strongs_he	flour
H7059	bdb	seize; and thou didst seize me; be snatched
H7059	strongs_he	to pluck, i.e. destroy
H7060	bdb	be decayed; be mouldy; decay
H7060	strongs_he	to wither
H7061	bdb	enclose with the hand; grasp
H7061	strongs_he	to grasp with the hand
H7062	bdb	closed hand; fist
H7062	strongs_he	a grasp, i.e. handful
H7063	bdb	thistles; nettles
H7063	strongs_he	a prickly plant
H7064	bdb	nest; nest; cells
H7064	strongs_he	a nest (as fixed), sometimes including the nestlings; figuratively, a chamber or dwelling
H7065	bdb	be jealous, zealous, be jealous of, be envious of, be zealous, excite to jealous anger; be jealous of; be envious of; be zealous; excite to jealous anger; provoke to jealous anger
H7065	strongs_he	to be (causatively, make) zealous, i.e. (in a bad sense) jealous or envious
H7066	bdb	acquire; buy
H7066	strongs_he	to purchase
H7067	bdb	jealous
H7067	strongs_he	jealous
H7068	bdb	ardour; zeal; jealousy
H7068	strongs_he	jealousy or envy
H7069	bdb	get, acquire; get, acquire, buy; get, acquire; buy; be bought; caused, to purchase me, made me a bondman
H7069	strongs_he	to erect, i.e. create; by extension, to procure, especially by purchase (causatively, sell); by implication to own
H7070	bdb	stalk, reed; stalk; water-plant, reed; calamus; measuring-rod, reed, beam, shaft, branches, shoulder-joint; measuring-rod; reed; beam; shaft; branches; shoulder-joint
H7070	strongs_he	a reed (as erect); by resemblance a rod (especially for measuring), shaft, tube, stem, the radius (of the arm), beam (of a steelyard)
H7071	bdb	קָנָה n.pr. of wady between Ephr. and Manass. loc. in Asher
H7071	strongs_he	Kanah, the name of a stream and of a place in Palestine
H7072	bdb	קַנּוֹא adj. id. [s.ca.ad];—
H7072	strongs_he	jealous or angry
H7073	bdb	קְנַז n.pr.m. in Edom: son of Eliphaz, and father of Othniel
H7073	strongs_he	Kenaz, the name of an Edomite and of two Israelites
H7074	bdb	קְנִזִּי adj.gent. of Caleb; as n.coll.
H7074	strongs_he	a Kenizzite or descendant of Kenaz
H7075	bdb	thing got; acquired; acquisition
H7075	strongs_he	creation, i.e. (concretely) creatures; also acquisition, purchase, wealth
H7076	bdb	cinnamon
H7076	strongs_he	cinnamon bark (as in upright rolls)
H7077	bdb	make a nest, nest; who art nested
H7077	strongs_he	to nestle, i.e. build or occupy as a nest
H7078	bdb	snare; net
H7078	strongs_he	perversion
H7079	bdb	קְנָת n.pr.loc. E. of Jordan
H7079	strongs_he	Kenath, a place East of the Jordan
H7080	bdb	practise divination
H7080	strongs_he	properly, to distribute, i.e. determine by lot or magical scroll; by implication, to divine
H7081	bdb	divination
H7081	strongs_he	a lot; also divination (including its fee), oracle
H7082	bdb	strip off
H7082	strongs_he	to lop off
H7083	bdb	pot; inkhorn
H7083	strongs_he	properly, a cup, i.e. an ink-stand
H7084	bdb	קְעִילָה 18 n.pr.loc. in Judah, toward Philistines
H7084	strongs_he	Keilah, a place in Palestine
H7085	bdb	incision; imprintment; tattoo
H7085	strongs_he	an incision or gash
H7086	bdb	dish; platter
H7086	strongs_he	a bowl (as cut out hollow)
H7087	bdb	thicken, condense, congeal; the deeps were condensed; didst thou not curdle me; congelation
H7087	strongs_he	to shrink, i.e. thicken (as unracked wine, curdled milk, clouded sky, frozen water)
H7088	bdb	gather together; roll up
H7088	strongs_he	to contract, i.e. roll together
H7089	bdb	shuddering
H7089	strongs_he	shrinking, i.e., terror
H7090	bdb	porcupine; rolling; together
H7090	strongs_he	a species of bird, perhaps the bittern (from its contracted form)
H7091	bdb	arrow-snake
H7091	strongs_he	spring forward; an arrow-snake (as darting on its prey)
H7092	bdb	draw together, shut; shut; they drew themselves together; springing, upon the hills
H7092	strongs_he	to draw together, i.e. close; by implication, to leap (by contracting the limbs); specifically, to die (from gathering up the feet)
H7093	bdb	end; end, at the end of; end
H7093	strongs_he	an extremity; adverbially (with prepositional prefix) after
H7094	bdb	cut off; shear
H7094	strongs_he	to clip, or (generally) chop
H7095	bdb	cut; shape; extremity
H7095	strongs_he	shape (as if cut out); base (as if there cut off)
H7096	bdb	cut off; cutting off, peoples; to cut off in Israel; scrape, scrape off
H7096	strongs_he	to cut off; (figuratively) to destroy; (partially) to scrape off
H7097	bdb	end; end; extremity
H7097	strongs_he	an extremity
H7098	bdb	end
H7098	strongs_he	a termination
H7099	bdb	end; boundary
H7099	strongs_he	a limit
H7100	bdb	black cumin
H7100	strongs_he	fennel-flower (from its pungency)
H7101	bdb	chief, ruler; chief, commander; dictator; ruled
H7101	strongs_he	a magistrate (as deciding) or other leader
H7102	bdb	cassia; powdered
H7102	strongs_he	cassia (as peeled; plural the bark)
H7103	bdb	cassia
H7103	strongs_he	Ketsiah, a daughter of Job
H7104	bdb	קְצִיץ n.pr.loc. in Benj., Jos 18:21
H7104	strongs_he	Keziz, a valley in Palestine
H7105	bdb	harvesting, harvest; harvesting; what is reaped, harvested, crop; time of harvest; boughs; branches
H7105	strongs_he	severed, i.e. harvest (as reaped), the crop, the time, the reaper, or figuratively; also a limb (of a tree, or simply foliage)
H7106	bdb	cornered; set in corners; scrape; scrape off
H7106	strongs_he	to strip off, i.e. (partially) scrape; by implication, to segregate (as an angle)
H7107	bdb	be wroth; be wroth; provoke to wrath; put oneself in a rage
H7107	strongs_he	to crack off, i.e. (figuratively) burst out in rage
H7108	bdb	be wroth
H7108	strongs_he	to become enraged
H7109	bdb	wrath
H7109	strongs_he	rage
H7110	bdb	wrath; splinter
H7110	strongs_he	a splinter (as chipped off); figuratively, rage or strife
H7111	bdb	a snapping; splintering
H7111	strongs_he	a fragment
H7112	bdb	cut off; cut, hew off; hewn off
H7112	strongs_he	to chop off (literally or figuratively)
H7113	bdb	קצא (√ of following [xs.ah.ab]).
H7113	strongs_he	cut off.
H7114	bdb	be short; be short; shorten; reap, harvest; reap
H7114	strongs_he	to dock off, i.e. curtail (transitive or intransitive, literal or figurative); especially to harvest (grass or grain)
H7115	bdb	shortness; impatience
H7115	strongs_he	shortness (of spirit), i.e. impatience
H7116	bdb	short
H7116	strongs_he	short (whether in size, number, life, strength or temper)
H7117	bdb	end; end, corners, ends; from the ends of, some of; at the end of
H7117	strongs_he	a termination (literally or figuratively); also (by implication) a portion; adverbially (with prepositional prefix) after
H7118	bdb	end
H7118	strongs_he	end, partly.
H7119	bdb	cool
H7119	strongs_he	cool; figuratively, quiet
H7120	bdb	cold
H7120	strongs_he	cold
H7121	bdb	call, proclaim, read; call, cry, utter a loud sound, call, cry, call unto, cry, proclaim, read aloud, read, summon, call, name; call, cry, utter a loud sound, call, cry; call, cry, utter a loud sound; call, cry; call unto, cry; call unto; cry; proclaim; read aloud, read; read aloud; read; summon; call, name; be called; be called; be called
H7121	strongs_he	to call out to (i.e. properly, address by name, but used in a wide variety of applications)
H7122	bdb	encounter, befall; meet, encounter, befall; meet, encounter; befall; meet unexpectedly; thou didst cause, to befall
H7122	strongs_he	to encounter, whether accidentally or in a hostile manner
H7123	bdb	call, read out, aloud; call, proclaim, read out, aloud; call, proclaim; read out, aloud; it was read; be summoned
H7123	strongs_he	call, cry, read.
H7124	bdb	partridge; calling
H7124	strongs_he	a caller, i.e. partridge (from its cry)
H7125	bdb	encounter, befall; meet, encounter, befall; meet, encounter; befall; meet unexpectedly; thou didst cause, to befall
H7125	strongs_he	an encountering, accidental, friendly or hostile (also adverbially, opposite)
H7126	bdb	come near, approach; approach; he shall be brought unto God; cause to approach, bring near; bring near, bring, present, bring near; bring near, bring, present; bring near, bring, present; bring near
H7126	strongs_he	to approach (causatively, bring near) for whatever purpose
H7127	bdb	approach; when he approached; offer; bring near; bring near
H7127	strongs_he	approach, come (near, nigh), draw near.
H7128	bdb	battle; war; approach
H7128	strongs_he	hostile encounter
H7129	bdb	war
H7129	strongs_he	war.
H7130	bdb	inward part; midst
H7130	strongs_he	properly, the nearest part, i.e. the center, whether literal, figurative or adverbial (especially with preposition)
H7131	bdb	approaching
H7131	strongs_he	near
H7132	bdb	approach
H7132	strongs_he	approach
H7133	bdb	offering; offering; oblation
H7133	strongs_he	something brought near the altar, i.e. a sacrificial present
H7134	bdb	axe
H7134	strongs_he	an axe
H7135	bdb	קָרָה n.f. id. [s.dk.ac]
H7135	strongs_he	coolness
H7136	bdb	encounter, meet, befall; encounter, meet, befall; encounter, meet; befall; encounter, meet, chance to be present; encounter, meet; chance to be present; cause, to occur, cause, to occur, for yourselves, select, as suitable; cause, to occur; cause, to occur, for yourselves, select, as suitable; lay the beams of; furnish with beams
H7136	strongs_he	to light upon (chiefly by accident); causatively, to bring about; specifically, to impose timbers (for roof or floor)
H7137	bdb	chance; accident
H7137	strongs_he	an (unfortunate) occurrence, i.e. some accidental (ceremonial) disqualification
H7138	bdb	near; the nearest; the nearest to, his neighbour, near, near; the nearest to, his neighbour; near; near
H7138	strongs_he	near (in place, kindred or time)
H7139	bdb	make bald, baldness; make a baldness … for; shall, make themselves bald for them; and they shall make a baldness, for thee; every head made bald
H7139	strongs_he	to depilate
H7140	bdb	frost; ice
H7140	strongs_he	ice (as if bald, i.e. smooth); hence, hail; by resemblance, rock crystal
H7141	bdb	baldness
H7141	strongs_he	Korach, the name of two Edomites and three Israelites
H7142	bdb	bald
H7142	strongs_he	bald (on the back of the head)
H7143	bdb	bald one
H7143	strongs_he	Kareach, an Israelite
H7144	bdb	baldness; bald spot
H7144	strongs_he	baldness
H7145	bdb	קָרְחִי adj.gent. of קֹרַח
H7145	strongs_he	a Korchite (collectively) or descendants of Korach
H7146	bdb	baldness of head
H7146	strongs_he	a bald spot (on the back of the head); figuratively, a threadbare spot (on the back side of the cloth)
H7147	bdb	opposition; contrariness
H7147	strongs_he	hostile encounter
H7148	bdb	called; summoned
H7148	strongs_he	called, i.e. select
H7149	bdb	city
H7149	strongs_he	city.
H7150	bdb	proclamation
H7150	strongs_he	a proclamation
H7151	bdb	town; city
H7151	strongs_he	a city
H7152	bdb	קְרִיּוֹת n.pr.loc. in Judah in Moab
H7152	strongs_he	Kerioth, the name of two places in Palestine
H7153	bdb	fourfold city
H7153	strongs_he	Kirjath-Arba or Kirjath-ha-Arba, a place in Palestine
H7154	bdb	city of forests
H7154	strongs_he	Kirjath-Baal, a place in Palestine
H7155	bdb	קִרְיַת חֻצוֹת n.pr.loc. in Moab, Nu 22:39, site unknown.
H7155	strongs_he	Kirjath-Chutsoth, a place in Moab
H7156	bdb	double city
H7156	strongs_he	Kirjathaim, the name of two placed in Palestine
H7157	bdb	city of forests
H7157	strongs_he	Kirjath-Jearim or Kirjath-Arim, a place in Palestine
H7158	bdb	קִרְיַת־סֵ֫פֶר n.pr.loc. in S. Judah
H7158	strongs_he	Kirjath-Sannah or Kirjath-Sepher, a place in Palestine
H7159	bdb	spread, lay; I will spread skin over you
H7159	strongs_he	to cover
H7160	bdb	send out rays; display, horns
H7160	strongs_he	to shoot out horns; figuratively, rays
H7161	bdb	horn; hill, peak, isolated hill; rays at his side(s) he had; קַרְנַ֫יִם n.pr.loc. conquered by Isr.; prob. in Bashan
H7161	strongs_he	a horn (as projecting); by implication, a flask, cornet; by resemblance. an elephant's tooth (i.e. ivory), a corner (of the altar), a peak (of a mountain), a ray (of light); figuratively, power
H7162	bdb	horn
H7162	strongs_he	a horn (literally or for sound)
H7163	bdb	horn of antimony; beautifier
H7163	strongs_he	Keren-hap-Puk, one of Job's daughters
H7164	bdb	bend down; stoop; crouch
H7164	strongs_he	to hunch, i.e. be hump-backed
H7165	bdb	hook
H7165	strongs_he	a knob or belaying-pin (from its swelling form)
H7166	bdb	ankle
H7166	strongs_he	an ankle (as a protuberance or joint)
H7167	bdb	tear; tear, rend, rending, tear, tear away, tear, rend asunder, make wide, large, rend open, tear, rend; rending, tear; rending; tear; tear away; tear, rend asunder, make wide, large, rend open; make wide, large; rend open; tear, rend; be rent, be rent, split asunder
H7167	strongs_he	to rend, literally or figuratively (revile, paint the eyes, as if enlarging them)
H7168	bdb	torn piece; rag
H7168	strongs_he	a rag
H7169	bdb	nip, pinch; let them, pinch the eye; from clay I was nipped off
H7169	strongs_he	to pinch, i.e. (partially) to bite the lips, blink the eyes (as a gesture of malice), or (fully) to squeeze off (a piece of clay in order to mould a vessel from it)
H7170	bdb	piece
H7170	strongs_he	chew him up (figuratively) by slander
H7171	bdb	nipping; nipper
H7171	strongs_he	extirpation (as if by constriction)
H7172	bdb	floor
H7172	strongs_he	floor (as if a pavement of pieces or tesseræ), of a building or the sea
H7173	bdb	floor
H7173	strongs_he	Karka (with the article prefix), a place in Palestine
H7174	bdb	קַרְקֹר n.pr.loc. E. of Jordan, Ju 8:10, site unknown
H7174	strongs_he	Karkor, a place East of the Jordan
H7175	bdb	board; boards
H7175	strongs_he	a slab or plank; by implication, a deck of a ship
H7176	bdb	town; city
H7176	strongs_he	a city
H7177	bdb	קַרְתָּה n.pr.loc. Levit. city in Zebulun Jos 21:34, site unknown.
H7177	strongs_he	Kartah, a place in Palestine
H7178	bdb	double city
H7178	strongs_he	Kartan, a place in Palestine
H7179	bdb	stubble; chaff
H7179	strongs_he	straw (as dry)
H7180	bdb	cucumber
H7180	strongs_he	a cucumber (from the difficulty of digestion)
H7181	bdb	incline, attend; give attention
H7181	strongs_he	to prick up the ears, i.e. hearken
H7182	bdb	attentiveness
H7182	strongs_he	a hearkening
H7183	bdb	attentive; [קַשֻּׁב] adj. id. [s.dr.ac]
H7183	strongs_he	hearkening
H7184	bdb	jug; jar
H7184	strongs_he	a jug (from its shape)
H7185	bdb	be hard, severe, fierce; be hard, difficult, be hard, severe; be hard, difficult; be hard, severe; hardly bestead, hard pressed; she made hard in her bearing; make difficult, difficulty, make severe, burdensome, make hard, stiff, stubborn, shew stubbornness; make difficult, difficulty; make severe, burdensome; make hard, stiff, stubborn, shew stubbornness; make hard, stiff, stubborn; shew stubbornness
H7185	strongs_he	properly, to be dense, i.e. tough or severe (in various applications)
H7186	bdb	hard; severe
H7186	strongs_he	severe (in various applications)
H7187	bdb	truth
H7187	strongs_he	fidelity
H7188	bdb	make hard; treat hardly
H7188	strongs_he	to be (causatively, make) unfeeling
H7189	bdb	truth; bow
H7189	strongs_he	equity (as evenly weighed), i.e. reality
H7190	bdb	stubbornness
H7190	strongs_he	obstinacy
H7191	bdb	קִשְׁיוֹן n.pr.loc. Levit. city in Issachar
H7191	strongs_he	Kishjon, a place in Palestine
H7192	bdb	קְשִׂיטָה n.f. unit of (unknown) value, perh. weight
H7192	strongs_he	an ingot (as definitely estimated and stamped for a coin)
H7193	bdb	scale
H7193	strongs_he	a scale (of a fish); hence a coat of mail (as composed of or covered with jointed plates of metal)
H7194	bdb	bind, league together, conspire; bind, league together, conspire; bind; league together, conspire; the life of Jonathan was bound up with the life of D.; bind on, bind fast; bind on; bind fast; conspire
H7194	strongs_he	to tie, physically (gird, confine, compact) or mentally (in love, league)
H7195	bdb	conspiracy
H7195	strongs_he	an (unlawful) alliance
H7196	bdb	bands; sashes; bound on
H7196	strongs_he	an (ornamental) girdle (for women)
H7197	bdb	gather stubble; sticks; gather stubble
H7197	strongs_he	to forage for straw, stubble or wood; figuratively, to assemble
H7198	bdb	bow; bow; rainbow
H7198	strongs_he	a bow, for shooting (hence, figuratively, strength) or the iris
H7199	bdb	bowman
H7199	strongs_he	a bowman
H7200	bdb	see; see, see, see, see, see, have, vision, see, look at, see, look into, look at, see; see, see; see; see; see; see; see, have, vision; see; look at, see; look into, look at, see; look into, look at; see; appear, be seen, be visible; appear; be seen; be visible; his bones are not detected; look at each other; cause, to see, shew, cause to experience, cause to look intently at, to behold; cause, to see, shew, cause to experience; cause, to see, shew; cause to experience; cause to look intently at, to behold; be caused to see, be shewn, be exhibited to; be caused to see, be shewn; be exhibited to
H7200	strongs_he	to see, literally or figuratively (in numerous applications, direct and implied, transitive, intransitive and causative)
H7201	bdb	kite
H7201	strongs_he	a bird of prey (probably the vulture, from its sharp sight)
H7202	bdb	seeing
H7202	strongs_he	seeing, i.e. experiencing
H7203	bdb	vision; seer
H7203	strongs_he	a seer (as often rendered); but also (abstractly) a vision
H7204	bdb	רֹאֶה n.pr.m. 1 Ch 2:52, v. רְאָיָה infr.
H7204	strongs_he	Roeh, an Israelite
H7205	bdb	Reuben
H7205	strongs_he	Reuben, a son of Jacob
H7206	bdb	רְאוּבֵנִי adj.gent. of foreg. [רְאוּבֵן]
H7206	strongs_he	a Reubenite or descendant of Reuben
H7207	bdb	see; see, see, see, see, see, have, vision, see, look at, see, look into, look at, see; see, see; see; see; see; see; see, have, vision; see; look at, see; look into, look at, see; look into, look at; see; appear, be seen, be visible; appear; be seen; be visible; his bones are not detected; look at each other; cause, to see, shew, cause to experience, cause to look intently at, to behold; cause, to see, shew, cause to experience; cause, to see, shew; cause to experience; cause to look intently at, to behold; be caused to see, be shewn, be exhibited to; be caused to see, be shewn; be exhibited to
H7207	strongs_he	sight, i.e. satisfaction
H7208	bdb	רְאוּמָה n.pr.f. concubine of Nahor Gn 22:24 (J)
H7208	strongs_he	Reumah, a Syrian woman
H7209	bdb	mirror
H7209	strongs_he	a mirror (as seen)
H7210	bdb	looking, seeing, sight; seeing; appearance; sight, spectacle
H7210	strongs_he	sight, whether abstractly (vision) or concretely (a spectacle)
H7211	bdb	hath seen
H7211	strongs_he	Reajah, the name of three Israelites
H7212	bdb	look
H7212	strongs_he	sight
H7213	bdb	rise
H7213	strongs_he	to rise
H7214	bdb	wild ox
H7214	strongs_he	a wild bull (from its conspicuousness)
H7215	bdb	corals
H7215	strongs_he	something high in value, i.e. perhaps coral
H7216	bdb	Heights, Ramôth
H7216	strongs_he	Ramoth, the name of two places in Palestine
H7217	bdb	head; head; head; chief; sum
H7217	strongs_he	the head; figuratively, the sum
H7218	bdb	Rôsh; head, head; head; head; top, height; top; height; head, chief, chief, chief, chief, chief priest, head; head, chief; chief; chief; chief; chief priest; head; head, front, beginning, heads; head, front; beginning; heads; chief, choicest, best; head, division, company, band; sum, take sum of, enumerate
H7218	strongs_he	the head (as most easily shaken), whether literal or figurative (in many applications, of place, time, rank, itc.)
H7219	bdb	venom
H7219	strongs_he	a poisonous plant, probably the poppy (from its conspicuous head); generally poison (even of serpents)
H7220	bdb	רֹאשׁ n.m. son of Benj.;—Gn 46:21
H7220	strongs_he	Rosh, the name of an Israelite and of a foreign nation
H7221	bdb	beginning-time; early time
H7221	strongs_he	a beginning
H7222	bdb	top
H7222	strongs_he	the head
H7223	bdb	former; first; chief
H7223	strongs_he	first, in place, time or rank (as adjective or noun)
H7224	bdb	first
H7224	strongs_he	first
H7225	bdb	beginning, chief; beginning, first; beginning; first; first, chief
H7225	strongs_he	the first, in place, time, order or rank (specifically, a firstfruit)
H7226	bdb	place at the head; head-place
H7226	strongs_he	a pillow (being for the head)
H7227	bdb	chief; much, many, great; much, numerous, many, abounding in, more numerous than, abundant, enough, much, exceedingly; much, numerous; much; numerous; many; abounding in; more numerous than; abundant, enough; much, exceedingly; great
H7227	strongs_he	abundant (in quantity, size, age, number, rank, quality)
H7228	bdb	archer
H7228	strongs_he	an archer
H7229	bdb	great
H7229	strongs_he	captain, chief, great, lord, master, stout.
H7230	bdb	multitude; abundance; greatness
H7230	strongs_he	abundance (in any respect)
H7231	bdb	be; become; many; much
H7231	strongs_he	properly, to cast together , i.e. increase, especially in number; to multiply by the myriad
H7232	bdb	shoot
H7232	strongs_he	to shoot an arrow
H7233	bdb	multitude; myriad; ten thousand
H7233	strongs_he	abundance (in number), i.e. (specifically) a myriad (whether definite or indefinite)
H7234	bdb	be-spread; deck
H7234	strongs_he	to spread
H7235	bdb	be, become, much, many, great; become many, numerous, be great, grow great; become many, numerous; be great, grow great; be great; grow great; make large, increase; make much, many, make great; make much, many; make great; shoot
H7235	strongs_he	to increase (in whatever respect)
H7236	bdb	grow great; grow tall and large; make great
H7236	strongs_he	make a great man, grow.
H7237	bdb	Rabba, great, populous
H7237	strongs_he	Rabbah, the name of two places in Palestine, East and West
H7238	bdb	greatness
H7238	strongs_he	increase (of dignity)
H7239	bdb	ten thousand; myriad
H7239	strongs_he	a myriad, i.e. indefinitely, large number
H7240	bdb	myriad
H7240	strongs_he	× ten thousand times ten thousand.
H7241	bdb	copious showers
H7241	strongs_he	a rain (as an accumulation of drops)
H7242	bdb	chain
H7242	strongs_he	a collar (as spread around the neck)
H7243	bdb	fourth
H7243	strongs_he	fourth; also (fractionally) a fourth
H7244	bdb	fourth
H7244	strongs_he	fourth.
H7245	bdb	רַבִּית n.pr.loc. in Issachar;—Jos 19:20
H7245	strongs_he	Rabbith, a place in Palestine
H7246	bdb	mix; stir
H7246	strongs_he	to soak (bread in oil)
H7247	bdb	רִבְלָה n.pr.loc. ר׳ in land of Hamath on NE. border of land of Isr.
H7247	strongs_he	Riblah, a place in Syria
H7248	bdb	soothsayer; magian
H7248	strongs_he	Rab-Mag, a Babylonian official
H7249	bdb	chief
H7249	strongs_he	Rab-Saris, a Babylonian official
H7250	bdb	lie stretched out, lie down; my lying down; thy cattle thou shalt not cause to, lie down, two kinds
H7250	strongs_he	to squat or lie out flat, i.e. (specifically) in copulation
H7251	bdb	squared, square; square; square
H7251	strongs_he	to be quadrate
H7252	bdb	lie stretched out, lie down; my lying down; thy cattle thou shalt not cause to, lie down, two kinds
H7252	strongs_he	prostration (for sleep)
H7253	bdb	fourth part; four sides
H7253	strongs_he	a fourth (part or side)
H7254	bdb	רֶ֫בַע n.m. a king of Midian
H7254	strongs_he	Reba, a Midianite
H7255	bdb	fourth part
H7255	strongs_he	a quarter
H7256	bdb	pertaining to the fourth
H7256	strongs_he	a descendant of the fourth generation, i.e. great great grandchild
H7257	bdb	stretch oneself out, lie down, lie stretched out; lie down, lie; cause to lie down, lie
H7257	strongs_he	to crouch (on all four legs folded, like a recumbent animal); by implication, to recline, repose, brood, lurk, imbed
H7258	bdb	place of; lying down; resting-; dwelling-place
H7258	strongs_he	a couch or place of repose
H7259	bdb	Rebekah
H7259	strongs_he	Ribkah, the wife of Isaac
H7260	bdb	great
H7260	strongs_he	huge (in size); domineering (in character)
H7261	bdb	lord; noble
H7261	strongs_he	a magnate
H7262	bdb	chief
H7262	strongs_he	Rabshakeh, a Babylonian official
H7263	bdb	clod
H7263	strongs_he	a lump of clay
H7264	bdb	be agitated, quiver, quake, be excited, perturbed; quake; cause to quake, disquiet, enrage; excite oneself
H7264	strongs_he	to quiver (with any violent emotion, especially anger or fear)
H7265	bdb	enrage
H7265	strongs_he	provoke unto wrath.
H7266	bdb	rage
H7266	strongs_he	violent anger
H7267	bdb	agitation; excitement; raging
H7267	strongs_he	commotion, restlessness (of a horse), crash (of thunder), disquiet, anger
H7268	bdb	quivering; quaking
H7268	strongs_he	timid
H7269	bdb	a quivering; quaking
H7269	strongs_he	trepidation
H7270	bdb	foot it, go about; go about, as slanderer; slander, go about as explorer, spy; slander; go about as explorer, spy; I taught, to walk
H7270	strongs_he	to walk along; but only in specifically, applications, to reconnoiter, to be a tale-bearer (i.e. slander); to lead about
H7271	bdb	foot
H7271	strongs_he	foot.
H7272	bdb	foot; foot; three times
H7272	strongs_he	a foot (as used in walking); by implication, a step; by euphemistically the pudenda
H7273	bdb	on foot; footmen
H7273	strongs_he	a footman (soldier)
H7274	bdb	fullers
H7274	strongs_he	Rogelim, a place East of the Jordan
H7275	bdb	stone; kill by stoning
H7275	strongs_he	to cast together (stones), i.e. to lapidate
H7276	bdb	רֶ֫גֶם n.pr.m. 1 Ch 2:47
H7276	strongs_he	Regem, an Israelite
H7277	bdb	heap; crowd
H7277	strongs_he	a pile (of stones), i.e. (figuratively) a throng
H7278	bdb	רֶ֫גֶם מֶ֫לֶךְ n.pr.m. exilic, Zc 7:2
H7278	strongs_he	Regem-Melek, an Israelite
H7279	bdb	murmur, whisper; murmur, murmurers, and they murmured; murmurers; and they murmured; whisper, backbite, slander, backbiter; backbiter
H7279	strongs_he	to grumble, i.e. rebel
H7280	bdb	be at rest, repose; repose; give rest to, rest, repose; give rest to; rest, repose; disturb; make a twinkilng; harden
H7280	strongs_he	properly, to toss violently and suddenly (the sea with waves, the skin with boils); figuratively (in a favorable manner) to settle, i.e. quiet; specifically, to wink (from the motion of the eye-lids)
H7281	bdb	a moment
H7281	strongs_he	a wink (of the eyes), i.e. a very short space of time
H7282	bdb	restful; quiet
H7282	strongs_he	restful, i.e. peaceable
H7283	bdb	be in tumult; commotion
H7283	strongs_he	to be tumultuous
H7284	bdb	be in tumult
H7284	strongs_he	to gather tumultuously
H7285	bdb	throng; throng
H7285	strongs_he	a tumultuous crowd
H7286	bdb	beat out, beat down, subdue; beat down; beat out
H7286	strongs_he	to tread in pieces, i.e. (figuratively) to conquer, or (specifically) to overlay
H7287	bdb	scrape out; have dominion, rule, dominate; have dominion, rule; and kings he causeth, to dominate
H7287	strongs_he	to tread down, i.e. subjugate; specifically, to crumble off
H7288	bdb	רַדַּי n.pr.m. fifth son of Jesse, acc. to 1 Ch 2:14
H7288	strongs_he	Raddai, an Israelite
H7289	bdb	wide wrapper; large veil
H7289	strongs_he	a veil (as expanded)
H7290	bdb	be in; fall into; heavy sleep
H7290	strongs_he	to stun, i.e. stupefy (with sleep or death)
H7291	bdb	pursue, chase, persecute; pursue, put to flight, chase, the pursuers, chase, hunt, pursue, persecute, harass, pursue, dog, follow after, aim to secure; pursue, put to flight, chase, the pursuers, chase, hunt, pursue, persecute, harass, pursue, dog; pursue; put to flight, chase; the pursuers; chase, hunt; pursue; persecute, harass; pursue, dog; follow after, aim to secure; upon the neck, we are pursued; pursue ardently; it shall be chased away like chaff of the mountains; they chased him
H7291	strongs_he	to run after (usually with hostile intent; figuratively [of time] gone by)
H7292	bdb	act stormily, boisterously, arrogantly; storm against; alarm me
H7292	strongs_he	to urge severely, i.e. (figuratively) importune, embolden, capture, act insolently
H7293	bdb	storm, arrogance
H7293	strongs_he	bluster(-er)
H7294	bdb	storm, arrogance
H7294	strongs_he	Rahab (i.e. boaster), an epithet of Egypt
H7295	bdb	proud; defiant
H7295	strongs_he	insolent
H7296	bdb	pride
H7296	strongs_he	pride
H7297	bdb	fear
H7297	strongs_he	to fear
H7298	bdb	lock; flowing; trough; collected
H7298	strongs_he	a channel or watering-box; by resemblance a ringlet of hair (as forming parallel lines)
H7299	bdb	appearance
H7299	strongs_he	aspect
H7300	bdb	wander restlessly, roam; lacks knowledge; shew restlessness
H7300	strongs_he	to tramp about, i.e. ramble (free or disconsolate)
H7301	bdb	be saturated, drink one's fill; we will take our fill of love; be intoxicated, drunk, drench, water abundantly; be intoxicated, drunk; drench, water abundantly; saturate, water
H7301	strongs_he	to slake the thirst (occasionally of other appetites)
H7302	bdb	watered
H7302	strongs_he	sated (with drink)
H7303	bdb	רָהְגָּה Qr, רוהגה Kt, n.pr.m. in Asher 1 Ch 7:34
H7303	strongs_he	Rohagah, an Israelite
H7304	bdb	be wide, spacious; was enlargement, relief, relief; spacious
H7304	strongs_he	properly, to breathe freely, i.e. revive; by implication, to have ample room
H7305	bdb	space, interval; respite, relief
H7305	strongs_he	room, literally (an interval) or figuratively (deliverance)
H7306	bdb	smell; perceive odour
H7306	strongs_he	properly, to blow, i.e. breathe; only (literally) to smell or (by implication, perceive (figuratively, to anticipate, enjoy)
H7307	bdb	breath, wind, spirit; breath; wind; spirit, temper, disposition; spirit; spirit; spirit of God
H7307	strongs_he	wind; by resemblance breath, i.e. a sensible (or even violent) exhalation; figuratively, life, anger, unsubstantiality; by extension, a region of the sky; by resemblance spirit, but only of a rational being (including its expression and functions)
H7308	bdb	wind; spirit
H7308	strongs_he	mind, spirit, wind.
H7309	bdb	respite; relief
H7309	strongs_he	relief
H7310	bdb	saturation
H7310	strongs_he	satisfaction
H7311	bdb	be high, exalted, rise; be high, be raised, uplifted, be lifted, rise; be high; be high; be raised, uplifted; be lifted, rise; raise, rear, cause, to grow, lift up, exalt, extol; raise, rear, cause, to grow; raise, rear; cause, to grow; lift up; exalt, extol; be lift up; raise, rear, raise, lift up, lift, take up, set up, erect, set on high, lift up, exalt, lift up, remove, lift off and present, contribute, offer; raise, rear, raise, lift up, lift, take up, set up, erect, set on high, lift up, exalt; raise, rear, raise; raise, rear; raise; lift up; lift, take up; set up, erect; set on high; lift up, exalt; lift up, remove; lift off and present, contribute, offer; be taken off, be abolished; and he shall exalt and magnify himself above, I will raise myself; be wormy
H7311	strongs_he	to be high actively, to rise or raise (in various applications, literally or figuratively)
H7312	bdb	height; haughtiness
H7312	strongs_he	(literally) elevation or (figuratively) elation
H7313	bdb	rise; lifted up; extol; exalt; lift oneself up
H7313	strongs_he	extol, lift up (self), set up.
H7314	bdb	height
H7314	strongs_he	(literally) altitude
H7315	bdb	on high
H7315	strongs_he	elevation, i.e. (adverbially) aloft
H7316	bdb	רוּמָה n.pr.loc. 2 K 23:36
H7316	strongs_he	Rumah, a place in Palestine
H7317	bdb	haughtily
H7317	strongs_he	elation, i.e. (adverbially) proudly
H7318	bdb	extolling; praise
H7318	strongs_he	exaltation, i.e. (figuratively and specifically) praise
H7319	bdb	extolling; praise
H7319	strongs_he	exaltation, i.e. praise
H7320	bdb	I have made lofty help
H7320	strongs_he	Romamti-Ezer, an Israelite
H7321	bdb	raise a shout, give a blast; a shout shall not be uttered; shout in triumph, shout for joy; shout in triumph; shout for joy
H7321	strongs_he	to mar (especially by breaking); figuratively, to split the ears (with sound), i.e. shout (for alarm or joy)
H7322	bdb	shake; rock
H7322	strongs_he	properly, to triturate (in a mortar), i.e. (figuratively) to agitate (by concussion)
H7323	bdb	run; run, the runners, out-runners, runner; run; the runners, out-runners, runner; the runners, out-runners; runner; they run swiftly, dart; cause to run
H7323	strongs_he	to run (for whatever reason, especially to rush)
H7324	bdb	make empty, empty out; empty; pour out, down; empty out, draw; be emptied out
H7324	strongs_he	to pour out (literally or figuratively), i.e. empty
H7325	bdb	flow
H7325	strongs_he	to slaver (with spittle), i.e. (by analogy) to emit a fluid (ulcerous or natural)
H7326	bdb	be in want, poor; young lions are in want and hunger; one impoverishing himself
H7326	strongs_he	to be destitute
H7327	bdb	Ruth; friendship
H7327	strongs_he	Ruth, a Moabitess
H7328	bdb	secret
H7328	strongs_he	to attenuate, i.e. (figuratively) hide; a mystery
H7329	bdb	be, grow lean; make lean; be made lean
H7329	strongs_he	to emaciate, i.e. make (become) thin (literally or figuratively)
H7330	bdb	lean
H7330	strongs_he	thin
H7331	bdb	רְזוֹן n.pr.m. founder of kingdom of Damascus, Solomon’s time
H7331	strongs_he	Rezon, a Syrian
H7332	bdb	leanness; wasting; scantness
H7332	strongs_he	thinness
H7333	bdb	potentate
H7333	strongs_he	a dignitary
H7334	bdb	leanness; wasting
H7334	strongs_he	thinness
H7335	bdb	wink; flash
H7335	strongs_he	to twinkle the eye (in mockery)
H7336	bdb	be weighty; judicious; commanding
H7336	strongs_he	probably to be heavy, i.e. (figuratively) honorable
H7337	bdb	be, grow, wide, large; be widened, enlarged; broad, roomy, pasture; make large, enlarge; make large; enlarge
H7337	strongs_he	to broaden (intransitive or transitive, literal or figurative)
H7338	bdb	breadth; broad expanse
H7338	strongs_he	a width
H7339	bdb	broad open place; plaza
H7339	strongs_he	a width, i.e. (concretely) avenue or area
H7340	bdb	רְחוֹב, רְחֹב n.pr. loc.: towards Hamath in Asher m.: Aram. name post-exilic Levite
H7340	strongs_he	Rechob, the name of a place in Syria, also of a Syrian and an Israelite
H7341	bdb	breadth; width
H7341	strongs_he	width (literally or figuratively)
H7342	bdb	wide; broad
H7342	strongs_he	roomy, in any (or every) direction, literally or figuratively
H7343	bdb	רָחָב n.pr.f. harlot in Jericho
H7343	strongs_he	Rachab, a Canaanitess
H7344	bdb	רְחֹבוֹת n.pr.loc. near Nineveh name of well home of a king of Edom
H7344	strongs_he	Rechoboth, a place in Assyria and one in Palestine
H7345	bdb	רְחַבְיָה(וּ) n.pr.m. son of Eliezer and grandson of Moses
H7345	strongs_he	Rechabjah, an Israelite
H7346	bdb	Rehoboam
H7346	strongs_he	Rechabam, an Israelite king
H7347	bdb	hand-; mill; two mill-stones
H7347	strongs_he	a mill-stone
H7348	bdb	compassion, softness, gentleness; רְחוּם n.pr.m. Persian official Ezr 4:8
H7348	strongs_he	Rechum, the name of a Persian and of three Israelites
H7349	bdb	compassionate
H7349	strongs_he	compassionate
H7350	bdb	distant; far; distance
H7350	strongs_he	remote, literally or figuratively, of place or time; specifically, precious; often used adverbially (with preposition)
H7351	bdb	rafters; boards; running
H7351	strongs_he	a panel (as resembling a trough)
H7352	bdb	far
H7352	strongs_he	far.
H7353	bdb	ewe
H7353	strongs_he	a ewe [the females being the predominant element of a flock] (as a good traveller)
H7354	bdb	Rachel
H7354	strongs_he	Rachel, a wife of Jacob
H7355	bdb	love, have compassion; I love thee; have compassion, compassionate; be shewn compassion, compassionated
H7355	strongs_he	to fondle; by implication, to love, especially to compassionate
H7356	bdb	womb; compassion
H7356	strongs_he	compassion (in the plural); by extension, the womb (as cherishing the fetus); by implication, a maiden
H7357	bdb	girl
H7357	strongs_he	Racham, an Israelite
H7358	bdb	womb
H7358	strongs_he	the womb
H7359	bdb	compassion
H7359	strongs_he	(plural) pity
H7360	bdb	carrion-vulture
H7360	strongs_he	a kind of vulture (supposed to be tender towards its young)
H7361	bdb	womb
H7361	strongs_he	a maiden
H7362	bdb	compassionate women
H7362	strongs_he	compassionate
H7363	bdb	grow soft, relax, be soft; hover, move gently, cherish, brood; hovering, hovering, brooding
H7363	strongs_he	to brood; by implication, to be relaxed
H7364	bdb	wash, wash off, away, bathe; wash, wash, bathe; wash; wash, bathe; be washed; I washed myself in snow
H7364	strongs_he	to lave (the whole or a part of a thing)
H7365	bdb	trust
H7365	strongs_he	to attend upon
H7366	bdb	washing
H7366	strongs_he	a bath
H7367	bdb	רַחְצָה n.f. id. [t.ce.ab], lit.; of sheep
H7367	strongs_he	a bathing place
H7368	bdb	be, become, far, distant; be far, distant; send far away; make, exhibit, distance, be gone for, remove, put far away; make, exhibit, distance, be gone for; remove, put far away
H7368	strongs_he	to widen (in any direction), i.e. (intransitively) recede or (transitively) remove (literally or figuratively, of place or relation)
H7369	bdb	removing; departing
H7369	strongs_he	remote
H7370	bdb	keep moving; stir
H7370	strongs_he	to gush
H7371	bdb	winnowing-shovel
H7371	strongs_he	a winnowing-fork (as blowing the chaff away)
H7372	bdb	be moist
H7372	strongs_he	to be moist
H7373	bdb	moist; juicy; fresh
H7373	strongs_he	moist (with sap)
H7374	bdb	trembling; panic
H7374	strongs_he	terror
H7375	bdb	grow fresh
H7375	strongs_he	to be rejuvenated
H7376	bdb	dash in pieces; thou wilt dash in pieces
H7376	strongs_he	to dash down
H7377	bdb	moisture
H7377	strongs_he	irrigation, i.e. a shower
H7378	bdb	strive, contend; strive; displaying contention against him
H7378	strongs_he	properly, to toss, i.e. grapple; mostly figuratively, to wrangle, i.e. hold a controversy; (by implication) to defend
H7379	bdb	strife; dispute
H7379	strongs_he	a contest (personal or legal)
H7380	bdb	רִיבַי n.pr.m. in Benj.
H7380	strongs_he	Ribai, an Israelite
H7381	bdb	scent; odour; breath
H7381	strongs_he	odor (as if blown)
H7382	bdb	smell
H7382	strongs_he	smell.
H7383	bdb	[רִיפָה] n.[f.] dub.; some grain or fruit
H7383	strongs_he	(only plural), grits (as pounded)
H7384	bdb	דִּיפַת n.pr.m. a son of Gomer, son of Japhet 1 Ch 1:6; רִיפַת n.pr.gent. ʻsonʼ of Gomer (of Japhet);—Gn 10:3
H7384	strongs_he	Riphath, a grandson of Japheth and his descendants
H7385	bdb	emptiness; vanity
H7385	strongs_he	emptiness; figuratively, a worthless thing; adverbially, in vain
H7386	bdb	empty; vain
H7386	strongs_he	empty; figuratively, worthless
H7387	bdb	emptily, vainly; in empty condition, empty; in vain, without effect
H7387	strongs_he	emptily; figuratively (objective) ineffectually, (subjective) undeservedly
H7388	bdb	slimy juice; spittle
H7388	strongs_he	saliva; by resemblance, broth
H7389	bdb	poverty
H7389	strongs_he	poverty
H7390	bdb	tender; delicate; soft
H7390	strongs_he	tender (literally or figuratively); by implication, weak
H7391	bdb	tender; delicate; soft
H7391	strongs_he	softness (figuratively)
H7392	bdb	mount and ride, ride; mount, mount and sit, ride, ride, be riding, rider; mount, mount and sit, ride; ride, be riding; rider; cause to, mount and, ride, cause to draw, cause hand to ride upon, bow; cause to, mount and, ride; cause to draw; cause hand to ride upon, bow
H7392	strongs_he	to ride (on an animal or in a vehicle); causatively, to place upon (for riding or generally), to despatch
H7393	bdb	chariotry; chariot; mill-stone; riders
H7393	strongs_he	a vehicle; by implication, a team; by extension, cavalry; by analogy a rider, i.e. the upper millstone
H7394	bdb	band of riders
H7394	strongs_he	Rekab, the name of two Arabs and of two Israelites
H7395	bdb	רַכָּב n.m. charioteer horseman
H7395	strongs_he	a charioteer
H7396	bdb	riding
H7396	strongs_he	a chariot (collectively)
H7397	bdb	[רֵכָבִי] adj. gent. of רֵכָב; רֵכָה n.pr.loc. in Judah;—1 Ch 4:12
H7397	strongs_he	Rekah, a place in Palestine
H7398	bdb	chariot
H7398	strongs_he	a vehicle (as ridden on)
H7399	bdb	property; goods
H7399	strongs_he	property (as gathered)
H7400	bdb	slander; tale-bearer; informer
H7400	strongs_he	a scandal-monger (as travelling about)
H7401	bdb	be tender, weak, soft; be tender, weak, be soft; be tender, weak; be soft; it has, been softened
H7401	strongs_he	to soften (intransitively or transitively), used figuratively
H7402	bdb	go about
H7402	strongs_he	to travel for trading
H7403	bdb	trader
H7403	strongs_he	Rakal, a place in Palestine
H7404	bdb	traffic; merchandise
H7404	strongs_he	trade (as peddled)
H7405	bdb	bind
H7405	strongs_he	to tie
H7406	bdb	roughness; binding; know; impassable; chain
H7406	strongs_he	a mountain ridge (as of tied summits)
H7407	bdb	snare; band; banding together; league; conspiracy; plottings
H7407	strongs_he	a snare (as of tied meshes)
H7408	bdb	collect; gather property
H7408	strongs_he	to lay up, i.e. collect
H7409	bdb	steeds
H7409	strongs_he	a relay of animals on a post-route (as stored up for that purpose); by implication, a courser
H7410	bdb	רָם n.pr.m. an ancestor of David, brother of Jerachmeel son of J. name of Elihu’s family
H7410	strongs_he	Ram, the name of an Arabian and of an Israelite
H7411	bdb	beguile; deal treacherously with; cast; shoot
H7411	strongs_he	to hurl; specifically, to shoot; figuratively, to delude or betray (as if causing to fall)
H7412	bdb	cast, throw; cast, throw; cast; throw; were cast, were placed, set; were cast; were placed, set; be cast
H7412	strongs_he	to throw, set, (figuratively) assess
H7413	bdb	height; high-place
H7413	strongs_he	a height (as a seat of idolatry)
H7414	bdb	the Height, Rama
H7414	strongs_he	Ramah, the name of four places in Palestine
H7415	bdb	worm; decay
H7415	strongs_he	a maggot (as rapidly bred), literally or figuratively
H7416	bdb	pomegranate
H7416	strongs_he	a pomegranate, the tree (from its upright growth) or the fruit (also an artificial ornament)
H7417	bdb	רִמּוֹן n.pr.m. in Benj.; cliff of R; רִמּוֹן n.pr.dei, in Aram.
H7417	strongs_he	Rimmon, the name of a Syrian deity, also of five places in Palestine
H7418	bdb	Heights, Ramôth
H7418	strongs_he	Ramoth-Negeb or Ramath-Negeb, a place in Palestine
H7419	bdb	height; lofty stature
H7419	strongs_he	a heap (of carcases)
H7420	bdb	spear; lance
H7420	strongs_he	a lance (as thrown); especially the iron point
H7421	bdb	Aramæan
H7421	strongs_he	a Ramite, i.e. Aramaean
H7422	bdb	hath loosened
H7422	strongs_he	Ramjah, an Israelite
H7423	bdb	deceit; treachery; laxness; slackness
H7423	strongs_he	remissness, treachery
H7424	bdb	sons of the; royal; mares
H7424	strongs_he	a brood mare
H7425	bdb	רְמַלְיָ֜הוּ n.pr.m. father of Peḳaḥ, king of Israel
H7425	strongs_he	Remaljah, an Israelite
H7426	bdb	be exalted
H7426	strongs_he	to rise (literally or figuratively)
H7427	bdb	uprising; arising
H7427	strongs_he	exaltation
H7428	bdb	רִמֹּן פָּ֑רֶץ n.pr.loc. station of Israel in wilderness
H7428	strongs_he	Rimmon-Perets, a place in the Desert
H7429	bdb	trample; trample; be trampled
H7429	strongs_he	to tread upon (as a potter, in walking or abusively)
H7430	bdb	creep; move lightly; move about
H7430	strongs_he	properly, to glide swiftly, i.e. to crawl or move with short steps; by analogy to swarm
H7431	bdb	creeping things; moving things
H7431	strongs_he	a reptile or any other rapidly moving animal
H7432	bdb	Heights, Ramôth
H7432	strongs_he	Remeth, a place in Palestine
H7433	bdb	Heights, Ramôth
H7433	strongs_he	Ramoth-Gilad, a place East of the Jordan
H7434	bdb	רָ(א)מַת n.pr.loc. רָמַת לֶ֑חִי Ju 15:17 רָמַת הַמִּצְפֶּה Jos 13:26 (P) Jos 19:8 (P)
H7434	strongs_he	Ramath-ham-Mitspeh, a place in Palestine
H7435	bdb	רָמָתִי adj.gent. (of what Rama?), c. art. 1 Ch 27:27
H7435	strongs_he	a Ramathite or inhabitant of Ramah
H7436	bdb	Ṣuphite
H7436	strongs_he	Ramathajim-Tsophim, a place in Palestine
H7437	bdb	רָ(א)מַת n.pr.loc. רָמַת לֶ֑חִי Ju 15:17 רָמַת הַמִּצְפֶּה Jos 13:26 (P) Jos 19:8 (P)
H7437	strongs_he	Ramath-Lechi, a place in Palestine
H7438	bdb	ringing cry
H7438	strongs_he	a shout (of deliverance)
H7439	bdb	rattle
H7439	strongs_he	to whiz
H7440	bdb	ringing cry
H7440	strongs_he	properly, a creaking (or shrill sound), i.e. shout (of joy or grief)
H7441	bdb	רִנָּה n.pr.m. in Judah 1 Ch 4:20
H7441	strongs_he	Rinnah, an Israelite
H7442	bdb	overcome; give a ringing cry; cry aloud; cry aloud; give a ringing cry; no ringing cry shall be given; cause to ring out
H7442	strongs_he	properly, to creak (or emit a stridulous sound), i.e. to shout (usually for joy)
H7443	bdb	piercing cries
H7443	strongs_he	an ostrich (from its wail)
H7444	bdb	give a ringing cry; cry aloud; cry aloud; give a ringing cry; no ringing cry shall be given; cause to ring out
H7444	strongs_he	shouting (for joy)
H7445	bdb	רְנָנָה n.f. id. [t.de.ab]; exultation
H7445	strongs_he	a shout (for joy)
H7446	bdb	רִסָּה n.pr.loc. station in wilderness
H7446	strongs_he	Rissah, a place in the Desert
H7447	bdb	fragment; drop
H7447	strongs_he	properly, dripping to pieces, i.e. a ruin; also a dew-drop
H7448	bdb	halter; jaw
H7448	strongs_he	a halter (as restraining); by implication, the jaw
H7449	bdb	רֶ֫סֶן n.pr.loc. in Assyria, near Nineveh Gn 10:12
H7449	strongs_he	Resen, a place in Assyrian
H7450	bdb	moisten
H7450	strongs_he	to moisten (with drops)
H7451	bdb	evil, distress, misery, injury, calamity; evil, distress, adversity; evil, injury, wrong; evil; bad, evil; bad, disagreeable, malignant; bad, unpleasant; evil, displeasing; bad of its kind; bad; worse than; sad, unhappy; devise evil, device; bad, unkind; bad, evil, wicked; evil, misery, distress, injury; evil, misery, distress; evil, injury, wrong; evil
H7451	strongs_he	bad or (as noun) evil (natural or moral)
H7452	bdb	shouting; roar
H7452	strongs_he	a crash (of thunder), noise (of war), shout (of joy)
H7453	bdb	friend; companion; fellow
H7453	strongs_he	an associate (more or less close)
H7454	bdb	purpose; aim
H7454	strongs_he	a thought (as association of ideas)
H7455	bdb	badness, evil; badness, bad quality; wilfulness; evil, badness; sadness
H7455	strongs_he	badness (as marring), physically or morally
H7456	bdb	be hungry; be hungry; allow, to hunger
H7456	strongs_he	to hunger
H7457	bdb	hungry
H7457	strongs_he	hungry (more or less intensely)
H7458	bdb	famine; hunger
H7458	strongs_he	hunger (more or less extensive)
H7459	bdb	hunger; lack of food; famine
H7459	strongs_he	famine
H7460	bdb	tremble, quake; trembleth; I stood trembling
H7460	strongs_he	to shudder (more or less violently)
H7461	bdb	trembling; רְעַדָה n.f. id. [t.dj.ab]
H7461	strongs_he	a shudder
H7462	bdb	binding-house of the shepherds; be a special friend; associate with; cherish faithfulness; do not make companionship with a bad-tempered man; pasture, tend, graze
H7462	strongs_he	to tend a flock; i.e. pasture it; intransitively, to graze (literally or figuratively); generally to rule; by extension, to associate with (as a friend)
H7463	bdb	friend
H7463	strongs_he	a (male) companion
H7464	bdb	companion; attendant
H7464	strongs_he	a female associate
H7465	bdb	break; can one break iron, iron out of the north, break, be broken; can one break iron, iron out of the north; break, be broken; the earth is broken asunder
H7465	strongs_he	breakage
H7466	bdb	רְעוּ n.pr.m. son of Peleg
H7466	strongs_he	Reu, a postdiluvian patriarch
H7467	bdb	רְעוּאֵל n.pr.m. Moses’ father-in-law Edomite Gadite Benjamite
H7467	strongs_he	Reuel, the name of Moses' father-in-law, also of an Edomite and an Israelite
H7468	bdb	fellow; woman
H7468	strongs_he	a female associate; generally an additional one
H7469	bdb	longing; striving
H7469	strongs_he	a feeding upon, i.e. grasping after
H7470	bdb	good pleasure; will
H7470	strongs_he	desire
H7471	bdb	pasture
H7471	strongs_he	pasture
H7472	bdb	רֵעִי n.pr.m. courtier of David 1 K 1:8
H7472	strongs_he	Rei, an Israelite
H7473	bdb	pasture, tend, graze
H7473	strongs_he	pastoral; as noun, a shepherd
H7474	bdb	companion
H7474	strongs_he	a female associate
H7475	bdb	רַעְיוֹן n.[m.] id. [t.dm.ac]
H7475	strongs_he	desire
H7476	bdb	thought
H7476	strongs_he	a grasp. i.e. (figuratively) mental conception
H7477	bdb	quiver; shake; reel
H7477	strongs_he	to reel, i.e. (figuratively) to brandish
H7478	bdb	reeling
H7478	strongs_he	a reeling (from intoxication)
H7479	bdb	veil
H7479	strongs_he	a long veil (as fluttering)
H7480	bdb	רְעֵלָיָה n.pr.m. companion of Zerub., Ezr 2:2, = רַעַמְיָה Ne 7:7
H7480	strongs_he	Reelajah, an Israelite
H7481	bdb	thunder; make the sound of thunder, thunder; thunder, cause to thunder
H7481	strongs_he	to tumble, i.e. be violently agitated; specifically, to crash (of thunder); figuratively, to irritate (with anger)
H7482	bdb	thunder
H7482	strongs_he	a peal of thunder
H7483	bdb	vibration; quivering
H7483	strongs_he	the mane of a horse (as quivering in the wind)
H7484	bdb	רַעְמָה, רַעְמָא n.pr.m. ‘son’ of Cush
H7484	strongs_he	Ramah, the name of a grandson of Ham, and of a place (perhaps founded by him)
H7485	bdb	רְעֵלָיָה n.pr.m. companion of Zerub., Ezr 2:2, = רַעַמְיָה Ne 7:7
H7485	strongs_he	Raamjah, an Israelite
H7486	bdb	Ramses
H7486	strongs_he	Rameses or Raamses, a place in Egypt
H7487	bdb	flourishing
H7487	strongs_he	green, i.e. (figuratively) prosperous
H7488	bdb	be; grow luxuriant; fresh; green; luxuriant; fresh
H7488	strongs_he	verdant; by analogy, new; figuratively, prosperous
H7489	bdb	be evil, bad; be displeasing, be sad, be injurious, evil, be evil, wicked; be displeasing; be sad; be injurious, evil; be evil, wicked; suffer hurt; do an injury, hurt, do evil, wickedly; do an injury, hurt; do evil, wickedly; break; can one break iron, iron out of the north, break, be broken; can one break iron, iron out of the north; break, be broken; the earth is broken asunder
H7489	strongs_he	properly, to spoil (literally, by breaking to pieces); figuratively, to make (or be) good for nothing, i.e. bad (physically, socially or morally)
H7490	bdb	crush, shatter
H7490	strongs_he	break, bruise.
H7491	bdb	trickle, drip; trickle
H7491	strongs_he	to drip
H7492	bdb	shatter
H7492	strongs_he	to break in pieces; figuratively, harass
H7493	bdb	quake, shake; quake, shake; is made to quake; cause to quake, cause, to spring, leap; cause to quake; cause, to spring, leap
H7493	strongs_he	to undulate (as the earth, the sky, etc.; also a field of grain), particularly through fear; specifically, to spring (as a locust)
H7494	bdb	quaking, shaking; earthquake; quaking, trembling; shaking, quivering
H7494	strongs_he	vibration, bounding, uproar
H7495	bdb	heal; heal; be healed; have healed, heal; in order to get healed
H7495	strongs_he	properly, to mend (by stitching), i.e. (figuratively) to cure
H7496	bdb	shades; ghosts
H7496	strongs_he	properly, lax, i.e. (figuratively) a ghost (as dead; in plural only)
H7497	bdb	רְפָאִים n.pr.gent. old race of giants; Hā-Rāphā
H7497	strongs_he	a giant
H7498	bdb	רָפָא n.pr.m. in Benj., 1 Ch 8:2
H7498	strongs_he	Rapha or Raphah, the name of two Israelites
H7499	bdb	remedy; medicine
H7499	strongs_he	a medicament
H7500	bdb	healing
H7500	strongs_he	a cure
H7501	bdb	רְפָאֵל n.pr.m. Levite, 1 Ch 26:7
H7501	strongs_he	Rephael, an Israelite
H7502	bdb	spread; he, spreadeth a threshing-sledge upon the mud; spread out, support me
H7502	strongs_he	to spread (a bed); by implication, to refresh
H7503	bdb	sink, relax; sink down, sink, drop, sink, relax, abate, relax, withdraw; sink down; sink, drop; sink, relax, abate; relax, withdraw; idle; let, drop; let drop, let go, refrain; let drop; let go; refrain; hast shewn thyself slack
H7503	strongs_he	to slacken (in many applications, literal or figurative)
H7504	bdb	slack
H7504	strongs_he	slack (in body or mind)
H7505	bdb	רָפוּא n.pr.m. in Benj., Nu 13:9, Ραφου[αυ].
H7505	strongs_he	Raphu, an Israelite
H7506	bdb	רֶ֫פַח n.pr.m. in Ephr., 1 Ch 7:25
H7506	strongs_he	Rephach, an Israelite
H7507	bdb	support
H7507	strongs_he	a railing (as spread along)
H7508	bdb	רְפִידִים n.pr.loc. station of Isr. at Exodus (in P)
H7508	strongs_he	Rephidim, a place in the Desert
H7509	bdb	רְפָיָה n.pr.m. in David’s family in Simeon in Issachar descendant of Saul post-ex. name
H7509	strongs_he	Rephajah, the name of five Israelites
H7510	bdb	sinking
H7510	strongs_he	slackness
H7511	bdb	stamp, tread, foul by stamping, treading; a fountain befouled; stamp oneself down, humble thyself
H7511	strongs_he	to trample, i.e. prostrate
H7512	bdb	tread; trample
H7512	strongs_he	stamp.
H7513	bdb	raft
H7513	strongs_he	a raft (as flat on the water)
H7514	bdb	support oneself; lean
H7514	strongs_he	to recline
H7515	bdb	stamp, tread, foul by stamping, treading; a fountain befouled; stamp oneself down, humble thyself
H7515	strongs_he	to trample, i.e. roil water
H7516	bdb	mire
H7516	strongs_he	mud (as roiled)
H7517	bdb	stable; stall
H7517	strongs_he	a stall for cattle (from their resting there)
H7518	bdb	piece; bar
H7518	strongs_he	a fragment
H7519	bdb	run
H7519	strongs_he	to run; also to delight in
H7520	bdb	watch
H7520	strongs_he	probably to look askant, i.e. (figuratively) be jealous
H7521	bdb	be pleased with, accept favourably; be pleased with, favourable to, accept, be pleased, make acceptable, satisfy; be pleased with, favourable to; accept; be pleased; make acceptable, satisfy; be accepted, her punishment is accepted; be accepted; her punishment is accepted; seek the favour of the poor; the land shall pay off her sabbaths; shall he make himself acceptable unto
H7521	strongs_he	to be pleased with; specifically, to satisfy a debt
H7522	bdb	goodwill, favour, acceptance, will; goodwill, favour; acceptance; will, desire, pleasure
H7522	strongs_he	delight (especially as shown)
H7523	bdb	murder, slay; murder, slay; I shall be slain; murder, assassinate; ye murder
H7523	strongs_he	properly, to dash in pieces, i.e. kill (a human being), especially to murder
H7524	bdb	shattering
H7524	strongs_he	a crushing; specifically, a murder-cry
H7525	bdb	רִצְיָא n.pr.m. in Asher 1 Ch 7:39
H7525	strongs_he	Ritsjah, an Israelite
H7526	bdb	רְצִין n.pr.m. king of Aram, Ahaz's time Ρα(α)σων
H7526	strongs_he	Retsin, the name of a Syrian and of an Israelite
H7527	bdb	bore; pierce
H7527	strongs_he	to pierce
H7528	bdb	fit together; fit out
H7528	strongs_he	to tessellate, i.e. embroider (as if with bright stones)
H7529	bdb	glowing stone; coal
H7529	strongs_he	a red-hot stone (for baking)
H7530	bdb	רֶ֫צֶף n.pr.loc. conquered by Assyr.
H7530	strongs_he	Retseph, a place in Assyria
H7531	bdb	glowing stone; coal; pavement
H7531	strongs_he	a hot stone; also a tessellated pavement
H7532	bdb	רִצְפָּה n.pr.f. concubine of Saul
H7532	strongs_he	Ritspah, an Israelitess
H7533	bdb	crush; crush; be crushed, broken; crush in pieces; she crushed his skull; the children crushed, one another within her
H7533	strongs_he	to crack in pieces, literally or figuratively
H7534	bdb	thin; only, altogether, surely
H7534	strongs_he	emaciated (as if flattened out)
H7535	bdb	thin; only, altogether, surely
H7535	strongs_he	properly, leanness, i.e. (figuratively) limitation; only adverbial, merely, or conjunctional, although
H7536	bdb	spittle
H7536	strongs_he	spittle
H7537	bdb	rot
H7537	strongs_he	to decay (as by worm-eating)
H7538	bdb	rottenness; decay
H7538	strongs_he	decay (by caries)
H7539	bdb	רִקָּבוֹן n.[m.] id. [t.ek.ab];—Jb 41:19
H7539	strongs_he	decay (by caries)
H7540	bdb	skip about; skip about; dance, leap; he, made them skip
H7540	strongs_he	properly, to stamp, i.e. to spring about (wildly or for joy)
H7541	bdb	the temple
H7541	strongs_he	properly, thinness, i.e. the side of the head
H7542	bdb	רַקּוֹן n.pr.loc. in Dan, Jos 19:46
H7542	strongs_he	Rakkon, a place in Palestine
H7543	bdb	mix, compound; mix, compound, compounders of the ointment, mixer, perfumer; mixed as ointment; spice the spicing
H7543	strongs_he	to perfume
H7544	bdb	spice
H7544	strongs_he	properly, perfumery, i.e. (by implication) spicery (for flavor)
H7545	bdb	spice-mixture; prefume
H7545	strongs_he	an aromatic
H7546	bdb	ointment-maker; perfumer
H7546	strongs_he	a male perfumer
H7547	bdb	perfumery
H7547	strongs_he	a scented substance
H7548	bdb	ointment-maker; perfumer
H7548	strongs_he	a female perfumer
H7549	bdb	extended surface, expanse; expanse
H7549	strongs_he	properly, an expanse, i.e. the firmament or (apparently) visible arch of the sky
H7550	bdb	a thin cake; wafer; a thin round cake of bread
H7550	strongs_he	a thin cake
H7551	bdb	variegate; variegator; I was skillfully wrought
H7551	strongs_he	to variegate color, i.e. embroider; by implication, to fabricate
H7552	bdb	רֶ֫קֶם n.pr. m. a king of Midian a ‘son’ of Hebron name in Gilead loc. in Benj.
H7552	strongs_he	Rekem, the name of a place in Palestine, also of a Midianite and an Israelite
H7553	bdb	variegated stuff
H7553	strongs_he	variegation of color; specifically, embroidery
H7554	bdb	beat, stamp, beat out, spread out; I will stamp them down; with gold overlayeth it; silver beaten out; canst thou make with, him a spreading for clouds
H7554	strongs_he	to pound the earth (as a sign of passion); by analogy to expand (by hammering); by implication, to overlay (with thin sheets of metal)
H7555	bdb	expansion
H7555	strongs_he	beaten out, i.e. a (metallic) plate
H7556	bdb	spit
H7556	strongs_he	to spit
H7557	bdb	רַקַּת n.pr.loc. in Naphtali, Jos 19:35
H7557	strongs_he	Rakkath, a place in Palestine
H7558	bdb	permission
H7558	strongs_he	a permit
H7559	bdb	inscribe; note
H7559	strongs_he	to record
H7560	bdb	inscribe, sign; inscribe, sign; be inscribed, written, be signed; be inscribed, written; be signed
H7560	strongs_he	sign, write.
H7561	bdb	be wicked, act wickedly; be wicked, act wickedly, be guilty; be wicked, act wickedly; be guilty; condemn as guilty, condemn as guilty, act wickedly; condemn as guilty; condemn as guilty; act wickedly
H7561	strongs_he	to be (causatively, do or declare) wrong; by implication, to disturb, violate
H7562	bdb	wickedness
H7562	strongs_he	a wrong (especially moral)
H7563	bdb	wicked; criminal
H7563	strongs_he	morally wrong; concretely, an (actively) bad person
H7564	bdb	wickedness
H7564	strongs_he	wrong (especially moral)
H7565	bdb	flame; fire-bolt
H7565	strongs_he	a live coal; by analogy lightning; figuratively, an arrow, (as flashing through the air); specifically, fever
H7566	bdb	רֶ֫שֶׁף n.pr.m. in Ephr., 1 Ch 7:25
H7566	strongs_he	Resheph, an Israelite
H7567	bdb	beat down, shatter; we are beaten down
H7567	strongs_he	to demolish
H7568	bdb	net; net; network
H7568	strongs_he	a net (as catching animals)
H7569	bdb	chain
H7569	strongs_he	a chain
H7570	bdb	boil; cause to boil; have been made to boil; maketh the depth boil like the pot
H7570	strongs_he	to boil
H7571	bdb	boiling
H7571	strongs_he	a boiling
H7572	bdb	chain
H7572	strongs_he	a chain
H7573	bdb	bind; attach
H7573	strongs_he	to yoke up (to the pole of a vehicle)
H7574	bdb	broom-plant; retem
H7574	strongs_he	the Spanish broom (from its pole-like stems)
H7575	bdb	רִתְמָה n.pr.loc. station in wilderness
H7575	strongs_he	Rithmah, a place in the Desert
H7576	bdb	bind; were bound with fetters; be snapped, broken
H7576	strongs_he	to fasten
H7577	bdb	chain
H7577	strongs_he	something fastened, i.e. a chain
H7578	bdb	trembling
H7578	strongs_he	terror
H7579	bdb	draw
H7579	strongs_he	to bale up water
H7580	bdb	roar
H7580	strongs_he	to rumble or moan
H7581	bdb	roaring
H7581	strongs_he	a rumbling or moan
H7582	bdb	make a din, crash, crash into ruins; have crashed into ruins; be ruined; to cause, to crash
H7582	strongs_he	to rush; by implication, to desolate
H7583	bdb	gaze
H7583	strongs_he	to stun, i.e. (intransitively) be astonished
H7584	bdb	שַׁאֲוָה Kt, שׁוֹאָה Qr, n.f. devastating storm;—sim. Pr 1:27
H7584	strongs_he	a tempest (as rushing)
H7585	bdb	Shᵉ’ōl; underworld; place of inquiry
H7585	strongs_he	hades or the world of the dead (as if a subterranean retreat), including its accessories and inmates
H7586	bdb	asked
H7586	strongs_he	Shaul, the name of an Edomite and two Israelites
H7587	bdb	שָׁאוּלִי adj.gent. c. art. = n.pr.coll. Nu 26:13 (P).
H7587	strongs_he	a Shaülite or descendant of Shaul
H7588	bdb	roar; din; crash; uproar
H7588	strongs_he	uproar (as of rushing); by implication, destruction
H7589	bdb	despite; contempt
H7589	strongs_he	contempt
H7590	bdb	treat with despite
H7590	strongs_he	one contemning
H7591	bdb	ruin
H7591	strongs_he	desolation
H7592	bdb	ask, inquire; ask, ask for, ask, borrow, seek, desire, inquire of, inquire of, consult, seek, desire; ask, ask for, ask, borrow, seek, desire; ask, ask for; ask, borrow; seek, desire; inquire of, inquire of, consult, seek, desire; inquire of; inquire of, consult; seek, desire; ask for oneself; inquire carefully, beg, practise beggary; inquire carefully; beg, practise beggary; let, ask, give, lend, on request, grant, make over to
H7592	strongs_he	to inquire; by implication, to request; by extension, to demand
H7593	bdb	ask; ask for, request; inquire about, for
H7593	strongs_he	ask, demand, require.
H7594	bdb	שְׁאָל n.pr.m. with foreign wife, Ezr 10:29
H7594	strongs_he	Sheal, an Israelite
H7595	bdb	affair
H7595	strongs_he	properly, a question (at law), i.e. judicial decision or mandate
H7596	bdb	request; thing asked for
H7596	strongs_he	a petition; by implication, a loan
H7597	bdb	I have asked; of God; שַׁלְתִּיאֵל n.pr.m. father of Zerub.
H7597	strongs_he	Shealtiel, an Israelite
H7598	bdb	I have asked; of God
H7598	strongs_he	Shealtiel.
H7599	bdb	be at ease; at peace; rest securely
H7599	strongs_he	to loll, i.e. be peaceful
H7600	bdb	at ease, secure; at ease, secure; one at ease; at ease, careless, wanton, arrogant; arrogance
H7600	strongs_he	secure; in a bad sense, haughty
H7601	bdb	have plundered him; be plundered
H7601	strongs_he	to plunder
H7602	bdb	crush; trample on; gasp; pant; pant after; long for
H7602	strongs_he	to inhale eagerly; figuratively, to cover; by implication, to be angry; also to hasten
H7603	bdb	leaven
H7603	strongs_he	barm or yeast-cake (as swelling by fermentation)
H7604	bdb	remain, be left over; remains; be left over, be left behind; be left over; be left behind; leave over, spare, leave, keep over, shall have, left, leave; leave over, spare; leave, keep over; shall have, left; leave
H7604	strongs_he	properly, to swell up, i.e. be (causatively, make) redundant
H7605	bdb	rest; residue; remnant
H7605	strongs_he	a remainder
H7606	bdb	rest; remainder
H7606	strongs_he	× whatsoever more, residue, rest.
H7607	bdb	flesh; flesh, ; ; flesh-, relation; self
H7607	strongs_he	flesh (as swelling out), as living or for food; generally food of any kind; figuratively, kindred by blood
H7608	bdb	flesh; flesh, ; ; flesh-, relation; self
H7608	strongs_he	female kindred by blood
H7609	bdb	שֶׁאֱרָה n.pr.f. ‘daughter’ of Ephraim;—1 Ch 7:24
H7609	strongs_he	Sheerah, an Israelitess
H7610	bdb	a remnant shall return
H7610	strongs_he	Shear-Jashub, the symbolic name of one of Isaiah's sons
H7611	bdb	rest; residue; remnant; remainder
H7611	strongs_he	a remainder or residual (surviving, final) portion
H7612	bdb	din; devastation
H7612	strongs_he	devastation
H7613	bdb	exaltation; dignity; swelling; uprising
H7613	strongs_he	an elevation or leprous scab; figuratively, elation or cheerfulness; exaltation in rank or character
H7614	bdb	Shᵉbâ
H7614	strongs_he	Sheba, the name of three early progenitors of tribes and of an Ethiopian district
H7615	bdb	[שְׁבָאִי] adj.gent. only pl. as subst., Jo 4:8
H7615	strongs_he	a Shebaite or descendant of Sheba
H7616	bdb	splinters
H7616	strongs_he	a fragment, i.e. ruin
H7617	bdb	take captive; take captive; be taken captive
H7617	strongs_he	to transport into captivity
H7618	bdb	agate
H7618	strongs_he	a gem (from its sparkle), probably the agate
H7619	bdb	שְׁבוּאֵל, שְׁבֻאֵל n.pr.m. son of Gershom
H7619	strongs_he	Shebuel or Shubael, the name of two Israelites
H7620	bdb	period of seven; heptad; week
H7620	strongs_he	literally, sevened, i.e. a week (specifically, of years)
H7621	bdb	oath; curse
H7621	strongs_he	properly, something sworn, i.e. an oath
H7622	bdb	give his daughters into captivity; restore the captivity of
H7622	strongs_he	exile, concretely, prisoners; figuratively, a former state of prosperity
H7623	bdb	soothe, still; he stilleth it; stilling the roar of the seas; laud, praise; boast
H7623	strongs_he	properly, to address in a loud tone, i.e. (specifically) loud; figuratively, to pacify (as if by words)
H7624	bdb	laud; praise
H7624	strongs_he	to adulate, i.e. adore
H7625	bdb	tribe
H7625	strongs_he	a clan
H7626	bdb	rod; staff; club; sceptre; tribe
H7626	strongs_he	a scion, i.e. (literally) a stick (for punishing, writing, fighting, ruling, walking, etc.) or (figuratively) a clan
H7627	bdb	Shᵉbāṭ
H7627	strongs_he	Shebat, a Jewish month
H7628	bdb	captivity; captives; captive
H7628	strongs_he	exiled; captured; as noun, exile (abstractly or concretely and collectively); by extension, booty
H7629	bdb	שֹׁבִי n.pr.m. appar. Ammonite prince, 2 S 17:27
H7629	strongs_he	Shobi, an Ammonite
H7630	bdb	שֹׁבָ֑י n.pr.m. in post-ex. Israel
H7630	strongs_he	Shobai, an Israelite
H7631	bdb	flame
H7631	strongs_he	flame.
H7632	bdb	flame
H7632	strongs_he	flame (as split into tongues)
H7633	bdb	captivity; captives
H7633	strongs_he	exile (abstractly or concretely and collectively)
H7634	bdb	שָֽׂכְיָה n.pr.m. in Benj. 1 Ch 8:10
H7634	strongs_he	Shobjah, an Israelite
H7635	bdb	way; path; flowing along; stretching out
H7635	strongs_he	a track or passage-way (as if flowing along)
H7636	bdb	front-band
H7636	strongs_he	a netting for the hair
H7637	bdb	seventh
H7637	strongs_he	seventh
H7638	bdb	lattice-work; network
H7638	strongs_he	a netting (ornament to the capital of a column)
H7639	bdb	lattice-work; network
H7639	strongs_he	a net-work, i.e. (in hunting) a snare, (in architecture) a ballustrade; also a reticulated ornament to a pillar
H7640	bdb	flowing skirt; train
H7640	strongs_he	a lady's train (as trailing after her)
H7641	bdb	ear; flowing stream
H7641	strongs_he	a stream (as flowing); also an ear of grain (as growing out); by analogy, a branch
H7642	bdb	snail
H7642	strongs_he	a snail (as if floating in its own slime)
H7643	bdb	שְׂבָם n.pr.loc. in Moab (Reuben), near Heshbon
H7643	strongs_he	Sebam or Sibmah, a place in Moab
H7644	bdb	שֶׁבְנָא, שֶׁבְנָה n.pr.m. secretary and major-domo of Hezekiah
H7644	strongs_he	Shebna or Shebnah, an Israelite
H7645	bdb	שְׁבַנְיָה(וּ) n.pr.m. יָה: Levites priest יָהוּ, priest
H7645	strongs_he	Shebanjah, the name of three or four Israelites
H7646	bdb	be sated, satisfied, surfeited; be sated, be sated, have in excess, be surfeited with; be sated; be sated; have in excess, be surfeited with; sated; satisfy; satisfy, enrich, sate, glut; satisfy; satisfy; enrich; sate, glut
H7646	strongs_he	to sate, i.e. fill to satisfaction (literally or figuratively)
H7647	bdb	plenty; satiety
H7647	strongs_he	copiousness
H7648	bdb	satiety; abundance
H7648	strongs_he	satisfaction (of food or [figuratively] joy)
H7649	bdb	sated; satisfied; surfeited
H7649	strongs_he	satiated (in a pleasant or disagreeable sense)
H7650	bdb	swear, seven oneself, bind oneself by seven things; those sworn with, oaths; swear, take an oath; cause take an oath, adjure; cause take an oath; adjure
H7650	strongs_he	to seven oneself, i.e. swear (as if by repeating a declaration seven times)
H7651	bdb	seven
H7651	strongs_he	seven (as the sacred full one); also (adverbially) seven times; by implication, a week; by extension, an indefinite number
H7652	bdb	שֶׁ֫בַע n.pr.m. in Benj. in Gad; שֶׁבַע n.pr.loc. in Simeon, Jos 19:2
H7652	strongs_he	Sheba, the name of a place in Palestine, and of two Israelites
H7653	bdb	satiety
H7653	strongs_he	satiety
H7654	bdb	satiety
H7654	strongs_he	satiety
H7655	bdb	seven
H7655	strongs_he	seven (times).
H7656	bdb	שִׁבְעָה n.f.pr.putei, Gn 26:33 (J)
H7656	strongs_he	Shebah, a well in Palestine
H7657	bdb	seventy
H7657	strongs_he	seventy
H7658	bdb	שִׁבְעָ֫נָה Jb 42:13 read שִׁבְעָה
H7658	strongs_he	seven
H7659	bdb	seven-fold; seven times
H7659	strongs_he	seven-times
H7660	bdb	weave in chequer, plaited work, ornament, with a pattern; and thou shalt chequer, plait; inwoven, with gold
H7660	strongs_he	to interweave (colored) threads in squares; by implication (of reticulation) to inchase gems in gold
H7661	bdb	hath seized me
H7661	strongs_he	entanglement, i.e. (figuratively) perplexity
H7662	bdb	leave, let alone; leave; be left
H7662	strongs_he	to quit, i.e. allow to remain
H7663	bdb	wait; hope; inspect; examine
H7663	strongs_he	to scrutinize; by implication (of watching) to expect (with hope and patience)
H7664	bdb	hope
H7664	strongs_he	expectation
H7665	bdb	break, break in pieces; break; be broken; shatter, break; cause to break out, bring to the birth; be broken, shattered
H7665	strongs_he	to burst (literally or figuratively)
H7666	bdb	buy grain; buy grain; sell grain
H7666	strongs_he	to deal in grain
H7667	bdb	breaking; fracture; crushing; breach; crash
H7667	strongs_he	a fracture, figuratively, ruin; specifically, a solution (of a dream)
H7668	bdb	corn; grain
H7668	strongs_he	grain (as if broken into kernels)
H7669	bdb	שֶׁ֫בֶר n.pr.m. a Calebite 1 Ch 2:48
H7669	strongs_he	Sheber, an Israelite
H7670	bdb	breaking; crushing
H7670	strongs_he	rupture, i.e. a pang; figuratively, ruin
H7671	bdb	breaking; fracture; crushing; breach; crash
H7671	strongs_he	Shebarim, a place in Palestine
H7672	bdb	be perplexed
H7672	strongs_he	to entangle, i.e. perplex
H7673	bdb	cease, desist, rest; cease, desist, rest; cease; desist, rest; cease; cause to cease, put an end to, exterminate, destroy, cause to desist, remove, cause to fail; cause to cease, put an end to; exterminate, destroy; cause to desist; remove; cause to fail; keep; observe
H7673	strongs_he	to repose, i.e. desist from exertion; used in many implied relations (causative, figurative or specific)
H7674	bdb	cessation
H7674	strongs_he	rest, interruption, cessation
H7675	bdb	seat; dwelling; place
H7675	strongs_he	properly, session; but used also concretely, an abode or locality
H7676	bdb	Sabbath; sabbath; day of atonement; sabbath year; week; produce
H7676	strongs_he	intermission, i.e (specifically) the Sabbath
H7677	bdb	sabbath observance; sabbatism
H7677	strongs_he	a sabbatism or special holiday
H7678	bdb	שַׁבְּתַי n.pr. Levite
H7678	strongs_he	Shabbethai, the name of three Israelites
H7679	bdb	grow, grow great; make great, magnify, laud; make great; magnify, laud
H7679	strongs_he	to grow, i.e. (causatively) to enlarge, (figuratively) laud
H7680	bdb	grow great
H7680	strongs_he	to increase
H7681	bdb	שָׁגֵה (שָׁגֵא van d. H.) n.pr.m. father of a hero of David 1 Ch 11:34.
H7681	strongs_he	Shage, an Israelite
H7682	bdb	be, high; be, high, be high; be, high; be high; be high, be, set on high, be exalted; be high; be, set on high; be exalted; set, on high, exalt; set, on high; exalt; be set, on high; acts exaltedly
H7682	strongs_he	to be (causatively, make) lofty, especially inaccessible; by implication, safe, strong; used literally and figuratively
H7683	bdb	go astray, commit sin, error; err, sin; err; sin
H7683	strongs_he	to stray, i.e. (figuratively) sin (with more or less apology)
H7684	bdb	sin of error; inadvertence
H7684	strongs_he	a mistake or inadvertent transgression
H7685	bdb	grow, grow great; make great, magnify, laud; make great; magnify, laud; grow, increase; shall grow great; they have increased riches
H7685	strongs_he	to enlarge (especially upward, also figuratively)
H7686	bdb	go astray, err; err, stray, swerve, meander, reel, roll, go astray, commit sin of ignorance; err, stray; swerve, meander, reel, roll; go astray; commit sin of ignorance; lead astray, mislead; mislead
H7686	strongs_he	to stray (causatively, mislead), usually (figuratively) to mistake, especially (morally) to transgress; by extension (through the idea of intoxication) to reel, (figuratively) be enraptured
H7687	bdb	exalted
H7687	strongs_he	Segub, the name of two Israelites
H7688	bdb	gaze
H7688	strongs_he	to peep, i.e. glance sharply at
H7689	bdb	great
H7689	strongs_he	(superlatively) mighty
H7690	bdb	great; much
H7690	strongs_he	large (in size, quantity or number, also adverbial)
H7691	bdb	error
H7691	strongs_he	a moral mistake
H7692	bdb	go astray; reel
H7692	strongs_he	properly, aberration, i.e. (technically) a dithyramb or rambling poem
H7693	bdb	violate, ravish; women shall be ravished; where hast thou not been ravished?
H7693	strongs_he	to copulate with
H7694	bdb	consort
H7694	strongs_he	a queen (from cohabitation)
H7695	bdb	consort
H7695	strongs_he	a (legitimate) queen
H7696	bdb	be mad; thou shalt be maddened; shew madness
H7696	strongs_he	to rave through insanity
H7697	bdb	madness
H7697	strongs_he	craziness
H7698	bdb	offspring; young
H7698	strongs_he	the fœtus (as finally expelled)
H7699	bdb	breast; שֹׁד n.m. id. [v.bh.ab]
H7699	strongs_he	the breast of a woman or animal (as bulging)
H7700	bdb	demon
H7700	strongs_he	a dæmon (as malignant)
H7701	bdb	violence; havoc; devastation; ruin
H7701	strongs_he	violence, ravage
H7702	bdb	harrow
H7702	strongs_he	to abrade, i.e. harrow a field
H7703	bdb	deal violently with, despoil, devastate, ruin; violently destroy, slay; we are utterly ruined; assault not his dwelling-place; be devastated; violently destroy; be devastated
H7703	strongs_he	properly, to be burly, i.e. (figuratively) powerful (passively, impregnable); by implication, to ravage
H7704	bdb	field; field, land; land; field, land; field; land
H7704	strongs_he	a field (as flat)
H7705	bdb	שִׁדָּה n.f. mng. unknown;—only Ec 2:8
H7705	strongs_he	a wife (as mistress of the house)
H7706	bdb	sufficient; Almighty
H7706	strongs_he	the Almighty
H7707	bdb	שְׁדֵיאוּר n.pr.m. in Reuben
H7707	strongs_he	Shedejur, an Israelite
H7708	bdb	vale of Siddim
H7708	strongs_he	Siddim, a valley in Palestine
H7709	bdb	field
H7709	strongs_he	a cultivated field
H7710	bdb	scorch; blight
H7710	strongs_he	to scorch
H7711	bdb	blighted; blasted thing; blight
H7711	strongs_he	blight
H7712	bdb	struggle; strive
H7712	strongs_he	to endeavor
H7713	bdb	row; rank
H7713	strongs_he	a row, i.e. rank (of soldiers), story (of rooms)
H7714	bdb	שַׁדְרַךְ n.pr.m. Bab. name given to one of Daniel’s comrades Dn 1:7
H7714	strongs_he	Shadrak, the Babylonian name of one of Daniel's companions
H7715	bdb	שַׁדְרַךְ 13 n.pr.m. (cf. BH id.)
H7715	strongs_he	Shadrach.
H7716	bdb	one of a flock; sheep; goat
H7716	strongs_he	a member of a flock, i.e. a sheep or goat
H7717	bdb	witness
H7717	strongs_he	a witness
H7718	bdb	a gem; onyx; chrysoprasus; beryl; malachite
H7718	strongs_he	a gem, probably the beryl (from its pale green color)
H7719	bdb	שֹׁ֫הַם n.pr.m. Levite;—1 Ch 24:27
H7719	strongs_he	Shoham, an Israelite
H7720	bdb	moon; crescent
H7720	strongs_he	a round pendant for the neck
H7721	bdb	lift, carry, take; lift, lift up, Bear, carry, Take, take away; lift, lift up; Bear, carry; Take, take away; be lifted up, lift oneself up, rise up, be borne, carried, be taken away, carried off; be lifted up; lift oneself up, rise up; be borne, carried; be taken away, carried off; lift up, carry, bear continuously, take, take away; lift up; carry, bear continuously; take, take away; lift oneself up; cause one to bear, cause to bring, have brought; cause one to bear; cause to bring, have brought
H7721	strongs_he	a rising
H7722	bdb	ravage; devastation; ruin; waste
H7722	strongs_he	a tempest; by implication, devastation
H7723	bdb	emptiness; vanity
H7723	strongs_he	evil (as destructive), literally (ruin) or morally (especially guile); figuratively idolatry (as false, subjective), uselessness (as deceptive, objective; also adverbially, in vain)
H7724	bdb	שְׁוָא n.pr.m. Calebite secretary, David’s time
H7724	strongs_he	Sheva, an Israelite
H7725	bdb	turn back, return; turn back, return, turn back, return, come, go back, return unto, return, turn, return, turn back, apostatize, turn away, turn back, repent, turn back, return; turn back; return, come, go back; return unto; return, turn, return; return; turn; return; turn back, apostatize, turn away, turn back, repent, turn back, return; turn back, apostatize; turn away; turn back; repent; turn back; return; bring back, restore, refresh, restore, repair, lead away, shew turning, apostatize; bring back; restore, refresh, restore, repair; restore, refresh; restore, repair; lead away; shew turning, apostatize; cause to return, bring back, bring back, put back, draw back, give back, restore, relinguish, give in payment, bring, back, bring back, refresh, bring back, bring back, pay, turn back, backward, turn away, turn toward, turn, bring back to mind, shew a turning away from, reverse, revoke; bring back, put back, draw back, give back, restore, relinguish, give in payment, bring, back; bring back; put back; draw back; give back, restore; relinguish; give in payment; bring, back; bring back, refresh; bring back; refresh; bring back; bring back, pay; bring back; pay; turn back, backward; turn away, turn toward; turn away; turn toward; turn; bring back to mind; shew a turning away from; reverse, revoke; has been returned
H7725	strongs_he	to turn back (hence, away) transitively or intransitively, literally or figuratively (not necessarily with the idea of return to the starting point); generally to retreat; often adverbial, again
H7726	bdb	backturning; recusant; apostate
H7726	strongs_he	apostate, i.e. idolatrous
H7727	bdb	שׁוֹבָב n.pr.m. son of David son of Caleb
H7727	strongs_he	Shobab, the name of two Israelites
H7728	bdb	backturning; apostate
H7728	strongs_he	apostate, i.e. heathenish or (actually) heathen
H7729	bdb	retirement; withdrawal
H7729	strongs_he	a return
H7730	bdb	network
H7730	strongs_he	a thicket, i.e. interlaced branches
H7731	bdb	שׁוֹבַךְ n.pr.m. Aramaean general
H7731	strongs_he	Shobak, a Syrian
H7732	bdb	שׁוֹבָל n.pr.m. Edomite name in Caleb in Judah
H7732	strongs_he	Shobal, the name of an Edomite and two Israelites
H7733	bdb	שׁוֹבֵק n.pr.m. one of those sealed Ne 10:25
H7733	strongs_he	Shobek, an Israelite
H7734	bdb	move away, backslide; backslide, prove recreant to; turn oneself away, turn back, be turned, driven back, be repulsed; turn oneself away, turn back; be turned, driven back, be repulsed; displacing, moving back, remove, carry away; displacing, moving back; remove, carry away; and justice is driven back
H7734	strongs_he	to retreat
H7735	bdb	fence about; thy body a heap of wheat fenced about with lilies; thou dost fence it carefully about
H7735	strongs_he	to hedge in
H7736	bdb	deal violently with, despoil, devastate, ruin; violently destroy, slay; we are utterly ruined; assault not his dwelling-place; be devastated; violently destroy; be devastated
H7736	strongs_he	properly, to swell up, i.e. figuratively (by implication of insolence) to devastate
H7737	bdb	be even, smooth, agree with, be like, resemble; it was not equalled to me, not requited; he hath levelled; make like; are alike; set; place
H7737	strongs_he	properly, to level, i.e. equalize; figuratively, to resemble; by implication, to adjust (i.e. counterbalance, be suitable, compose, place, yield, etc.)
H7738	bdb	noise
H7738	strongs_he	to destroy
H7739	bdb	be set; made; become like
H7739	strongs_he	to resemble
H7740	bdb	שָׁוֵה in n.pr.loc. Gn 14:17
H7740	strongs_he	Shaveh, a place in Palestine
H7741	bdb	level plain
H7741	strongs_he	Shaveh-Kirjathajim, a place East of the Jordan
H7742	bdb	go, rove about; go, rove about; go eagerly, quickly, to and fro; run to and fro
H7742	strongs_he	to muse pensively
H7743	bdb	sink down
H7743	strongs_he	to sink, literally or figuratively
H7744	bdb	שׁוּחַ n.pr.m. son of Abr. and Ḳeturah
H7744	strongs_he	Shuach, a son of Abraham
H7745	bdb	pit
H7745	strongs_he	a chasm
H7746	bdb	שׁוּחָה n.pr. ‘son’ of חוּר
H7746	strongs_he	Shuchah, an Israelite
H7747	bdb	שׁוּחִי, שֻׁחִי adj.gent.
H7747	strongs_he	a Shuchite or descendant of Shuach
H7748	bdb	שׁוּחָם n.pr.m. in Dan, Nu 26:42
H7748	strongs_he	Shucham, an Israelite
H7749	bdb	שׁוּחָמִי adj.gent. of foregoing [v.br.ah]; c. art. הַשּׁ׳ as n.coll. Nu 26:42.
H7749	strongs_he	a Shuchamite (collectively)
H7750	bdb	swerve; fall away
H7750	strongs_he	to detrude, i.e. (intransitively and figuratively) become derelict (wrongly practise; namely, idolatry)
H7751	bdb	row; go, rove about; go, rove about; go eagerly, quickly, to and fro; run to and fro
H7751	strongs_he	properly, to push forth; (but used only figuratively) to lash, i.e. (the sea with oars) to row; by implication, to travel
H7752	bdb	scourge; whip
H7752	strongs_he	a lash (literally or figuratively)
H7753	bdb	hedge; fence up; about
H7753	strongs_he	to entwine, i.e. shut in (for formation, protection or restraint)
H7754	bdb	branch; brushwood; [שׂוֹכָה] n.f. id. [u.ao.ab]
H7754	strongs_he	a branch (as interleaved)
H7755	bdb	שׂוֹכֹה, שׂוֹכוֹ n.pr.loc. in Judah in Shephelah in hill-country
H7755	strongs_he	Sokoh or Soko, the name of two places in Palestine
H7756	bdb	שׂוּכָתִים adj.gent.m.pl. a family of scribes 1 Ch 2:55
H7756	strongs_he	a Sukathite or descendant of an unknown Israelite named Sukah
H7757	bdb	skirt
H7757	strongs_he	a skirt; by implication, a bottom edge
H7758	bdb	barefoot
H7758	strongs_he	nude (especially bare-foot); by implication, captive
H7759	bdb	Shulammite
H7759	strongs_he	peaceful (with the article always prefixed, making it a pet name); the Shulammith, an epithet of Solomon's queen
H7760	bdb	put, place, set; put, set, put, upon, put, lay, set, put, set, direct, set, ordain, set, establish, set, found, set, appoint, set, constitute, make, set, determine, fix, set, station, put, set up, set, fix, make, for, transform into, make, constitute, work, bring to pass, appoint, give, set, fix; put, set, put, upon, put, lay, set, put; put, set; put, upon; put, lay, set; put; set, direct; set, ordain, set, establish, set, found, set, appoint, set, constitute, make, set, determine, fix; set, ordain; set, establish; set, found; set, appoint; set, constitute, make; set, determine, fix; set, station, put, set up, set, fix; set, station; put; set up; set, fix; make, for, transform into, make, constitute, work, bring to pass, appoint, give, set, fix; make, for, transform into; make, constitute; work, bring to pass; appoint, give; set, fix; I will make him for a sign; there was set before him; token of unluckiness; scowl
H7760	strongs_he	to put (used in a great variety of applications, literal, figurative, inferentially, and elliptically)
H7761	bdb	set, make; make, make, appoint, set, fix; make; make, appoint; set, fix; from me a decree is made; be made
H7761	strongs_he	command, give, lay, make, name, regard, set.
H7762	bdb	garlic
H7762	strongs_he	garlic (from its rank odor)
H7763	bdb	שֹׁמֵר n.pr.m. father of one of Joash’s murderers Asherite
H7763	strongs_he	Shomer, the name of two Israelites
H7764	bdb	שׁוּנִי n.pr.m. in Gad adj.gent. of 1
H7764	strongs_he	Shuni, an Israelite
H7765	bdb	שׁוּנִי n.pr.m. in Gad adj.gent. of 1
H7765	strongs_he	a Shunite (collectively) or descendants of Shuni
H7766	bdb	שׁוּנֵם n.pr.loc. in Issachar
H7766	strongs_he	Shunem, a place in Pal
H7767	bdb	שׁוּנַמִּית adj.gent. f. of foregoing [v.bu.ah]
H7767	strongs_he	a Shunammitess, or female inhabitant of Shunem
H7768	bdb	cry out
H7768	strongs_he	properly, to be free; but used only causatively and reflexively, to halloo (for help, i.e. freedom from some trouble)
H7769	bdb	opulence
H7769	strongs_he	a halloo
H7770	bdb	שׁוּעַ n.pr.m. father of Judah’s wife
H7770	strongs_he	Shua, a Canaanite
H7771	bdb	cry; war-cry; cry for help; free; independent; noble
H7771	strongs_he	a noble, i.e. liberal, opulent; also (as noun in the derived sense) a halloo
H7772	bdb	שׁוֹעַ n.pr.gent. Ez 23:23 usu. identified with nomads of Mesop. and (later) E. of Tigris
H7772	strongs_he	Shoa, an Oriental people
H7773	bdb	cry out
H7773	strongs_he	a halloo
H7774	bdb	שׁוּעָא n.pr.f. a woman of Asher 1 Ch 7:32
H7774	strongs_he	Shua, an Israelitess
H7775	bdb	cry for help
H7775	strongs_he	a hallooing
H7776	bdb	fox; jackal
H7776	strongs_he	a jackal (as a burrower)
H7777	bdb	שׁוּעָל n.pr.m. in Asher;—1 Ch 7:36; שׁוּעָל n.pr.loc. district in Israel
H7777	strongs_he	Shual, the name of an Israelite and of a place in Palestine
H7778	bdb	porter
H7778	strongs_he	a janitor
H7779	bdb	bruise
H7779	strongs_he	properly, to gape, i.e. snap at; figuratively, to overwhelm
H7780	bdb	שׁוֹבַךְ n.pr.m. Aramaean general
H7780	strongs_he	Shophak, a Syrian
H7781	bdb	שׁוּפָמִי adj.gent. of foregoing [v.fl.ac], c. art. as n.coll. Nu 26:39.
H7781	strongs_he	a Shuphamite (collectively) or descendants of Shephupham
H7782	bdb	horn
H7782	strongs_he	a cornet (as giving a clear sound) or curved horn
H7783	bdb	be abundant; thou, and given it abundance; the vats overflow with must
H7783	strongs_he	to run after or over, i.e. overflow
H7784	bdb	street
H7784	strongs_he	a street (as run over)
H7785	bdb	leg
H7785	strongs_he	the (lower) leg (as a runner)
H7786	bdb	be, act as, prince, rule; ruled over Isr.; that thou shouldst also keep playing the prince over us; they made princes
H7786	strongs_he	properly, to vanquish; by implication, to rule (causatively, crown)
H7787	bdb	saw
H7787	strongs_he	to saw
H7788	bdb	travel; journey
H7788	strongs_he	properly, to turn, i.e. travel about (as a harlot or a merchant)
H7789	bdb	behold, regard; behold; regard; watch, lie in wait
H7789	strongs_he	to spy out, i.e. (generally) survey, (for evil) lurk for, (for good) care for
H7790	bdb	[שׁוּר] dub. word, only pl. sf. ψ 92:12
H7790	strongs_he	a foe (as lying in wait)
H7791	bdb	wall; row
H7791	strongs_he	a wall (as going about)
H7792	bdb	wall
H7792	strongs_he	wall.
H7793	bdb	שׁוּר n.pr.loc. SW. of Palestine, on E. border of Egypt
H7793	strongs_he	Shur, a region of the Desert
H7794	bdb	a head of cattle; bullock; ox
H7794	strongs_he	a bullock (as a traveller)
H7795	bdb	in rows
H7795	strongs_he	properly, a ring, i.e. (by analogy) a row (adverbially)
H7796	bdb	Wady of choice vines
H7796	strongs_he	Sorek, a valley in Palestine
H7797	bdb	exult; rejoice
H7797	strongs_he	to be bright, i.e. cheerful
H7798	bdb	persisteth
H7798	strongs_he	Shavsha, an Israelite
H7799	bdb	lily
H7799	strongs_he	a lily (from its whiteness), as a flower of architectural ornament; also a (straight) trumpet (from the tubular shape)
H7800	bdb	Susa
H7800	strongs_he	Shushan, a place in Persia
H7801	bdb	the Susians
H7801	strongs_he	a Shushankite (collectively) or inhabitants of some unknown place in Assyrian
H7802	bdb	lily
H7802	strongs_he	Shushan-Eduth or Shoshannim-Eduth, the title of a popular song
H7803	bdb	שׁוּתֶ֫לַח n.pr.m. in Ephraim
H7803	strongs_he	Shuthelach, the name of two Israelites
H7804	bdb	deliver
H7804	strongs_he	to leave, i.e. (causatively) free
H7805	bdb	catch sight of; look on
H7805	strongs_he	to tan (by sunburning); figuratively (as if by a piercing ray) to scan
H7806	bdb	be twisted
H7806	strongs_he	to twist (a thread of straw)
H7807	bdb	low; lowly
H7807	strongs_he	sunk, i.e. downcast
H7808	bdb	thought
H7808	strongs_he	communion, i.e. (reflexively) meditation
H7809	bdb	give a present; bribe
H7809	strongs_he	to donate, i.e. bribe
H7810	bdb	present; bribe
H7810	strongs_he	a donation (venal or redemptive)
H7811	bdb	swim; I make, swim
H7811	strongs_he	to swim; causatively, to inundate
H7812	bdb	bow down; bow down; depresses it; bow down, prostrate oneself; bow down, prostrate oneself
H7812	strongs_he	to depress, i.e. prostrate (especially reflexive, in homage to royalty or God)
H7813	bdb	swimming
H7813	strongs_he	a pond (for swimming)
H7814	bdb	laughter; derision; sport
H7814	strongs_he	laughter (in merriment or defiance)
H7815	bdb	blackness
H7815	strongs_he	dinginess, i.e. perhaps soot
H7816	bdb	pit
H7816	strongs_he	pit
H7817	bdb	bow, be bowed down, crouch; be bowed down, prostrated, humbled, bow, bow, crouch; be bowed down, prostrated, humbled; bow; bow; crouch; be prostrated, humbled; prostrate, lay low; be cast down, despairing
H7817	strongs_he	to sink or depress (reflexive or causative)
H7818	bdb	squeeze out
H7818	strongs_he	to tread out, i.e. squeeze (grapes)
H7819	bdb	slaughter, beat; slaughter; be slaughtered; the revolters are gone deep in slaughtering
H7819	strongs_he	to slaughter (in sacrifice or massacre)
H7820	bdb	slaughter, beat; slaughter; be slaughtered
H7820	strongs_he	to hammer out
H7821	bdb	slaying
H7821	strongs_he	slaughter
H7822	bdb	boil; eruption
H7822	strongs_he	inflammation, i.e. an ulcer
H7823	bdb	סָחִישׁ n.[m.] grain that shoots up of itself in 2nd year (= שָׁחִיס)
H7823	strongs_he	after-growth
H7824	bdb	panelled; wainscotted; with wood
H7824	strongs_he	a board (as chipped thin)
H7825	bdb	[שְׁחִית] n.f. id. [v.cg.ab]
H7825	strongs_he	a pit-fall (literally or figuratively)
H7826	bdb	lion
H7826	strongs_he	a lion (from his characteristic roar)
H7827	bdb	שְׁחֵ֫לֶת n.f. an ingredient of the holy incense, Ex 30:34
H7827	strongs_he	a scale or shell, i.e. the aromatic mussel.
H7828	bdb	sea-mew; gull
H7828	strongs_he	the gull (as thin)
H7829	bdb	wasting disease; consumption
H7829	strongs_he	emaciation
H7830	bdb	dignity; pride
H7830	strongs_he	haughtiness (as evinced by the attitude)
H7831	bdb	שׁחצומה Kt, שַׁחֲצִ֫ימָה Qr n.pr.loc. in Issachar Jos 19:22
H7831	strongs_he	Shachatsom, a place in Palestine
H7832	bdb	laugh; laugh, sport, play; laugh; laugh; sport, play; jest, play; jest; play; uttered mockery
H7832	strongs_he	to laugh (in pleasure or detraction); by implication, to play
H7833	bdb	rub away; beat fine; pulverize
H7833	strongs_he	to comminate (by trituration or attrition)
H7834	bdb	dust; cloud
H7834	strongs_he	a powder (as beaten small); by analogy, a thin vapor; by extension, the firmament
H7835	bdb	be black
H7835	strongs_he	to be dim or dark (in color)
H7836	bdb	look early, diligently for; seeks him early, discipline
H7836	strongs_he	properly, to dawn, i.e. (figuratively) be (up) early at any task (with the implication of earnestness); by extension, to search for (with painstaking)
H7837	bdb	dawn
H7837	strongs_he	dawn (literal, figurative or adverbial)
H7838	bdb	black
H7838	strongs_he	properly, dusky, but also (absol.) jetty
H7839	bdb	blackness; dawn
H7839	strongs_he	a dawning, i.e. (figuratively) juvenescence
H7840	bdb	blackish
H7840	strongs_he	swarthy
H7841	bdb	שְׁחַרְיָה n.pr.m. in Benjamin, 1 Ch 8:26
H7841	strongs_he	Shecharjah, an Israelite
H7842	bdb	שַׁחֲרַ֫יִם n.pr.m. in Benjamin, 1 Ch 8:8
H7842	strongs_he	Shacharajim, an Israelite
H7843	bdb	go to ruin; be marred, spoiled; spoil, ruin, pervert, corrupt; spoil, ruin; pervert, corrupt; spoil, ruin, pervert, corrupt; spoil, ruin; pervert, corrupt; spoiled, ruined
H7843	strongs_he	to decay, i.e. (causatively) ruin (literally or figuratively)
H7844	bdb	corrupt
H7844	strongs_he	corrupt, fault.
H7845	bdb	pit
H7845	strongs_he	a pit (especially as a trap); figuratively, destruction
H7846	bdb	swerver; revolter; deeds that swerve
H7846	strongs_he	a departure from right, i.e. sin
H7847	bdb	turn aside
H7847	strongs_he	to deviate from duty
H7848	bdb	acacia
H7848	strongs_he	the acacia (from its scourging thorns)
H7849	bdb	spread, spread abroad; they shall spread them abroad, they spread, for themselves all abroad, expanding the nations; I have spread out unto thee my palms
H7849	strongs_he	to expand
H7850	bdb	scourge
H7850	strongs_he	to flog; a goad
H7851	bdb	שִׁטִּים n.pr.loc. E. of Jordan (W. of Jerus.)
H7851	strongs_he	Shittim, a place East of the Jordan
H7852	bdb	bear a grudge; cherish animosity; against
H7852	strongs_he	properly, to lurk for, i.e. persecute
H7853	bdb	be; act as adversary
H7853	strongs_he	to attack, (figuratively) accuse
H7854	bdb	adversary; Satan
H7854	strongs_he	an opponent; especially (with the article prefixed) Satan, the arch-enemy of good
H7855	bdb	accusation
H7855	strongs_he	opposition (by letter)
H7856	bdb	hostility
H7856	strongs_he	Sitnah, the name of a well in Pal
H7857	bdb	overflow, rinse, wash off; overflow, flow, run, rinse, wash off; overflow; flow, run; rinse, wash off; be rinsed out, off; it shall be scoured and rinsed
H7857	strongs_he	to gush; by implication, to inundate, cleanse; by analogy, to gallop, conquer
H7858	bdb	flood
H7858	strongs_he	a deluge (literally or figuratively)
H7859	bdb	side
H7859	strongs_he	a side
H7860	bdb	official; officer; scribe; secretary; arranger; organizer
H7860	strongs_he	properly, a scribe, i.e. (by analogy or implication) an official superintendent or magistrate
H7861	bdb	שִׁטְרַי n.pr.m. an official of David, 1 Ch 27:29 Kt
H7861	strongs_he	Shitrai, an Israelite
H7862	bdb	gift
H7862	strongs_he	a gift (as available)
H7863	bdb	loftiness
H7863	strongs_he	elevation
H7864	bdb	שְׁוָא n.pr.m. Calebite secretary, David’s time
H7864	strongs_he	Sheja, an Israelite
H7865	bdb	שִׂיאֹן n.pr.mont., i.e. Hermon, Dt 4:48
H7865	strongs_he	Sion, the summit of Mount Hermon
H7866	bdb	שִׁיאוֹן n.pr.loc. in Issachar, Jos 19:19
H7866	strongs_he	Shijon, a place in Palestine
H7867	bdb	be hoary
H7867	strongs_he	properly, to become aged, i.e. (by implication) to grow gray
H7868	bdb	be hoary
H7868	strongs_he	elder.
H7869	bdb	age
H7869	strongs_he	old age
H7870	bdb	restoration
H7870	strongs_he	a return (of property)
H7871	bdb	sojourn
H7871	strongs_he	residence
H7872	bdb	hoary head; old age
H7872	strongs_he	old age
H7873	bdb	a moving back; away; dross
H7873	strongs_he	a withdrawal (into a private place)
H7874	bdb	whitewash
H7874	strongs_he	to plaster
H7875	bdb	lime; whitewash
H7875	strongs_he	lime (as boiling when slacked)
H7876	bdb	the Rock which begat thee thou forgattest
H7876	strongs_he	to keep in memory
H7877	bdb	שִׁיזָא n.pr.m. in Reuben, 1 Ch 11:42
H7877	strongs_he	Shiza, an Israelite
H7878	bdb	muse, complain, talk; complain, muse, talk, sing, talk; complain; muse; talk, sing, talk; talk, sing; talk; meditate, consider
H7878	strongs_he	to ponder, i.e. (by implication) converse (with oneself, and hence, aloud) or (transitively) utter
H7879	bdb	complaint; musing
H7879	strongs_he	a contemplation; by implication, an utterance
H7880	bdb	bush; shrub; plant
H7880	strongs_he	a shoot (as if uttered or put forth), i.e. (generally) shrubbery
H7881	bdb	complaint; musing, study
H7881	strongs_he	reflection; by extension, devotion
H7882	bdb	שִׁיחָה n.f. id. [v.br.ab]
H7882	strongs_he	a pit-fall
H7883	bdb	שִׁיחוֹר n.pr.flum. on border of Egypt, prob. E. branch of Nile
H7883	strongs_he	Shichor, a stream of Egypt
H7884	bdb	שִׁיחוֹר לִבְנַת n.pr.flum. in Asher, Jos 19:26
H7884	strongs_he	Shichor-Libnath, a stream of Palestine
H7885	bdb	rowing; whipping; lashing
H7885	strongs_he	an oar; a scourge (figuratively)
H7886	bdb	he whose it is; that which belongs to him
H7886	strongs_he	Shiloh, an epithet of the Messiah
H7887	bdb	שִׁלוֹ, שִׁילוֹ, שִׁלֹה n.pr.loc. NNE. of Bethel
H7887	strongs_he	Shiloh, a place in Palestine
H7888	bdb	שִׁילֹנִי, שִׁילוֹנִי etc., adj.gent. of foreg. [v.dk.ac]
H7888	strongs_he	a Shilonite or inhabitant of Shiloh
H7889	bdb	שִׁימוֹן n.pr.m. in Judah, 1 Ch 4:20
H7889	strongs_he	Shimon, an Israelite
H7890	bdb	urine
H7890	strongs_he	urine
H7891	bdb	sing; sing; sing; be sung
H7891	strongs_he	to sing
H7892	bdb	song; song
H7892	strongs_he	a song; abstractly, singing
H7893	bdb	alabaster
H7893	strongs_he	white, i.e. marble.
H7894	bdb	שִׁישָׁא n.pr.m. Solomon’s time, 1 K 4:3
H7894	strongs_he	Shisha, an Israelite
H7895	bdb	שִׁישַׁק n.pr.m. king of Egypt, Solomon’s time (10th cent. B.C.)
H7895	strongs_he	Shishak, an Egyptian king
H7896	bdb	put, set; put, lay, set, station, set, mind to, set, fix, constitute, make, take one's stand; put, lay; set, station, set, mind to, set, fix; set, station; set, mind to; set, fix; constitute, make; take one's stand; be imposed
H7896	strongs_he	to place (in a very wide application)
H7897	bdb	garment
H7897	strongs_he	a dress (as put on)
H7898	bdb	thorn-bushes
H7898	strongs_he	scrub or trash, i.e. wild growth of weeds or briers (as if put on the field)
H7899	bdb	thorn
H7899	strongs_he	a brier (as of a hedge)
H7900	bdb	booth; pavilion
H7900	strongs_he	a booth (as interlaced)
H7901	bdb	lie down; lie down, lodge, lie, lie down, lie down with his fathers; lie down; lodge; lie; lie down, lie down with his fathers; lie down; lie down with his fathers; be lain with; lay; laid
H7901	strongs_he	to lie down (for rest, sexual connection, decease or any other purpose)
H7902	bdb	lying; layer
H7902	strongs_he	a lying down (of dew, or for the sexual act)
H7903	bdb	copulation
H7903	strongs_he	a (sexual) lying with
H7904	bdb	horses; roaming at large
H7904	strongs_he	to roam (through lust)
H7905	bdb	barb; spear
H7905	strongs_he	a dart (as pointed like a thorn)
H7906	bdb	outlook
H7906	strongs_he	Seku, a place in Palestine
H7907	bdb	appearance; phenomenon
H7907	strongs_he	observant, i.e. (concretely) the mind
H7908	bdb	bereavement; loss of children
H7908	strongs_he	bereavement
H7909	bdb	bereaved; robbed of offspring
H7909	strongs_he	bereaved
H7910	bdb	drunken
H7910	strongs_he	intoxicated, as a state or a habit
H7911	bdb	forget; forget; be forgotten; hath caused to forget; to make, forget; they were forgotten
H7911	strongs_he	to mislay, i.e. to be oblivious of, from want of memory or attention
H7912	bdb	find; be found
H7912	strongs_he	to discover (literally or figuratively)
H7913	bdb	forgetting; forgetful
H7913	strongs_he	oblivious
H7914	bdb	[שְׂכִיָּה] n.f. very dub., only pl. cstr. Is 2:16:
H7914	strongs_he	a conspicuous object
H7915	bdb	knife
H7915	strongs_he	a knife (as pointed or edged)
H7916	bdb	hired; hired; hireling, hired labourer
H7916	strongs_he	a man at wages by the day or year
H7917	bdb	hired; hired; hireling, hired labourer
H7917	strongs_he	a hiring
H7918	bdb	decrease, abate; abated; I will allay from upon me the murmurings
H7918	strongs_he	to weave (i.e. lay) a trap; figuratively, (through the idea of secreting) to allay (passions; physically, abate a flood)
H7919	bdb	be prudent; be prudent, circumspect; look at, give attention to, consider, ponder, have insight, comprehension, cause to consider, give insight, teach, act circumspectly, prudently, prosper, have success, cause to prosper; look at; give attention to, consider, ponder; have insight, comprehension; cause to consider, give insight, teach; act circumspectly, prudently; prosper, have success; cause to prosper; lay crosswise
H7919	strongs_he	to be (causatively, make or act) circumspect and hence, intelligent
H7920	bdb	consider; contemplate
H7920	strongs_he	consider.
H7921	bdb	barrenness; childless; be bereaved; be bereaved; make childless, cause barrenness, shew barrenness, abortion; make childless; cause barrenness, shew barrenness, abortion; cause barrenness; shew barrenness, abortion; miscarrying womb
H7921	strongs_he	properly, to miscarry, i.e. suffer abortion; by analogy, to bereave (literally or figuratively)
H7922	bdb	prudence; insight
H7922	strongs_he	intelligence; by implication, success
H7923	bdb	bereavement; childlessness
H7923	strongs_he	childlessness (by continued bereavements)
H7924	bdb	insight
H7924	strongs_he	intelligence
H7925	bdb	start; rise; early
H7925	strongs_he	literally, to load up (on the back of man or beast), i.e. to start early in the morning
H7926	bdb	shoulder; neck; back
H7926	strongs_he	the neck (between the shoulders) as the place of burdens; figuratively, the spur of a hill
H7927	bdb	שְׁכֶם n.pr.loc. 49 et m. 14 district in N. Palestine n.pr.m. ‘son’ of Hamor
H7927	strongs_he	Shekem, a place in Palestine
H7928	bdb	שֶׁ֫כֶם n.pr.m. in Manasseh
H7928	strongs_he	Shekem, the name of a Hivite and two Israelites
H7929	bdb	shoulder; neck; back
H7929	strongs_he	the shoulderbone
H7930	bdb	שִׁכְמִי adj.gent. c. art. as n.coll. Nu 26:31.
H7930	strongs_he	a Shikmite (collectively), or descendants of Shekem
H7931	bdb	settle down, abide, dwell; settle down to abide, abide, dwell; settle down to abide; abide, dwell; make settle down, establish, make to dwell; make settle down, establish; make to dwell; lay, cause, to settle, cause to dwell; lay, cause, to settle; lay; cause, to settle; cause to dwell
H7931	strongs_he	to reside or permanently stay (literally or figuratively)
H7932	bdb	dwell; dwell; cause his name to dwell there
H7932	strongs_he	cause to dwell, have habitation.
H7933	bdb	dwelling
H7933	strongs_he	a residence
H7934	bdb	inhabitant; neighbor
H7934	strongs_he	a resident; by extension, a fellow-citizen
H7935	bdb	hath taken up his abode
H7935	strongs_he	Shekanjah, the name of nine Israelites
H7936	bdb	hire; hire; hire; hire oneself out; earn wages
H7936	strongs_he	to hire
H7937	bdb	be, become, drunk, drunken; become drunken; make drunken; wilt thou make thyself drunken
H7937	strongs_he	to become tipsy; in a qualified sense, to satiate with a stimulating drink or (figuratively) influence
H7938	bdb	hire; wages
H7938	strongs_he	wages
H7939	bdb	hire, wages; wages; reward; passage-money, fare
H7939	strongs_he	payment of contract; concretely, salary, fare, maintenance; by implication, compensation, benefit
H7940	bdb	שָׂכָר n.pr.m. father of hero of Dvd. doorkeeper
H7940	strongs_he	Sakar, the name of two Israelites
H7941	bdb	intoxicating drink; strong drink
H7941	strongs_he	an intoxicant, i.e. intensely alcoholic liquor
H7942	bdb	[שִׁכְּרוֹן] n.pr.loc. on NW. border of Judah, Jos 15:11
H7942	strongs_he	drunkenness, Shikkeron, a place in Palestine
H7943	bdb	drunkenness
H7943	strongs_he	intoxication
H7944	bdb	for his hastiness
H7944	strongs_he	a fault
H7945	bdb	who, which, that; who, which, whom; where, whither, when; that, because, since, towards, to; that; because, since; towards, to
H7945	strongs_he	on account of, whatsoever, whichsoever
H7946	bdb	שַׁלְאֲנָן Jb 21:23 lapsus cal. for שַׁאֲנָן, q.v.
H7946	strongs_he	tranquil
H7947	bdb	be bound; joined
H7947	strongs_he	to space off; intensive (evenly) to make equi-distant
H7948	bdb	joinings
H7948	strongs_he	a spacer or raised interval, i.e. the stile in a frame or panel
H7949	bdb	snow
H7949	strongs_he	to be snow-white (with the linen clothing of the slain)
H7950	bdb	snow
H7950	strongs_he	snow (probably from its whiteness)
H7951	bdb	be quiet, at ease; be, quiet, be at ease, prosper; be, quiet; be at ease, prosper; be, negligent; do, mislead
H7951	strongs_he	to be tranquil, i.e. secure or successful
H7952	bdb	be quiet, at ease; be, quiet, be at ease, prosper; be, quiet; be at ease, prosper; be, negligent; do, mislead
H7952	strongs_he	to mislead
H7953	bdb	draw out; extract
H7953	strongs_he	to draw out or off, i.e. remove (the soul by death)
H7954	bdb	at ease
H7954	strongs_he	to be secure
H7955	bdb	neglect; remissness
H7955	strongs_he	a wrong
H7956	bdb	שֵׁלָה n.pr.m. son of Judah
H7956	strongs_he	Shelah, the name of a postdiluvian patriarch and of an Israelite
H7957	bdb	flame
H7957	strongs_he	a flare of fire
H7958	bdb	quail
H7958	strongs_he	the quail collectively (as slow in flight from its weight)
H7959	bdb	ease; prosperity
H7959	strongs_he	security
H7960	bdb	neglect; remissness
H7960	strongs_he	a fault
H7961	bdb	quiet; at ease
H7961	strongs_he	tranquil; (in a bad sense) careless; abstractly, security
H7962	bdb	quietness; ease
H7962	strongs_he	security (genuine or false)
H7963	bdb	ease; prosperity
H7963	strongs_he	safety
H7964	bdb	sending away; parting gift
H7964	strongs_he	(only in plural) a dismissal, i.e. (of a wife) divorce (especially the document); also (of a daughter) dower
H7965	bdb	completeness, soundness, welfare, peace; completeness; safety, soundness; welfare, health, prosperity; peace, quiet, tranquility, contentment; peace, friendship; peace; those at peace with him
H7965	strongs_he	safe, i.e. (figuratively) well, happy, friendly; also (abstractly) welfare, i.e. health, prosperity, peace
H7966	bdb	requital; requital, retribution; reward, bribe
H7966	strongs_he	a requital, i.e. (secure) retribution, (venal) a fee
H7967	bdb	שַׁלּוּם (less oft. שַׁלֻּם) n.pr.m.king of N. Israel son of Josiah, and king of Judah husband of Huldah uncle of Jeremiah in Simeon in Jerahmeel in Ephr. in Napht. father of threshhold-keeper wall-builder priests Levites v
H7967	strongs_he	Shallum, the name of fourteen Israelites
H7968	bdb	שַׁלּוּן n.pr.m. wall-builder Ne 3:15
H7968	strongs_he	Shallun, an Israelite
H7969	bdb	a three; triad
H7969	strongs_he	three; occasionally (ordinal) third, or (multiple) thrice
H7970	bdb	thirty
H7970	strongs_he	thirty; or (ordinal) thirtieth
H7971	bdb	send; send, send, stretch out, send away, let loose; send; send; stretch out; send away; let loose; letters were sent; send off, away, send away, give over, cast out, send out, forth, let go, set free, shoot forth, let down, shoot; send off, away; send away, give over, cast out, send out, forth; send away; give over; cast out; send out, forth; let go, set free; shoot forth; let down; shoot; be sent off, be put away, divorced, be impelled; and I, will send
H7971	strongs_he	to send away, for, or out (in a great variety of applications)
H7972	bdb	send
H7972	strongs_he	put, send.
H7973	bdb	missile; weapon; sprout
H7973	strongs_he	a missile of attack, i.e. spear; also (figuratively) a shoot of growth; i.e. branch
H7974	bdb	שֶׁ֫לַח n.pr.m. son of Arphachshad
H7974	strongs_he	Shelach, a postdiluvian patriarch
H7975	bdb	שִׁלֹחַ n.pr.font. at SE. of Jerus.; שֶׁ֫לַח n.pr. in Ne 3:15 = שִׁלֹחַ.
H7975	strongs_he	Shiloach, a fountain of Jerusalem
H7976	bdb	shoot; branch
H7976	strongs_he	a shoot
H7977	bdb	שִׁלְחִי n.pr.m. father of Jehoshaphat’s mother
H7977	strongs_he	Shilchi, an Israelite
H7978	bdb	שִׁלְחִים n.pr.loc. in Negeb of Judah Jos 15:32
H7978	strongs_he	Shilchim, a place in Palestine
H7979	bdb	table
H7979	strongs_he	a table (as spread out); by implication, a meal
H7980	bdb	domineer, be master of; domineer, lord it; give power of, get mastery of; give power of; get mastery of
H7980	strongs_he	to dominate, i.e. govern; by implication, to permit
H7981	bdb	have power, rule; have power; make ruler
H7981	strongs_he	have the mastery, have power, bear rule, be (make) ruler.
H7982	bdb	shield
H7982	strongs_he	probably a shield (as controlling, i.e. protecting the person)
H7983	bdb	mastery
H7983	strongs_he	a potentate
H7984	bdb	ruler
H7984	strongs_he	ruler.
H7985	bdb	dominion
H7985	strongs_he	empire (abstractly or concretely)
H7986	bdb	having mastery; domineering
H7986	strongs_he	a vixen
H7987	bdb	quietness
H7987	strongs_he	privacy
H7988	bdb	after-birth
H7988	strongs_he	a fetus or babe (as extruded in birth)
H7989	bdb	having mastery; domineering
H7989	strongs_he	potent; concretely, a prince or warrior
H7990	bdb	having mastery; ruling
H7990	strongs_he	mighty; abstractly, permission; concretely, a premier
H7991	bdb	sistrum; adjutant; officer; third
H7991	strongs_he	a triple, i.e. (as a musical instrument) a triangle (or perhaps rather three-stringed lute); also (as an indefinite, great quantity) a three-fold measure (perhaps a treble ephah); also (as an officer) a general of the third rank (upward, i.e. the highest)
H7992	bdb	third
H7992	strongs_he	third; feminine a third (part); by extension, a third (day, year or time); specifically, a third-story cell)
H7993	bdb	throw, fling, cast; be thrown, cast, be cast forth, out, be cast down, be cast; be thrown, cast; be cast forth, out; be cast down; be cast
H7993	strongs_he	to throw out, down or away (literally or figuratively)
H7994	bdb	cormorant
H7994	strongs_he	bird of prey, usually thought to be the pelican (from casting itself into the sea)
H7995	bdb	felling
H7995	strongs_he	a felling (of trees)
H7996	bdb	casting forth
H7996	strongs_he	Shalleketh, a gate in Jerusalem
H7997	bdb	draw out; spoil, plunder; spoil, plunder; the stout of heart are spoiled
H7997	strongs_he	to drop or strip; by implication, to plunder
H7998	bdb	prey; spoil; plunder; booty
H7998	strongs_he	booty
H7999	bdb	be complete, sound; be complete, finished, ended, be sound, uninjured; be complete, finished, ended; be sound, uninjured; complete, finish, make safe, make whole, good, restore, make good, pay, requite, recompense, reward; complete, finish; make safe; make whole, good, restore; make good, pay; requite, recompense, reward; be performed, be repaid, requited; be performed; be repaid, requited; complete, perform, make an end of; complete, perform; make an end of; be in covenant of peace; be at peace; one in covt. of peace; make peace, cause to be at peace; make peace; cause to be at peace; live at peace
H7999	strongs_he	to be safe (in mind, body or estate); figuratively, to be (causatively, make) completed; by implication, to be friendly; by extension, to reciprocate (in various applications)
H8000	bdb	be complete; finished; has finished it
H8000	strongs_he	to complete, to restore
H8001	bdb	welfare; prosperity
H8001	strongs_he	prosperity
H8002	bdb	sacrifice for alliance; friendship; peace-offering
H8002	strongs_he	properly, requital, i.e. a (voluntary) sacrifice in thanks
H8003	bdb	complete; safe; at peace
H8003	strongs_he	complete (literally or figuratively); especially friendly
H8004	bdb	שָׁלֵם n.pr.loc. abbrev.
H8004	strongs_he	Shalem, an early name of Jerusalem
H8005	bdb	recompense
H8005	strongs_he	requital
H8006	bdb	שִׁלֵּם n.pr.m. in Naphtali
H8006	strongs_he	Shillem, an Israelite
H8007	bdb	שַׂלְמוֹן n.pr.m. father of Boaz
H8007	strongs_he	Salma, the name of two Israelites
H8008	bdb	garment; outer garment
H8008	strongs_he	a dress
H8009	bdb	שַׂלְמוֹן n.pr.m. father of Boaz
H8009	strongs_he	Salmah, an Israelite
H8010	bdb	Solomon
H8010	strongs_he	Shelomah, David's successor
H8011	bdb	requital; retribution
H8011	strongs_he	retribution
H8012	bdb	שַׂלְמוֹן n.pr.m. father of Boaz
H8012	strongs_he	Salmon, an Israelite
H8013	bdb	שְׁלֹמוֹת, I. שְׁלֹמִית n.pr.m. Levites son (appar.) of Rehob. head of post-ex. family
H8013	strongs_he	Shelomoth, the name of two Israelites
H8014	bdb	שַׂלְמַי n.pr.m. head of post-ex. family
H8014	strongs_he	Salmai, an Israelite
H8015	bdb	שְׁלֹמִי n.pr.m. in Asher, Nu 34:27
H8015	strongs_he	Shelomi, an Israelite
H8016	bdb	שִׁלֵּמִי adj.gent. as n.coll. הַשּׁ׳ Nu 26:49.
H8016	strongs_he	a Shilemite (collectively) or descendants of Shillem
H8017	bdb	שְׁלֻמִיאֵל n.pr.m. in Simeon
H8017	strongs_he	Shelumiel, an Israelite
H8018	bdb	שֶׁלֶמְיָה(וּ) n.pr.m. Jeremiah’s time Levite post-ex. names
H8018	strongs_he	Shelemjah, the name of nine Israelites
H8019	bdb	שְׁלֹמוֹת, I. שְׁלֹמִית n.pr.m. Levites son (appar.) of Rehob. head of post-ex. family; שְׁלֹמִית n.pr.f. in Israel daughter of Zerub.
H8019	strongs_he	Shelomith, the name of five Israelites and three Israelitesses
H8020	bdb	שַׁלְמָן n.pr.m. vel loc. Ho 10:14
H8020	strongs_he	Shalman, a king apparently of Assyria
H8021	bdb	reward; bribe
H8021	strongs_he	a bribe
H8022	bdb	שַׁלְמַנְאֶ֫סֶר n.pr.m. king of Assyria
H8022	strongs_he	Shalmaneser, an Assyrian king
H8023	bdb	שִׁילֹנִי, שִׁילוֹנִי etc., adj.gent. of foreg. [v.dk.ac]
H8023	strongs_he	Shiloni, an Israelite
H8024	bdb	שֵׁלָנִי adj.gent. of foreg. [v.dj.ae]: c. art. as n.coll. Nu 26:20 (P).
H8024	strongs_he	a Shelanite (collectively), or descendants of Shelah
H8025	bdb	draw out; off
H8025	strongs_he	to pull out, up or off
H8026	bdb	[שֶׁ֫לֶף] n.pr.m. son of Joḳṭan
H8026	strongs_he	Sheleph, a son of Jokthan
H8027	bdb	do a third time, divide into three parts; three years old
H8027	strongs_he	to be (causatively, make) triplicate (by restoration, in portions, strands, days or years)
H8028	bdb	שֶׁ֫לֶשׁ n.pr.m. in Asher, 1 Ch 7:35
H8028	strongs_he	Shelesh, an Israelite
H8029	bdb	pertaining to the third
H8029	strongs_he	a descendant of the third degree, i.e. great grandchild
H8030	bdb	שִׁלְשָׁה n.pr.m. in Asher, 1 Ch 7:37
H8030	strongs_he	Shilshah, an Israelite
H8031	bdb	שָׁלִ֫שָׁה n.pr.loc. doubtful
H8031	strongs_he	Shalishah, a place in Palestine
H8032	bdb	three days ago; day before yesterday
H8032	strongs_he	trebly, i.e. (in time) day before yesterday
H8033	bdb	there; thither
H8033	strongs_he	there (transferring to time) then; often thither, or thence
H8034	bdb	name; reputation; reputation; name; memorial, monument
H8034	strongs_he	an appellation, as a mark or memorial of individuality; by implication honor, authority, character
H8035	bdb	שֵׁם n.pr.m. first son of Noah
H8035	strongs_he	Shem, a son of Noah (often includ. his posterity)
H8036	bdb	name
H8036	strongs_he	name.
H8037	bdb	שַׁמָּא n.pr.m. in Asher, 1 Ch 7:37
H8037	strongs_he	Shamma, an Israelite
H8038	bdb	שֶׁמְאֵ֫בֶר n.pr.m. king of Ṣᵉboim;—Gn 14:2
H8038	strongs_he	Shemeber, a king of Zeboim
H8039	bdb	שִׁמְאָה n.pr.m. in Benjamin 1 Ch 8:32
H8039	strongs_he	Shimah, an Israelite
H8040	bdb	the left; left; left hand; north, left
H8040	strongs_he	properly, dark (as enveloped), i.e. the north; hence (by orientation), the left hand
H8041	bdb	take the left
H8041	strongs_he	to use the left hand or pass in that direction
H8042	bdb	left; on the left
H8042	strongs_he	situated on the left side
H8043	bdb	שִׁמְאָם n.pr.m. = foreg. [v.dw.ab], 1 Ch 9:38
H8043	strongs_he	Shimam, an Israelite
H8044	bdb	שַׁמְגַּר n.pr.m. a ‘judge,’ son of Anath
H8044	strongs_he	Shamgar, an Israelite judge
H8045	bdb	be exterminated, destroyed; annihilate, exterminate, destroy; annihilate, exterminate; destroy
H8045	strongs_he	to desolate
H8046	bdb	destroy
H8046	strongs_he	consume.
H8047	bdb	waste; appalment
H8047	strongs_he	ruin; by implication, consternation
H8048	bdb	שַׁמָּה n.pr.m. in Edom third son of Jesse heroes of David
H8048	strongs_he	Shammah, the name of an Edomite and four Israelites
H8049	bdb	שַׁמְהוּת n.pr.m. captain of Israel 1 Ch 27:8
H8049	strongs_he	Shamhuth, an Israelite
H8050	bdb	Samuel, name of Ēl
H8050	strongs_he	Shemuël, the name of three Israelites
H8051	bdb	שַׁמּוּעַ n.pr.m. son of David Reubenite Levite
H8051	strongs_he	Shammua, the name of four Israelites
H8052	bdb	report; report; mention
H8052	strongs_he	something heard, i.e. an announcement
H8053	bdb	שָׁמִיר n.pr.m. Levite 1 Ch 24:24 Qr, (Kt שָׁמוּר).
H8053	strongs_he	Shamur, an Israelite
H8054	bdb	שַׁמָּה n.pr.m. in Edom third son of Jesse heroes of David
H8054	strongs_he	Shammoth, an Israelite
H8055	bdb	rejoice, be glad; rejoice; rejoice; rejoice; cause to rejoice, gladden
H8055	strongs_he	probably to brighten up, i.e. (figuratively) be (causatively, make) blithe or gleesome
H8056	bdb	glad; joyful; merry
H8056	strongs_he	blithe or gleeful
H8057	bdb	joy; gladness; mirth
H8057	strongs_he	blithesomeness or glee, (religious or festival)
H8058	bdb	let drop; let drop, fall; have been thrown down; thou shalt cause, to let drop
H8058	strongs_he	to fling down; incipiently to jostle; figuratively, to let alone, desist, remit
H8059	bdb	a letting drop; a; remitting
H8059	strongs_he	remission (of debt) or suspension of labor)
H8060	bdb	שַׁמַּי n.pr.m. in Judah
H8060	strongs_he	Shammai, the name of three Israelites
H8061	bdb	the name knoweth
H8061	strongs_he	Shemida, an Israelite
H8062	bdb	שְׁמִידָעִי adj.gent. as n.coll. הַשּׁ׳ Nu 26:32.
H8062	strongs_he	a Shemidaite (collectively) or descendants of Shemida
H8063	bdb	rug; thick coverlet
H8063	strongs_he	a run (as sustaining the Oriental sitter)
H8064	bdb	heavens, sky; visible heavens, sky; visible heavens, sky
H8064	strongs_he	the sky (as aloft; the dual perhaps alluding to the visible arch in which the clouds move, as well as to the higher ether where the celestial bodies revolve)
H8065	bdb	heavens
H8065	strongs_he	heaven.
H8066	bdb	eighth
H8066	strongs_he	eight
H8067	bdb	eighth
H8067	strongs_he	probably an eight-stringed lyre
H8068	bdb	thorn; s; adamant; flint
H8068	strongs_he	a thorn; also (from its keenness for scratching) a gem, probably the diamond
H8069	bdb	שָׁמִיר n.pr.loc. Ju 10:1, 2 Jos 15:48
H8069	strongs_he	Shamir, the name of two places in Palestine
H8070	bdb	שְׁמִירָמוֹת n.pr.m. Levites
H8070	strongs_he	Shemiramoth, the name of two Israelites
H8071	bdb	wrapper; mantle; outer garment; covering; garment; clothes
H8071	strongs_he	a dress, especially a mantle
H8072	bdb	שַׂמְלָה n.pr.m. kg. of Edom
H8072	strongs_he	Samlah, an Edomite
H8073	bdb	שַׂלְמַי n.pr.m. head of post-ex. family
H8073	strongs_he	Shamlai, one of the Nethinim
H8074	bdb	be desolated, appalled; be desolated, be appalled, awestruck; be desolated; be appalled, awestruck; be desolated, be appalled; be desolated; be appalled; I sat appalled, appalling, causing horror; I sat appalled; appalling, causing horror; devastate, ravage, appal, shewing horror; devastate, ravage; appal, shewing horror; appal; shewing horror; all the days of, being desolate; be appalled, astounded, cause oneself desolation, ruin; be appalled, astounded; cause oneself desolation, ruin
H8074	strongs_he	to stun (or intransitively, grow numb), i.e. devastate or (figuratively) stupefy (both usually in a passive sense)
H8075	bdb	be appalled
H8075	strongs_he	be astonied.
H8076	bdb	devastated
H8076	strongs_he	ruined
H8077	bdb	a devastation; waste; שִׁמָמָה v. foregoing [v.ea.ac]
H8077	strongs_he	devastation; figuratively, astonishment
H8078	bdb	appalment; horror
H8078	strongs_he	stupefaction
H8079	bdb	lizard
H8079	strongs_he	a lizard (from the superstition of its noxiousness)
H8080	bdb	grow fat; fat; and shewed fatness
H8080	strongs_he	to shine, i.e. (by analogy) be (causatively, make) oily or gross
H8081	bdb	fat; oil
H8081	strongs_he	grease, especially liquid (as from the olive, often perfumed); figuratively, richness
H8082	bdb	fat; robust
H8082	strongs_he	greasy, i.e. gross; figuratively, rich
H8083	bdb	eight
H8083	strongs_he	a cardinal number, eight (as if a surplus above the 'perfect' seven); also (as ordinal) eighth
H8084	bdb	an eighty
H8084	strongs_he	eighty, also eightieth
H8085	bdb	hear; be heard, be heard of, be regarded, obeyed, hearing was granted to their voice; be heard; be heard of; be regarded, obeyed; hearing was granted to their voice; he caused, to hear
H8085	strongs_he	to hear intelligently (often with implication of attention, obedience, etc.; causatively, to tell, etc.)
H8086	bdb	hear; hear, have sense of hearing; shew oneself obedient
H8086	strongs_he	hear, obey.
H8087	bdb	שֶׁ֫מַע n.pr.m. in Judah in Reuben in Benj. post-ex.
H8087	strongs_he	Shema, the name of a place in Palestine and of four Israelites
H8088	bdb	hearing; report; sound
H8088	strongs_he	something heard, i.e. a sound, rumor, announcement; abstractly, audience
H8089	bdb	report
H8089	strongs_he	a report
H8090	bdb	שְׁמַע n.pr.loc. in S. Judah, Jos 15:26
H8090	strongs_he	Shema, a place in Palestine
H8091	bdb	שָׁמָע n.pr.m. a hero of David 1 Ch 11:44
H8091	strongs_he	Shama, an Israelite
H8092	bdb	שִׁמְעָא n.pr.m. brother of David son of David Levites
H8092	strongs_he	Shima, the name of four Israelites
H8093	bdb	שִׁמְעָא n.pr.m. brother of David son of David Levites
H8093	strongs_he	Shimah, an Israelite
H8094	bdb	שְׁמָעָה n.pr.m. c. art. 1 Ch 12:3
H8094	strongs_he	Shemaah, an Israelite
H8095	bdb	שִׁמְעוֹן 44 n.pr.m. second son of Jacob and Leah tribal name post-ex. Jew with foreign wife
H8095	strongs_he	Shimon, one of Jacob's sons, also the tribe descended from him
H8096	bdb	שִׁמְעִי 43 n.pr.m. in Benj. a Ramathite Levites brother of Zerub. in Simeon in Reuben 1 post-ex. names grandfather of Mordecai 2
H8096	strongs_he	Shimi, the name of twenty Israelites
H8097	bdb	שִׁמְעִי adj.gent. of 3a;—c. art. as n.coll. הַשּׁ׳ Nu 3:21; cf. Zc 12:13.
H8097	strongs_he	a Shimite (collectively) or descendants of Shimi
H8098	bdb	שְׁמַעְיָ֫ה(וּ) n.pr.m. prophet, Rehob.’s time Jer.’s time a prophet’s father descendant of Zerub. in Simeon in Reuben Levites companions of Ezra of Neh. priests a prince
H8098	strongs_he	Shemajah, the name of twenty-five Israelites
H8099	bdb	שִׁמְעוֹנִי adj.gent. c. art. as n.coll.
H8099	strongs_he	a Shimonite (collectively) or descendants of Shimon
H8100	bdb	שִׁמְעָת n.pr.f. mother of one of Joash’s murderers
H8100	strongs_he	Shimath, an Ammonitess
H8101	bdb	שִׁמְעָתִים adj.gent.pl. as subst., family of scribes 1 Ch 2:55
H8101	strongs_he	a Shimathite (collectively) or descendants of Shimah
H8102	bdb	whisper
H8102	strongs_he	an inkling
H8103	bdb	whisper; derision
H8103	strongs_he	scornful whispering (of hostile spectators)
H8104	bdb	keep, watch, preserve; keep, have charge of, keep, guard, watch for, wait for, watch, observe, keep, retain, keep, restrain, observe, celebrate, keep, observe, keep, reserve; keep, have charge of, keep, guard, watch for, wait for, watch, observe; keep, have charge of; keep, guard; watch for, wait for; watch, observe; keep, retain, keep, restrain; keep, retain; keep, restrain; observe, celebrate, keep, observe; observe, celebrate; keep; observe; keep, reserve; be on one's guard, keep oneself, refrain, abstain, be kept, guarded; be on one's guard; keep oneself, refrain, abstain; be kept, guarded; those paying regard to false vanities; I kept myself from
H8104	strongs_he	properly, to hedge about (as with thorns), i.e. guard; generally, to protect, attend to, etc.
H8105	bdb	lees; dregs
H8105	strongs_he	something preserved, i.e. the settlings (plural only) of wine
H8106	bdb	שֶׁ֫מֶר n.pr.m. (prop. clan-name) orig. owner of hill where Sam. was built Levite in Asher in Benj.
H8106	strongs_he	Shemer, the name of three Israelites
H8107	bdb	watching; vigil; observance
H8107	strongs_he	an observance
H8108	bdb	guard; watch
H8108	strongs_he	watchfulness
H8109	bdb	eye-lid; guarding
H8109	strongs_he	something guarded, i.e. an eye-lid
H8110	bdb	שִׁמְרוֹן n.pr.m. son of Issachar; שִׁמְרוֹן n.pr.loc. Canaanite city, with king
H8110	strongs_he	Shimron, the name of an Israelite and of a place in Palestine
H8111	bdb	שִׁמְרוֹן 109 n.pr.loc. capital of N. Isr. from Omri's time
H8111	strongs_he	Shomeron, a place in Palestine
H8112	bdb	שִׁמְרוֹן n.pr.loc. Canaanite city, with king
H8112	strongs_he	Shimron-Meron, a place in Palestine
H8113	bdb	שִׁמְרִי n.pr.m. in Simeon father of a hero of David Levites
H8113	strongs_he	Shimri, the name of four Israelites
H8114	bdb	has kept, preserved
H8114	strongs_he	Shemarjah, the name of four Israelites
H8115	bdb	שׇֽׁמְרָ֑יִן n.pr.loc.
H8115	strongs_he	Shomrain, a place in Palestine
H8116	bdb	שִׁמְרִית n.pr.f. Moabitish mother of one of Joash’s murderers 2 Ch 24:26
H8116	strongs_he	Shimrith, a Moabitess
H8117	bdb	שִׁמְרֹנִי adj.gent. of foregoing [v.ef.an]; c. art. as n.coll. הַשּׁ׳ Nu 26:24.
H8117	strongs_he	a Shimronite (collectively) or descendants of Shimron
H8118	bdb	Samaritan
H8118	strongs_he	a Shomeronite (collectively) or inhabitants of Shomeron
H8119	bdb	שִׁמְרָת n.pr.m. in Benj. 1 Ch 8:21
H8119	strongs_he	Shimrath, an Israelite
H8120	bdb	minister
H8120	strongs_he	to serve
H8121	bdb	sun; sun; toward sun-rise, East; pinnacle, glittering, shining
H8121	strongs_he	the sun; by implication, the east; figuratively, a ray, i.e. (architectural) a notched battlement
H8122	bdb	sun
H8122	strongs_he	the sun
H8123	bdb	Samson
H8123	strongs_he	Shimshon, an Israelite
H8124	bdb	שִׁמְשַׁי n.pr.m.
H8124	strongs_he	Shimshai, a Samaritan
H8125	bdb	שַׁמְשְׁרַי n.pr.m. in Benj. 1 Ch 8:26
H8125	strongs_he	Shamsherai, an Israelite
H8126	bdb	שֻׁמָתִי adj.gent. in Caleb, c. art. as n.coll. 1 Ch 2:53
H8126	strongs_he	a Shumathite (collectively) or descendants of Shumah
H8127	bdb	tooth; ivory
H8127	strongs_he	a tooth (as sharp); specifically ivory; figuratively, a cliff
H8128	bdb	tooth
H8128	strongs_he	a tooth
H8129	bdb	שֵׁן n.pr.loc. 1 S 7:12
H8129	strongs_he	Shen, a place in Palestine
H8130	bdb	hate; hate; is hated; enemy
H8130	strongs_he	to hate (personally)
H8131	bdb	hate
H8131	strongs_he	hate.
H8132	bdb	change; I do not change; change, alter; is changed; arise, pray, and disguise thyself
H8132	strongs_he	to alter
H8133	bdb	change; change, be changed; change; be changed; change, alter
H8133	strongs_he	alter, change, (be) diverse.
H8134	bdb	שִׁנְאָב n.pr.m. king of Admah Gn 14:2
H8134	strongs_he	Shinab, a Canaanite
H8135	bdb	hating; hatred
H8135	strongs_he	hate
H8136	bdb	repetition
H8136	strongs_he	change, i.e. repetition
H8137	bdb	שֶׁנְאַצַּ֑ר n.pr.m. uncle of Zerub. 1 Ch 3:18
H8137	strongs_he	Shenatstsar, an Israelite
H8138	bdb	repeat, do again; do again; concerning the dream’s being repeated; change; I do not change; change, alter; is changed; arise, pray, and disguise thyself
H8138	strongs_he	to fold, i.e. duplicate (literally or figuratively); by implication, to transmute (transitive or intransitive)
H8139	bdb	sleep
H8139	strongs_he	sleep.
H8140	bdb	year
H8140	strongs_he	year.
H8141	bdb	year
H8141	strongs_he	a year (as a revolution of time)
H8142	bdb	sleep
H8142	strongs_he	sleep
H8143	bdb	ivory
H8143	strongs_he	probably, tooth of elephants, i.e. ivory tusk
H8144	bdb	scarlet
H8144	strongs_he	crimson, properly, the insect or its color, also stuff dyed with it
H8145	bdb	second
H8145	strongs_he	properly, double, i.e. second; also adverbially, again
H8146	bdb	hated; held in aversion
H8146	strongs_he	hated
H8147	bdb	two
H8147	strongs_he	two; also (as ordinal) twofold
H8148	bdb	sharp; word; taunt
H8148	strongs_he	something pointed, i.e. a gibe
H8149	bdb	שְׂנִיר n.pr.mont. Amorite name of Ḥermon
H8149	strongs_he	Shenir or Senir, a summit of Lebanon
H8150	bdb	whet, sharpen; whet, sharpen; incisively; I was pierced
H8150	strongs_he	to point (transitive or intransitive); intensively, to pierce; figuratively, to inculcate
H8151	bdb	gird up
H8151	strongs_he	to compress (with a belt)
H8152	bdb	Shinar
H8152	strongs_he	Shinar, a plain in Babylonia
H8153	bdb	sleep
H8153	strongs_he	sleep
H8154	bdb	spoil, plunder; they plunder for themselves
H8154	strongs_he	to plunder
H8155	bdb	have plundered him; be plundered
H8155	strongs_he	to plunder
H8156	bdb	divide, cleave; cleaving the cleft of the hoof; tear in two
H8156	strongs_he	to split or tear; figuratively, to upbraid
H8157	bdb	cleft
H8157	strongs_he	a fissure
H8158	bdb	hew in pieces
H8158	strongs_he	to cut in pieces, i.e. slaughter
H8159	bdb	gaze; gaze, regard; cause thy gaze to turn away from me; gaze not about
H8159	strongs_he	to gaze at or about (properly, for help); by implication, to inspect, consider, compassionate, be nonplussed (as looking around in amazement) or bewildered
H8160	bdb	brief time; moment
H8160	strongs_he	properly, a look, i.e. a moment
H8161	bdb	stamping
H8161	strongs_he	a clatter (of hoofs)
H8162	bdb	mixed stuff
H8162	strongs_he	linsey-woolsey, i.e. cloth of linen and wool carded and spun together
H8163	bdb	satyr; demon; he-goat’s; he-goat; buck; hairy; hairy
H8163	strongs_he	shaggy; as noun, a he-goat; by analogy, a faun
H8164	bdb	rain
H8164	strongs_he	a shower (as tempestuous)
H8165	bdb	Sē‛ir
H8165	strongs_he	Seir, a mountain of Idumaea and its aboriginal occupants, also one in Palestine
H8166	bdb	she-goat
H8166	strongs_he	a she-goat
H8167	bdb	goat
H8167	strongs_he	Seirah, a place in Palestine
H8168	bdb	hollow hand; handful
H8168	strongs_he	the palm; by extension, a handful
H8169	bdb	foxes
H8169	strongs_he	Shaalbim or Shaalabbin, a place in Palestine
H8170	bdb	שַׁעַלְבֹנִי adj.gent.
H8170	strongs_he	a Shaalbonite or inhabitant of Shaalbin
H8171	bdb	שְׁעָלִים n.pr.loc. district in Israel;—1 S 9:4
H8171	strongs_he	Shaalim, a place in Palestine
H8172	bdb	lean; support oneself
H8172	strongs_he	to support one's self
H8173	bdb	sport, take delight in, delight; shall sport; shall ye be fondled; will I delight myself; be smeared over, blinded; blind yourselves and be blind!; and its eyes besmear!
H8173	strongs_he	(in a good acceptation) to look upon (with complacency), i.e. fondle, please or amuse (self); (in a bad one) to look about (in dismay), i.e. stare
H8174	bdb	שַׁ֫עַף n.pr.m. in clan of Caleb
H8174	strongs_he	Shaaph, the name of two Israelites
H8175	bdb	sweep, whirl away; he, shall sweep it away; it is tempestuous; and it, shall whirl him away; shall storm against him; be acquainted with; bristle
H8175	strongs_he	to storm; by implication, to shiver, i.e. fear
H8176	bdb	calculate; reckon
H8176	strongs_he	to act as gatekeeper; (figuratively) to estimate
H8177	bdb	hair
H8177	strongs_he	hair
H8178	bdb	storm; horror
H8178	strongs_he	a terror
H8179	bdb	gate
H8179	strongs_he	an opening, i.e. door or gate
H8180	bdb	measure; reckoning; measures
H8180	strongs_he	a measure (as a section)
H8181	bdb	hair
H8181	strongs_he	hair (as if tossed or bristling)
H8182	bdb	horrid; disgusting
H8182	strongs_he	harsh or horrid, i.e. offensive
H8183	bdb	שְׂעָרָה n.f. id. [u.bt.ab]
H8183	strongs_he	a hurricane
H8184	bdb	barley; bearded
H8184	strongs_he	barley (as villose)
H8185	bdb	a hair
H8185	strongs_he	hairiness
H8186	bdb	horror; horrible thing; שַׁעֲרִירִיָּה, שַׁעֲרֻרִית n.f. id. [v.fc.ac]
H8186	strongs_he	something fearful
H8187	bdb	שְׁעַרְיָה n.pr.m. in Benjamin
H8187	strongs_he	Shearjah, an Israelite
H8188	bdb	שְׂעֹרִים n.pr.m. priest 1 Ch 24:8
H8188	strongs_he	Seorim, an Israelite
H8189	bdb	שַׁעֲרַ֫יִם n.pr.loc. in the Shephelah of Judah in the Negeb (Simeon)
H8189	strongs_he	Shaarajim, a place in Palestine
H8190	bdb	שַׁעַשְׁגַּז n.m.pers. Est 2:14
H8190	strongs_he	Shaashgaz, a eunuch of Xerxes
H8191	bdb	delight
H8191	strongs_he	enjoyment
H8192	bdb	sweep bare; be wind-swept, bare; his bones are laid bare
H8192	strongs_he	to abrade, i.e. bare
H8193	bdb	lip, speech, edge; lip; language; edge, shore, bank
H8193	strongs_he	the lip (as a natural boundary); by implication, language; by analogy, a margin (of a vessel, water, cloth, etc.)
H8194	bdb	cream
H8194	strongs_he	a cheese (as strained from the whey)
H8195	bdb	שְׁפוֹ n.pr.m. in Edom
H8195	strongs_he	Shepho or Shephi, an Idumaean
H8196	bdb	judgment; act of judgment
H8196	strongs_he	a judicial sentence, i.e. punishment
H8197	bdb	שְׁפוּפָם n.pr.m. in Benjamin; שְׁפוּפָן n.pr.m. in Benj. 1 Ch 8:5
H8197	strongs_he	Shephupham, an Israelite
H8198	bdb	maid; maid-servant
H8198	strongs_he	a female slave (as a member of the household)
H8199	bdb	judge, govern; act as law-giver, judge, governor, decide controversy, execute judgment; act as law-giver, judge, governor; decide controversy; execute judgment; enter into controversy, plead, be judged; enter into controversy, plead; be judged; my opponent-at-law
H8199	strongs_he	to judge, i.e. pronounce sentence (for or against); by implication, to vindicate or punish; by extenssion, to govern; passively, to litigate (literally or figuratively)
H8200	bdb	judge
H8200	strongs_he	to judge
H8201	bdb	judgment
H8201	strongs_he	a sentence, i.e. infliction
H8202	bdb	he hath judged
H8202	strongs_he	Shaphat, the name of four Israelites
H8203	bdb	hath judged, vindicated
H8203	strongs_he	Shephatjah, the name of ten Israelites
H8204	bdb	judgment
H8204	strongs_he	Shiphtan, an Israelite
H8205	bdb	bareness, smooth, bare, height; bareness; bare place, height
H8205	strongs_he	bareness; concretely, a bare hill or plain
H8206	bdb	שֻׁפִּים n.pr.m. appar. doorkeeper
H8206	strongs_he	Shuppim, an Israelite
H8207	bdb	horned snake
H8207	strongs_he	a kind of serpent (as snapping), probably the cerastes or horned adder
H8208	bdb	שָׁפִיר n.pr.loc. in Philist. plain, Mi 1:11
H8208	strongs_he	Shaphir, a place in Palestine
H8209	bdb	fair; beautiful
H8209	strongs_he	beautiful
H8210	bdb	pour out, pour; be poured out; be poured out; my soul pours itself out upon me
H8210	strongs_he	to spill forth (blood, a libation, liquid metal; or even a solid, i.e. to mound up); also (figuratively) to expend (life, soul, complaint, money, etc.); intensively, to sprawl out
H8211	bdb	pouring
H8211	strongs_he	an emptying place, e.g. an ash-heap
H8212	bdb	male organ
H8212	strongs_he	a pipe (for pouring forth, e.g. wine), i.e. the penis
H8213	bdb	be, become low, be abased; become, low, to be lowly of spirit; become, low; to be lowly of spirit; lay low, set, in a lower place, make low, sit down; lay low; set, in a lower place; make low, sit down
H8213	strongs_he	to depress or sink (especially figuratively, to humiliate, intransitive or transitive)
H8214	bdb	be low
H8214	strongs_he	abase, humble, put down, subdue.
H8215	bdb	low
H8215	strongs_he	low
H8216	bdb	low estate; condition
H8216	strongs_he	an humble rank
H8217	bdb	low; low; humiliated; lowly
H8217	strongs_he	depressed, literally or figuratively
H8218	bdb	humiliation
H8218	strongs_he	depression
H8219	bdb	lowland
H8219	strongs_he	Lowland, i.e. (with the article) the maritime slope of Palestine
H8220	bdb	sinking
H8220	strongs_he	remissness
H8221	bdb	שְׁפָם n.pr.loc. on E. border of Israel
H8221	strongs_he	Shepham, a place in or near Palestine
H8222	bdb	moustache
H8222	strongs_he	the beard (as a lip-piece)
H8223	bdb	שָׁפָם n.pr.m. in Gad 1 Ch 5:12
H8223	strongs_he	Shapham, an Israelite
H8224	bdb	שִׂפֲמוֹת n.pr.loc. in Negeb 1 S 30:28
H8224	strongs_he	Siphmoth, a place in Palestine
H8225	bdb	שִׁפְמִי adj.gent. (of foreg.?);—1 Ch 27:27.
H8225	strongs_he	a Shiphmite or inhabitant of Shepham
H8226	bdb	cover; cover in; panel
H8226	strongs_he	to conceal (as a valuable)
H8227	bdb	rock-badger; hyrax syriacus; שָׁפָן n.pr.m. secretary under Josiah father of אֲחִיקָם, contemp. of 1 (improb. = 1) father of אֶלְעָשָׂה, perh. = 2. father of גְּמַרְיָ֫הוּ, perh. = 1. father of יַאֲזַנְיָ֫הוּ, possibly = 1.
H8227	strongs_he	a species of rock-rabbit (from its hiding), i.e. probably the hyrax
H8228	bdb	abundance
H8228	strongs_he	resources
H8229	bdb	abundance; quantity
H8229	strongs_he	copiousness
H8230	bdb	שִׁפְעִי n.pr.m. in Simeon 1 Ch 4:37
H8230	strongs_he	Shiphi, an Israelite
H8231	bdb	be beautiful; fair; comely
H8231	strongs_he	to glisten, i.e. (figuratively) be (causatively, make) fair
H8232	bdb	be fair; seemly
H8232	strongs_he	to be beautiful
H8233	bdb	beauty; goodliness
H8233	strongs_he	beauty
H8234	bdb	[שֶׁ֫פֶר] n.pr.mont. as a station in wilderness
H8234	strongs_he	Shepher, a place in the Desert
H8235	bdb	fairness; clearness
H8235	strongs_he	brightness
H8236	bdb	שִׁפְרָה n.pr.f. Hebrew midwife, Ex 1:15 (E)
H8236	strongs_he	Shiphrah, an Israelitess
H8237	bdb	brightly-coloured; pavilion; canopy; carpet
H8237	strongs_he	splendid, i.e. a tapestry or canopy
H8238	bdb	dawn
H8238	strongs_he	the dawn (as brilliant with aurora)
H8239	bdb	set
H8239	strongs_he	to locate, i.e. (generally) hang on or (figuratively) establish, reduce
H8240	bdb	hook-shaped pegs; hooks; שְׁפַתָּ֑יִם n.[m.] du.: prob. = מִשְׁפְּתַ֫יִם, infr., q.v.;—ψ 68:14
H8240	strongs_he	a (double) stall (for cattle); also a (two-pronged) hook (for flaying animals on)
H8241	bdb	flood
H8241	strongs_he	an outburst (of anger)
H8242	bdb	sack; sackcloth
H8242	strongs_he	properly, a mesh (as allowing a liquid to run through), i.e. coarse loose cloth or sacking (used in mourning and for bagging); hence, a bag (for grain, etc.)
H8243	bdb	leg
H8243	strongs_he	the leg
H8244	bdb	bind on
H8244	strongs_he	to fasten
H8245	bdb	watch, wake; keep watch, be wakeful, be wakeful, wake; keep watch, be wakeful; be wakeful, wake; watch has been kept over my transgressions
H8245	strongs_he	to be alert, i.e. sleepless; hence to be on the lookout (whether for good or ill)
H8246	bdb	cups shaped like almond
H8246	strongs_he	to be (intensively, make) almond-shaped
H8247	bdb	almond; -tree
H8247	strongs_he	the almond (tree or nut; as being the earliest in bloom)
H8248	bdb	cause to drink water, give to drink; water, irrigate, water, give drink to; water, irrigate; water, give drink to; the marrow of his bones is watered
H8248	strongs_he	to quaff, i.e. (causatively) to irrigate or furnish a potion to
H8249	bdb	drink
H8249	strongs_he	(plural collective) a draught
H8250	bdb	drink
H8250	strongs_he	a beverage; moisture, i.e. (figuratively) refreshment
H8251	bdb	detested thing
H8251	strongs_he	disgusting, i.e. filthy; especially idolatrous or (concretely) an idol
H8252	bdb	be quiet, undisturbed; be quiet, undisturbed, at peace, be quiet, inactive; at peace; be quiet, inactive; shew quietness, cause quietness; shew quietness; cause quietness
H8252	strongs_he	to repose (usually figurative)
H8253	bdb	quietness
H8253	strongs_he	tranquillity
H8254	bdb	weigh; weigh, weigh out; weigh; weigh out; be weighed
H8254	strongs_he	to suspend or poise (especially in trade)
H8255	bdb	a weight; shekel
H8255	strongs_he	probably a weight; used as a commercial standard
H8256	bdb	sycomore tree
H8256	strongs_he	a sycamore (usually the tree)
H8257	bdb	sink, sink down; it shall sink, it sank down; sink; I will make their waters sink
H8257	strongs_he	to subside; by implication, to be overflowed, cease; causatively, to abate, subdue
H8258	bdb	depression; hollow
H8258	strongs_he	a depression
H8259	bdb	overhang, look out, down; lean over, look down; look down
H8259	strongs_he	properly, to lean out (of a window), i.e. (by implication) peep or gaze (passively, be a spectacle)
H8260	bdb	frame-work; casing
H8260	strongs_he	a loophole (for looking out), to admit light and air
H8261	bdb	frame; casing
H8261	strongs_he	an embrasure or opening with bevelled jam
H8262	bdb	detest; make detestable
H8262	strongs_he	to be filthy, i.e. (intensively) to loathe, pollute
H8263	bdb	detestation; detestable thing
H8263	strongs_he	filth, i.e. (figuratively and specifically) an idolatrous object
H8264	bdb	run, run about, rush; rush at, upon; they rush to and fro
H8264	strongs_he	to course (like a beast of prey); by implication, to seek greedily
H8265	bdb	ogle
H8265	strongs_he	to ogle, i.e. blink coquettishly
H8266	bdb	do, deal falsely; thou wilt not do falsely; deal falsely
H8266	strongs_he	to cheat, i.e. be untrue (usually in words)
H8267	bdb	deception, disappointment, falsehood; deception; deceit, fraud, wrong; falsehood; falsity, prophets; lie, falsehood
H8267	strongs_he	an untruth; by implication, a sham (often adverbial)
H8268	bdb	watering-trough
H8268	strongs_he	a trough (for watering)
H8269	bdb	chieftain; chief; ruler; official; captain; prince
H8269	strongs_he	a head person (of any rank or class)
H8270	bdb	navel-string
H8270	strongs_he	a string (as twisted ), i.e. (specifically) the umbilical cord (also figuratively, as the centre of strength)
H8271	bdb	loosen, abide; loosen, abide; loosen; abide; begin; were loosened
H8271	strongs_he	to free, separate; figuratively, to unravel, commence; by implication (of unloading beasts) to reside
H8272	bdb	שַׁרְאֶ֫צֶר n.pr.m. in Assyr. (Bab.) son of Sennach. a returned exile
H8272	strongs_he	Sharetser, the name of an Assyrian and an Israelite
H8273	bdb	burning heat; parched ground
H8273	strongs_he	quivering glow (of the air), especially the mirage
H8274	bdb	hath sent burning heat
H8274	strongs_he	Sherebjah, the name of two Israelites
H8275	bdb	sceptre
H8275	strongs_he	a rod of empire
H8276	bdb	be intertwined; are intertwined; they intertwine themselves
H8276	strongs_he	to intwine
H8277	bdb	escape
H8277	strongs_he	properly, to puncture, i.e. (figuratively through the idea of slipping out) to escape or survive
H8278	bdb	plaited; braided work
H8278	strongs_he	stitching (as pierced with a needle)
H8279	bdb	stylus
H8279	strongs_he	a (carpenter's) scribing-awl (for pricking or scratching measurements)
H8280	bdb	persist; exert oneself; persevere
H8280	strongs_he	to prevail
H8281	bdb	let loose; he, lets it loose; I will set thee free
H8281	strongs_he	to free
H8282	bdb	princess; noble lady
H8282	strongs_he	a mistress, i.e. female noble
H8283	bdb	princess
H8283	strongs_he	Sarah, Abraham's wife
H8284	bdb	row
H8284	strongs_he	a fortification (literally or figuratively)
H8285	bdb	bracelet
H8285	strongs_he	a wrist-band (as compact or clasping)
H8286	bdb	שְׂרוּג n.pr.m. descendant (i.e. younger branch) of Peleg
H8286	strongs_he	Serug, a postdiluvian patriarch
H8287	bdb	שָׁרוּחֶ֑ן n.pr.loc. in Simeon;—Jos 19:6
H8287	strongs_he	Sharuchen, a place in Palestine
H8288	bdb	thong
H8288	strongs_he	a thong (as laced or tied)
H8289	bdb	Sharon
H8289	strongs_he	Sharon, the name of a place in Palestine
H8290	bdb	שָׁרוֹנִי adj.gent. 1 Ch 27:29.
H8290	strongs_he	a Sharonite or inhabitant of Sharon
H8291	bdb	vine-tendrils; clusters; red
H8291	strongs_he	a grapevine
H8292	bdb	hissing; whistling; piping
H8292	strongs_he	a whistling (in scorn); by analogy, a piping
H8293	bdb	let loose; he, lets it loose; I will set thee free
H8293	strongs_he	freedom
H8294	bdb	שֶׂ֫רַח n.pr.f. daughter of Asher
H8294	strongs_he	Serach, an Israelitess
H8295	bdb	incise, scratch; shall make no incision; shall be severely scratched
H8295	strongs_he	to gash
H8296	bdb	incision; [שָׂרֶ֫טֶת] n.f. id. [u.cg.ab];—Lv 21:5
H8296	strongs_he	an incision
H8297	bdb	שָׂרַי n.pr.f. wife of Abram
H8297	strongs_he	Sarai, the wife of Abraham
H8298	bdb	שָׁרָ֑י n.pr.m. one with foreign wife Ezr 10:40
H8298	strongs_he	Sharay, an Israelite
H8299	bdb	tendril; twig
H8299	strongs_he	a tendril (as entwining)
H8300	bdb	survivor
H8300	strongs_he	a survivor
H8301	bdb	שָׂרִיד n.pr.loc. on border of Zebulun
H8301	strongs_he	Sarid, a place in Palestine
H8302	bdb	lance; javelin; body-armour
H8302	strongs_he	a corslet (as if twisted)
H8303	bdb	שִׂרְיֹן, שִׂרְיוֹן n.pr.mont. Sidonian name of Ḥermon
H8303	strongs_he	Shirjon or Sirjon, a peak of the Lebanon
H8304	bdb	persisteth
H8304	strongs_he	Serajah, the name of nine Israelites
H8305	bdb	carded; combed
H8305	strongs_he	hetchelling (or combing flax), i.e. (concretely) tow (by extension, linen cloth)
H8306	bdb	sinew; muscle
H8306	strongs_he	a cord, i.e. (by analogy) sinew
H8307	bdb	firmness; stubbornness
H8307	strongs_he	obstinacy
H8308	bdb	twist
H8308	strongs_he	to interlace
H8309	bdb	field
H8309	strongs_he	a common
H8310	bdb	שַׂרְסְכִים n.pr.m. a prince of Nebuch. Je 39:3
H8310	strongs_he	Sarsekim, a Babylonian general
H8311	bdb	extend; extended; stretch oneself
H8311	strongs_he	to prolong, i.e. (reflex) be deformed by excess of members
H8312	bdb	disquieting thoughts
H8312	strongs_he	cogitation
H8313	bdb	burn; burn; be burned; his burner, one burning him, burning; it was burnt up
H8313	strongs_he	to be (causatively, set) on fire
H8314	bdb	seraphim; serpent
H8314	strongs_he	burning, i.e. (figuratively) poisonous (serpent); specifically, a saraph or symbolical creature (from their copper color)
H8315	bdb	שָׂרָף n.pr.m. a Judahite;—1 Ch 4:22
H8315	strongs_he	Saraph, an Israelite
H8316	bdb	burning
H8316	strongs_he	cremation
H8317	bdb	swarm; teem
H8317	strongs_he	to wriggle, i.e. (by implication) swarm or abound
H8318	bdb	swarmers; swarming things
H8318	strongs_he	a swarm, i.e. active mass of minute animals
H8319	bdb	hiss; whistle; pipe
H8319	strongs_he	properly, to be shrill, i.e. to whistle or hiss (as a call or in scorn)
H8320	bdb	sorrel
H8320	strongs_he	bright red (as piercing to the sight), i.e. bay
H8321	bdb	vine; vine
H8321	strongs_he	a vine stock (properly, one yielding purple grapes, the richest variety)
H8322	bdb	hissing
H8322	strongs_he	a derision
H8323	bdb	be, act as, prince, rule; ruled over Isr.; that thou shouldst also keep playing the prince over us; they made princes
H8323	strongs_he	to have (transitively, exercise; reflexively, get) dominion
H8324	bdb	watcher
H8324	strongs_he	to be hostile (only active participle an opponent)
H8325	bdb	שָׁרָר n.pr.m. 2 S 23:33
H8325	strongs_he	Sharar, an Israelite
H8326	bdb	navel-string
H8326	strongs_he	the umbilical cord, i.e. (by extension) a bodice
H8327	bdb	deal with the roots; root up, out, be rooted up; be rooted up; take root; take root
H8327	strongs_he	to root, i.e. strike into the soil, or (by implication) to pluck from it
H8328	bdb	root
H8328	strongs_he	a root (literally or figuratively)
H8329	bdb	שָׁ֑רֶשׁ n.pr.m. in Manasseh;—1 Ch 7:16
H8329	strongs_he	Sheresh, an Israelite
H8330	bdb	root
H8330	strongs_he	root.
H8331	bdb	[שַׁרְשָׁה] Ex 28:22 v. following [שַׁרְשְׁרָה].
H8331	strongs_he	a chain (as rooted, i.e. linked)
H8332	bdb	uprooting; banishment
H8332	strongs_he	eradication, i.e. (figuratively) exile
H8333	bdb	chain
H8333	strongs_he	a chain; (architectural) probably a garland
H8334	bdb	minister; serve
H8334	strongs_he	to attend as a menial or worshipper; figuratively, to contribute to
H8335	bdb	ministry; vessels of m
H8335	strongs_he	service (in the Temple)
H8336	bdb	שֵׁשׁ n.m. id. [שַׁ֫יִשׁ]; material of pavement; byssus
H8336	strongs_he	bleached stuff, i.e. white linen or (by analogy) marble
H8337	bdb	six
H8337	strongs_he	six (as an overplus beyond five or the fingers of the hand); as ordinal sixth
H8338	bdb	lead on
H8338	strongs_he	to annihilate
H8339	bdb	שֵׁשְׁבַּצַּר n.pr.m. priest of Judah, leader of returning exiles
H8339	strongs_he	Sheshbatstsar, Zerubbabel's Persian name
H8340	bdb	שֵׁשְׁבַּצַּר n.pr.m. priest of Judah, leader of returning exiles
H8340	strongs_he	Sheshbazzar.
H8341	bdb	give sixth part of
H8341	strongs_he	to sixth or divide into sixths
H8342	bdb	exultation; rejoicing
H8342	strongs_he	cheerfulness; specifically, welcome
H8343	bdb	שָׁשַׁי n.pr.m. Jew with foreign wife Ezr 10:40
H8343	strongs_he	Shashai, an Israelite
H8344	bdb	שֵׁשַׁי n.pr.m. a son of Anaḳ
H8344	strongs_he	Sheshai, a Canaanite
H8345	bdb	sixth
H8345	strongs_he	sixth, ordinal or (feminine) fractional
H8346	bdb	sixty
H8346	strongs_he	sixty
H8347	bdb	שֵׁשַׁךְ n.pr.terr.
H8347	strongs_he	Sheshak, a symbolic name of Babylon
H8348	bdb	שֵׁשָׁן n.pr.m. in Judah
H8348	strongs_he	Sheshan, an Israelite
H8349	bdb	שָׁשָׁק n.pr.m. in Benjamin
H8349	strongs_he	Shashak, an Israelite
H8350	bdb	red colour; vermilion
H8350	strongs_he	red ochre (from its piercing color)
H8351	bdb	din; devastation
H8351	strongs_he	tumult
H8352	bdb	שֵׁת n.pr.m. third son of Adam
H8352	strongs_he	Sheth, third son of Adam
H8353	bdb	six
H8353	strongs_he	six(-th).
H8354	bdb	drink; is, drunk
H8354	strongs_he	to imbibe (literally or figuratively)
H8355	bdb	drink
H8355	strongs_he	drink.
H8356	bdb	foundation; stay
H8356	strongs_he	a basis, i.e. (figuratively) political or moral support
H8357	bdb	seat; buttocks
H8357	strongs_he	the seat (of the person)
H8358	bdb	drinking; drinking-bout
H8358	strongs_he	intoxicaion
H8359	bdb	warp
H8359	strongs_he	a fixture, i.e. the warp in weaving
H8360	bdb	drinking
H8360	strongs_he	potation
H8361	bdb	sixty
H8361	strongs_he	sixty
H8362	bdb	transplant
H8362	strongs_he	to transplant
H8363	bdb	transplanted shoot; slip
H8363	strongs_he	a sprig (as if transplanted), i.e. sucker
H8364	bdb	שֻׁתַלְחִי adj.gent. of foregoing [v.cc.ak]; c. art. הַשּׁ׳ as subst. coll. Nu 26:35.
H8364	strongs_he	a Shuthalchite (collectively) or descendants of Shuthelach
H8365	bdb	open
H8365	strongs_he	to unveil (figuratively)
H8366	bdb	urinate
H8366	strongs_he	(causatively) to make water, i.e. urinate
H8367	bdb	be quiet
H8367	strongs_he	to subside
H8368	bdb	burst; break out
H8368	strongs_he	to break out (as an eruption)
H8369	bdb	שֵׁתָר n.pr.m. a prince of Persia Est 1:14
H8369	strongs_he	Shethar, a Persian satrap
H8370	bdb	שְׁתַר בּוֹזְנַי n.pr.m. Pers. official
H8370	strongs_he	Shethar-Bozenai, a Persian officer
H8371	bdb	set; appoint
H8371	strongs_he	to place, i.e. array; reflex. to lie
H8372	bdb	chamber
H8372	strongs_he	a room (as circumscribed)
H8373	bdb	long
H8373	strongs_he	to desire
H8374	bdb	be abhorred; regard as an abomination, abhor, cause to be an abomination; regard as an abomination, abhor; cause to be an abomination; make abominable, do abominably
H8374	strongs_he	to loathe (morally)
H8375	bdb	longing
H8375	strongs_he	desire
H8376	bdb	ye shall mark out
H8376	strongs_he	to mark off, i.e. (intensively) designate
H8377	bdb	antelope
H8377	strongs_he	a species of antelope (probably from the white stripe on the cheek)
H8378	bdb	desire; thing desired
H8378	strongs_he	a longing; by implication, a delight (subjectively, satisfaction, objectively, a charm)
H8379	bdb	boundary; mark
H8379	strongs_he	a limit, i.e. full extent
H8380	bdb	twin
H8380	strongs_he	a twin (in plural only), literally or figuratively
H8381	bdb	curse
H8381	strongs_he	an imprecation
H8382	bdb	be double; bear twins
H8382	strongs_he	to be (causatively, make) twinned, i.e. (figuratively) duplicate or (architectural) jointed
H8383	bdb	toil
H8383	strongs_he	naughtiness, i.e. toil
H8384	bdb	fig-tree; fig
H8384	strongs_he	the fig (tree or fruit)
H8385	bdb	occasion; time of copulation; opportunity
H8385	strongs_he	an opportunity or (subjectively) purpose
H8386	bdb	mourning
H8386	strongs_he	lamentation
H8387	bdb	תַּאֲנַת שִׁלֹ֑ה n.pr.loc. on border of Ephr. Jos 16:6
H8387	strongs_he	Taanath-Shiloh, a place in Palestine
H8388	bdb	incline; draw in outline; trace out
H8388	strongs_he	to delineate; reflex. to extend
H8389	bdb	outline; form
H8389	strongs_he	outline, i.e. figure or appearance
H8390	bdb	תַּחֲרֵעַ n.pr.m. a great-great-grandson of Saul
H8390	strongs_he	Taarea, an Israelite
H8391	bdb	box-tree
H8391	strongs_he	a species of cedar (from its erectness)
H8392	bdb	ark; chest; box
H8392	strongs_he	a box
H8393	bdb	product, revenue; product, yield; income, revenue, gain; income, revenue; gain
H8393	strongs_he	income, i.e. produce (literally or figuratively)
H8394	bdb	understanding; teacher
H8394	strongs_he	intelligence; by implication, an argument; by extension, caprice
H8395	bdb	down-treading; ruin; downfall
H8395	strongs_he	a treading down, i.e. ruin
H8396	bdb	תָּבוֹר n.pr. mont. NE. edge of Great Plain, SW. of Sea of Galilee, on border of Issachar, Zeb. and Napht. loc. loc. Levit. city in Zebulun arbor. near Bethel
H8396	strongs_he	Tabor, a mountain in Palestine, also a city adjacent
H8397	bdb	confusion
H8397	strongs_he	mixture, i.e. unnatural bestiality
H8398	bdb	world; productive
H8398	strongs_he	the earth (as moist and therefore inhabited); by extension, the globe; by implication, its inhabitants; specifically, a particular land, as Babylonia, Palestine
H8399	bdb	destruction
H8399	strongs_he	consumption
H8400	bdb	confusion; obscurity
H8400	strongs_he	a cataract (in the eye)
H8401	bdb	straw
H8401	strongs_he	properly, material, i.e. (specifically) refuse haum or stalks of grain (as chopped in threshing and used for fodder)
H8402	bdb	תִּבְנִי n.pr.m. rival of Omri
H8402	strongs_he	Tibni, an Israelite
H8403	bdb	construction, pattern, figure; construction, structure; pattern; figure, image
H8403	strongs_he	structure; by implication, a model, resemblance
H8404	bdb	burning
H8404	strongs_he	Taberah, a place in the Desert
H8405	bdb	תֵּבֵץ n.pr.loc. near Shechem
H8405	strongs_he	Tebets, a place in Palestine
H8406	bdb	break
H8406	strongs_he	to be fragile (figuratively)
H8407	bdb	Tiglathpileser
H8407	strongs_he	Tiglath-Pileser or Tilgath-pilneser, an Assyryrian king
H8408	bdb	benefit
H8408	strongs_he	a bestowment
H8409	bdb	contention; strife; hostility
H8409	strongs_he	strife, i.e. infliction
H8410	bdb	elm
H8410	strongs_he	enduring; a species of hard-wood or lasting tree (perhaps oak)
H8411	bdb	continuance
H8411	strongs_he	permanence, i.e. (adverb) constantly
H8412	bdb	Tadmor
H8412	strongs_he	Tadmor, a place near Palestine
H8413	bdb	תִּדְעָל n.pr.m. king allied with Chedorlaomer
H8413	strongs_he	Tidal, a Canaanite
H8414	bdb	formlessness, confusion, unreality, emptiness; formlessness; empty, unreal
H8414	strongs_he	a desolation (of surface), i.e. desert; figuratively, a worthless thing; adverbially, in vain
H8415	bdb	deep, sea, abyss; deep; sea; primaeval ocean, deep; deep, depth; abyss
H8415	strongs_he	an abyss (as a surging mass of water), especially the deep (the main sea or the subterranean watersupply)
H8416	bdb	praise, song of praise; praise, adoration, thanksgiving; general, public, praise; praise-song; renown, fame, glory
H8416	strongs_he	laudation; specifically (concretely) a hymn
H8417	bdb	error
H8417	strongs_he	braggadocio, i.e. (by implication) fatuity
H8418	bdb	procession
H8418	strongs_he	a procession
H8419	bdb	perversity; perverse thing
H8419	strongs_he	a perversity or fraud
H8420	bdb	mark
H8420	strongs_he	a mark; by implication, a signature
H8421	bdb	return; restore, return; restore; return
H8421	strongs_he	specifically (transitive and ellip.) to reply
H8422	bdb	תּוּבַל n.pr.terr. et gent. in E. Asia Minor, perh. nearly = Cappadocia
H8422	strongs_he	Tubal, a postdiluvian patriarch and his posterity
H8423	bdb	תּוּבַל(־)קַ֫יִן n.pr.m. first worker in metal
H8423	strongs_he	Tubal-Kajin, an antidiluvian patriarch
H8424	bdb	grief
H8424	strongs_he	depression (of spirits); concretely a grief
H8425	bdb	תֹּגַרְמָה, תּוֹגַרְמָה n.pr.terr. it lay in (SW.) Armenia
H8425	strongs_he	Togarmah, a son of Gomer and his posterity
H8426	bdb	thanksgiving; give praise to; thanksgiving in songs of liturgical worship; thanksgiving choir, procession, line, company; thank-offering
H8426	strongs_he	properly, an extension of the hand, i.e. (by implication) avowal, or (usually) adoration; specifically, a choir of worshippers
H8427	bdb	make, set a mark; he made marks; set a mark, upon
H8427	strongs_he	to mark out, i.e. (primitive) scratch or (definite) imprint
H8428	bdb	pain; wound
H8428	strongs_he	to grieve
H8429	bdb	be startled; alarmed
H8429	strongs_he	to amaze, i.e. (reflex. by implication) take alarm
H8430	bdb	תּוֹחַ n.pr.m. ancestor of Samuel
H8430	strongs_he	Toach, an Israelite
H8431	bdb	hope
H8431	strongs_he	expectation
H8432	bdb	midst
H8432	strongs_he	a bisection, i.e. (by implication) the centre
H8433	bdb	rebuke; correction; argument, reproof; argument, impeachment; reproof, chiding; correction, rebuke
H8433	strongs_he	chastisement; figuratively (by words) correction, refutation, proof (even in defence)
H8434	bdb	תּוֹלָ֑ד n.pr.loc. in Simeon 1 Ch 4:29
H8434	strongs_he	Tolad, a place in Palestine
H8435	bdb	generations; account of a man and his descendants
H8435	strongs_he	(plural only) descent, i.e. family; (figuratively) history
H8436	bdb	תִּילוֹן n.pr.m. in Judah, 1 Ch 4:20 Qr (Kt תולון)
H8436	strongs_he	Tulon, an Israelite
H8437	bdb	they that wasted us
H8437	strongs_he	causing to howl, i.e. an oppressor
H8438	bdb	worm; scarlet stuff; worm
H8438	strongs_he	a maggot (as voracious); specifically (often with ellipsis of 8144) the crimson-grub, but used only (in this connection) of the color from it, and cloths dyed therewith
H8439	bdb	תּוֹלָע n.pr.m. in Issachar; a judge of Israel
H8439	strongs_he	Tola, the name of two Israelites
H8440	bdb	תּוֹלָעִי adj.gent. of foregoing [w.aw.ac]; c. art. as n.coll. Nu 26:23.
H8440	strongs_he	a Tolaïte (collectively) or descendants of Tola
H8441	bdb	abomination
H8441	strongs_he	properly, something disgusting (morally), i.e. (as noun) an abhorrence; especially idolatry or (concretely) an idol
H8442	bdb	wandering, error; error; confusion, disturbance
H8442	strongs_he	mistake, i.e. (morally) impiety, or (political) injury
H8443	bdb	eminence; towering
H8443	strongs_he	(only in plural collective) weariness, i.e. (by implication) toil (treasure so obtained) or speed
H8444	bdb	outgoing; extremity; source; escape
H8444	strongs_he	(only in plural collective) exit, i.e. (geographical) boundary, or (figuratively) deliverance, (actively) source
H8445	bdb	hope
H8445	strongs_he	Tokahath, an Israelite
H8446	bdb	seek out, spy out, explore; seek out, select, spy out, explore, go about; seek out, select; spy out, explore; go about; they made a reconnaissance at Bethel
H8446	strongs_he	to meander (causatively, guide) about, especially for trade or reconnoitring
H8447	bdb	plait; turn
H8447	strongs_he	a succession, i.e. a string or (abstractly) order
H8448	bdb	plait; turn
H8448	strongs_he	a manner (as a sort of turn)
H8449	bdb	turtle-dove
H8449	strongs_he	a ring-dove, often (figuratively) as a term of endearment
H8450	bdb	bullock
H8450	strongs_he	a bull
H8451	bdb	direction, instruction, law; instruction; law, direction; custom, manner
H8451	strongs_he	a precept or statute, especially the Decalogue or Pentateuch
H8452	bdb	direction, instruction, law; instruction; law, direction; custom, manner
H8452	strongs_he	a custom
H8453	bdb	sojourner; [תִּשְׁבֶּה] n.pr.loc. 1 K 17:1 home of Elijah
H8453	strongs_he	a dweller but not outlandish [5237]; especially (as distinguished from a native citizen [active participle of 3427] and a temporary inmate [1616] or mere lodger [3885]) resident alien
H8454	bdb	sound; efficient wisdom; abiding success
H8454	strongs_he	support or (by implication) ability, i.e. (direct) help, (in purpose) an undertaking, (intellectual) understanding
H8455	bdb	club; mace
H8455	strongs_he	a club
H8456	bdb	strike away
H8456	strongs_he	to lop off
H8457	bdb	fornication
H8457	strongs_he	harlotry, i.e. (figuratively) idolatry
H8458	bdb	direction; counsel; rope; steering; directing
H8458	strongs_he	(only in plural) properly, steerage (as a management of ropes), i.e. (figuratively) guidance or (by implication) a plan
H8459	bdb	תּוֹחַ n.pr.m. ancestor of Samuel
H8459	strongs_he	Tochu, an Israelite
H8460	bdb	under
H8460	strongs_he	beneath
H8461	bdb	תַּחְכְּמֹנִי adj.gent. 2 S 23:8
H8461	strongs_he	Tachkemoni, an Israelite
H8462	bdb	beginning
H8462	strongs_he	a commencement; relatively original (adverb, -ly)
H8463	bdb	diseases
H8463	strongs_he	a malady
H8464	bdb	male ostrich
H8464	strongs_he	a species of unclean bird (from its violence), perhaps an owl
H8465	bdb	תַּ֫חַן n.pr.m. an Ephraimite
H8465	strongs_he	Tachan, the name of two Israelites
H8466	bdb	encamping; encampment
H8466	strongs_he	(only plural collectively) an encampment
H8467	bdb	favour; supplication for favour
H8467	strongs_he	graciousness; causatively, entreaty
H8468	bdb	תְּחִנָּה n.pr.m. one in the line of Judah 1 Ch 4:12.
H8468	strongs_he	Techinnah, an Israelite
H8469	bdb	supplication for favour
H8469	strongs_he	earnest prayer
H8470	bdb	תַּחֲנִי adj.gent. only c. art. as subst. coll., הַחּ׳ Nu 26:35.
H8470	strongs_he	a Tachanite (collectively) or descendants of Tachan
H8471	bdb	תַּחְפַּנְחֵס n.pr.loc. Egyptian city
H8471	strongs_he	Tachpanches, Techaphneches or Tachpenes, a place in Egypt
H8472	bdb	תַּחְפְּנֵיס n.pr.f. Egyptian queen
H8472	strongs_he	Tachpenes, an Egyptian woman
H8473	bdb	corselet
H8473	strongs_he	a linen corslet (as white or hollow)
H8474	bdb	burn, be kindled; be angry; burned with zeal, in repairing, and kindled his anger against me; heat oneself in vexation, how canst thou hotly contend, with the horses, because thou strivest eagerly, in cedar
H8474	strongs_he	to vie with a rival
H8475	bdb	תַּחֲרֵעַ n.pr.m. a great-great-grandson of Saul
H8475	strongs_he	Tachrea, an Israelite
H8476	bdb	taḫaš
H8476	strongs_he	a (clean) animal with fur, probably a species of antelope
H8477	bdb	תַּ֫חַשׁ n.pr.m. ‘son’ of Nahor Gn 22:24
H8477	strongs_he	Tachash, a relative of Abraham
H8478	bdb	the under part; underneath; below; instead of
H8478	strongs_he	the bottom (as depressed); only adverbially, below (often with prepositional prefix underneath), in lieu of, etc.
H8479	bdb	under
H8479	strongs_he	under.
H8480	bdb	תַּ֫חַת n.pr. m. Levite Ephraimite loc. station in wilderness
H8480	strongs_he	Tachath, the name of a place in the Desert, also of three Israelites
H8481	bdb	lower; lowest
H8481	strongs_he	bottommost
H8482	bdb	lower; lowest
H8482	strongs_he	lowermost; as noun (feminine plural) the depths (figuratively, a pit, the womb)
H8483	bdb	חָדְשִׁי in n.pr.loc. 2 S 24:6
H8483	strongs_he	Tachtim-Chodshi, a place in Palestine
H8484	bdb	middle
H8484	strongs_he	central
H8485	bdb	תֵּימָא n.pr.terr. et gent. ‘son’ of Ishmael
H8485	strongs_he	Tema, a son of Ishmael, and the region settled by him
H8486	bdb	south; south wind
H8486	strongs_he	the south (as being on the right hand of a person facing the east)
H8487	bdb	תֵּימָן n.pr. (m. et) loc. a N. district of Edom, poet. often = Edom; as name of an Edomite chief
H8487	strongs_he	Teman, the name of two Edomites, and of the region and descendant of one of them
H8488	bdb	תֵּימְנִי appar. n.pr.m. in Judah 1 Ch 4:6.
H8488	strongs_he	Temeni, an Israelite
H8489	bdb	the land of the Temanites
H8489	strongs_he	a Temanite or descendant of Teman
H8490	bdb	column
H8490	strongs_he	a column, i.e. cloud
H8491	bdb	תִּיצִי adj.gent. (?): 1 Ch 11:45, unknown.
H8491	strongs_he	a Titsite or descendant or inhabitant of an unknown Tits
H8492	bdb	must; fresh; new wine
H8492	strongs_he	must or fresh grape-juice (as just squeezed out); by implication (rarely) fermented wine
H8493	bdb	תִּֽירְיָא n.pr.m. (in Judah) 1 Ch 4:16
H8493	strongs_he	fearful, Tirja, an Israelite
H8494	bdb	תִּירָ֑ס n.pr.terr. et gent. ‘son’ of Japhet
H8494	strongs_he	Tiras, a son of Japheth
H8495	bdb	he-goat
H8495	strongs_he	a buck or he-goat (as given to butting)
H8496	bdb	injury; oppression
H8496	strongs_he	oppression
H8497	bdb	were led, assembled
H8497	strongs_he	to strew, i.e. encamp
H8498	bdb	arrangement; preparation; fixed place
H8498	strongs_he	adjustment, i.e. structure; by implication, equipage
H8499	bdb	arrangement; preparation; fixed place
H8499	strongs_he	something arranged or fixed, i.e. a place
H8500	bdb	peacocks
H8500	strongs_he	probably of foreign derivation; some imported creature, probably a peacock
H8501	bdb	injury; oppression
H8501	strongs_he	to dissever, i.e. crush
H8502	bdb	completeness; perfection
H8502	strongs_he	completeness
H8503	bdb	end; completeness
H8503	strongs_he	completion; by implication, an extremity
H8504	bdb	violet; violet thread; stuff
H8504	strongs_he	the cerulean mussel, i.e. the color (violet) obtained therefrom or stuff dyed therewith
H8505	bdb	regulate, measure, estimate; estimate; by him, are actions estimated, be adjusted to the standard; by him, are actions estimated; be adjusted to the standard; mete out; measured out
H8505	strongs_he	to balance, i.e. measure out (by weight or dimension); figuratively to arrange, equalize, through the idea of levelling (ment, estimate, test)
H8506	bdb	measurement
H8506	strongs_he	a fixed quantity
H8507	bdb	תֹּ֫כֶן n.pr.loc. in Simeon, 1 Ch 4:32
H8507	strongs_he	Token, a place in Palestine
H8508	bdb	measurement; proportion
H8508	strongs_he	admeasurement, i.e. consummation
H8509	bdb	robe
H8509	strongs_he	a wrapper or robe
H8510	bdb	mound; mound; mound
H8510	strongs_he	a mound
H8511	bdb	hang
H8511	strongs_he	to suspend; figuratively (through hesitation) to be uncertain; by implication (of mental dependence) to habituate
H8512	bdb	תֵּל אָבִיב n.pr.loc. in Babylonia, on the ‘river Chebar,’ Ez 3:15.
H8512	strongs_he	Tel-Abib, a place in Chaldaea
H8513	bdb	weariness; hardship
H8513	strongs_he	distress
H8514	bdb	drought
H8514	strongs_he	desiccation
H8515	bdb	תְּלַאשָּׂ֑ר n.pr.loc. appar. in Mesopot.
H8515	strongs_he	Telassar, a region of Assyria
H8516	bdb	raiment
H8516	strongs_he	a garment
H8517	bdb	snow
H8517	strongs_he	snow
H8518	bdb	hang; hang; princes have been hung up by their hands; hang up
H8518	strongs_he	to suspend (especially to gibbet)
H8519	bdb	murmuring
H8519	strongs_he	a grumbling
H8520	bdb	תֶּ֫לַח n.pr.m. in Ephraim;—1 Ch 7:25
H8520	strongs_he	Telach, an Israelite
H8521	bdb	תֵּל חַרְשָׁא n.pr.loc. in Babylonia
H8521	strongs_he	Tel-Charsha, a place in Babylonia
H8522	bdb	quiver; hanging
H8522	strongs_he	a quiver (as slung)
H8523	bdb	third; third
H8523	strongs_he	third
H8524	bdb	exalted; lofty
H8524	strongs_he	to pile up, i.e. elevate
H8525	bdb	furrow
H8525	strongs_he	a bank or terrace
H8526	bdb	תַּלְמַי n.pr.m. king of Geshur, father-in-law of David a son of Anaḳ
H8526	strongs_he	Talmai, the name of a Canaanite and a Syrian
H8527	bdb	scholar
H8527	strongs_he	a pupil
H8528	bdb	תֵּל מֶ֫לַח n.pr.loc. in Babylonia
H8528	strongs_he	Tel-Melach, a place in Babylonia
H8529	bdb	clad in scarlet
H8529	strongs_he	to crimson, i.e. dye that color
H8530	bdb	exitialia; fatal thing
H8530	strongs_he	something tall, i.e. (plural collective) slenderness
H8531	bdb	a third part
H8531	strongs_he	a tertiary rank
H8532	bdb	three
H8532	strongs_he	three or third
H8533	bdb	thirty
H8533	strongs_he	ten times three
H8534	bdb	תַּלְתַּלִּים n.f. (?) pl. as fig. of woman’s locks, mng. dub.: Ct 5:11;
H8534	strongs_he	a trailing bough (as pendulous)
H8535	bdb	complete; complete, perfect; sound, wholesome; complete, morally innocent, having integrity
H8535	strongs_he	complete; usually (morally) pious; specifically, gentle, dear
H8536	bdb	there
H8536	strongs_he	there
H8537	bdb	completeness, integrity; completeness, fulness; innocence, simplicity; integrity
H8537	strongs_he	completeness; figuratively, prosperity; usually (morally) innocence
H8538	bdb	integrity
H8538	strongs_he	innocence
H8539	bdb	be astounded, dumbfounded; be astounded; astonish yourselves, be astounded
H8539	strongs_he	to be in consternation
H8540	bdb	wonder
H8540	strongs_he	a miracle
H8541	bdb	bewilderment
H8541	strongs_he	consternation
H8542	bdb	Tammuz
H8542	strongs_he	Tammuz, a Phoenician deity
H8543	bdb	yesterday; recently; formerly
H8543	strongs_he	properly, ago, i.e. a (short or long) time since; especially yesterday, or day before yesterday
H8544	bdb	likeness; form
H8544	strongs_he	something portioned (i.e. fashioned) out, as a shape, i.e. (indefinitely) phantom, or (specifically) embodiment, or (figuratively) manifestation (of favor)
H8545	bdb	exchange; recompense
H8545	strongs_he	barter, compensation
H8546	bdb	death
H8546	strongs_he	execution (as a doom)
H8547	bdb	תָּ֑מַח n.pr.m. head of a Jewish family
H8547	strongs_he	Temach, one of the Nethinim
H8548	bdb	continuity; continually
H8548	strongs_he	properly, continuance (as indefinite extension); but used only (attributively as adjective) constant (or adverbially, constantly); elliptically the regular (daily) sacrifice
H8549	bdb	complete, sound; complete, whole, entire; whole, sound, healthful; complete, entire; sound, wholesome, unimpaired, innocent, having integrity; what is complete, entirely in accord with truth and fact
H8549	strongs_he	entire (literally, figuratively or morally); also (as noun) integrity, truth
H8550	bdb	completeness, integrity; completeness, fulness; innocence, simplicity; integrity
H8550	strongs_he	perfections, i.e. (techn.) one of the epithets of the objects in the high-priest's breastplate as an emblem of complete Truth
H8551	bdb	grasp, support, attain; grasp, lay hold of, hold up, support, hold, keep; grasp, lay hold of; hold up, support; hold, keep; in the cords of his sin is he seized
H8551	strongs_he	to sustain; by implication, to obtain, keep fast; figuratively, to help, follow close
H8552	bdb	be complete, finished; be finished, completed, be finished, come to an end, cease, be complete, be consumed, exhausted, spent, be finished, consumed, destroyed, be complete, sound, unimpaired; be finished, completed; be finished, come to an end, cease; be complete; be consumed, exhausted, spent; be finished, consumed, destroyed; be complete, sound, unimpaired; finish, complete, perfect, finish, cease doing, complete, sum up, destroy, make sound thy ways; finish, complete, perfect; finish, cease doing; complete, sum up; destroy; make sound thy ways; deal in integrity with
H8552	strongs_he	to complete, in a good or a bad sense, literal, or figurative, transitive or intransitive
H8553	bdb	portion, territory
H8553	strongs_he	Timnah, the name of two places in Palestine
H8554	bdb	the Timnite
H8554	strongs_he	a Timnite or inhabitant of Timnah
H8555	bdb	תִּמְנָע n.pr.m. and f. Edomite name. n.pr.m. a chief of Edom son of Eliphaz f. sister of Lotan (of Seir); concubine of Eliphaz son of Esau
H8555	strongs_he	Timna, the name of two Edomites
H8556	bdb	territory of the Sun; תִּמְנַת סֶ֫רַח n.pr.loc. by metath. from foregoing [m.cm.ai], to avoid idolatr. suggestion
H8556	strongs_he	Timnath-Cheres, a place in Palestine
H8557	bdb	melting
H8557	strongs_he	liquefaction, i.e. disappearance
H8558	bdb	palm-tree; date-palm
H8558	strongs_he	a palm tree
H8559	bdb	תָּמָר n.pr. f. daughter-in-law of Judah daughter of David, sister of Absalom loc. site not certain
H8559	strongs_he	Tamar, the name of three women and a place
H8560	bdb	palm-tree; post
H8560	strongs_he	a palm trunk
H8561	bdb	palm; figure
H8561	strongs_he	(architectural) a palm-like pilaster (i.e. umbellate)
H8562	bdb	תַּמְרוּק n.[m.] id. [m.do.ab]
H8562	strongs_he	properly, a scouring, i.e. soap or perfumery for the bath; figuratively, a detergent
H8563	bdb	bitterness
H8563	strongs_he	bitterness (plural as collective)
H8564	bdb	sign-posts
H8564	strongs_he	an erection, i.e. pillar (probably for a guide-board)
H8565	bdb	serpent; dragon; sea-monster
H8565	strongs_he	a monster (as preternaturally formed), i.e. a sea-serpent (or other huge marine animal); also a jackal (or other hideous land animal)
H8566	bdb	hire; hire; have hired
H8566	strongs_he	to present (a mercenary inducement), i.e. bargain with (a harlot)
H8567	bdb	recount, rehearse; let them recount
H8567	strongs_he	to ascribe (praise), i.e. celebrate, commemorate
H8568	bdb	jackal
H8568	strongs_he	a female jackal
H8569	bdb	opposition
H8569	strongs_he	alienation; by implication, enmity
H8570	bdb	fruit; produce
H8570	strongs_he	produce
H8571	bdb	tip; lobe
H8571	strongs_he	a pinnacle, i.e. extremity
H8572	bdb	slumber
H8572	strongs_he	drowsiness, i.e. sleep
H8573	bdb	a swinging; waving; wave-offering; offering
H8573	strongs_he	a brandishing (in threat); by implication, tumult; specifically, the official undulation of sacrificial offerings
H8574	bdb	stove; fire-pot
H8574	strongs_he	a fire-pot
H8575	bdb	consolation
H8575	strongs_he	compassion, solace
H8576	bdb	תַּנְחֻ֫מֶת n.pr.m. parent of Seraiah, a Hebr. captain, after fall of Jerus.
H8576	strongs_he	Tanchumeth, an Israelite
H8577	bdb	jackal; serpent; dragon; sea-monster
H8577	strongs_he	a marine or land monster, i.e. sea-serpent or jackal
H8578	bdb	second
H8578	strongs_he	second
H8579	bdb	the second time
H8579	strongs_he	a second time
H8580	bdb	ibis, water-hen; lizard, chameleon
H8580	strongs_he	properly, a hard breather, i.e. the name of two unclean creatures, a lizard and a bird (both perhaps from changing color through their irascibility), probably the tree-toad and the water-hen
H8581	bdb	be abhorred; regard as an abomination, abhor, cause to be an abomination; regard as an abomination, abhor; cause to be an abomination; make abominable, do abominably
H8581	strongs_he	to loathe, i.e. (morally) detest
H8582	bdb	err; wander about; wander about; be made to wander about, be led astray; be made to wander about; be led astray; cause to wander about, cause to err, mislead; cause to wander about; cause to err, mislead
H8582	strongs_he	to vacillate, i.e. reel or stray (literally or figuratively); also causative of both
H8583	bdb	תֹּ֫עִי n.pr.m. king of Hamath
H8583	strongs_he	Tou or Toi, a Syrian king
H8584	bdb	testimony; attestation
H8584	strongs_he	attestation, i.e. a precept, usage
H8585	bdb	healing; water-course; water-course, conduit, trench; water-course; conduit; trench
H8585	strongs_he	a channel (into which water is raised for irrigation); also a bandage or plaster (as placed upon a wound)
H8586	bdb	wantonness; caprice
H8586	strongs_he	caprice (as a fit coming on), i.e. vexation; concretely a tyrant
H8587	bdb	hidden thing; secret
H8587	strongs_he	a secret
H8588	bdb	daintiness; luxury; exquisite delight
H8588	strongs_he	luxury
H8589	bdb	humiliation
H8589	strongs_he	affliction (of self), i.e. fasting
H8590	bdb	תַּעֲנָךְ n.pr.loc. in Great Plain
H8590	strongs_he	Taanak or Tanak, a place in Palestine
H8591	bdb	mock; a mocker; mocking at
H8591	strongs_he	to cheat; by analogy, to maltreat
H8592	bdb	might
H8592	strongs_he	might (plural collective)
H8593	bdb	razor; sheath
H8593	strongs_he	a knife or razor (as making bare); also a scabbard (as being bare, i.e. empty)
H8594	bdb	pledge
H8594	strongs_he	suretyship, i.e. (concretely) a pledge
H8595	bdb	mockery
H8595	strongs_he	a fraud
H8596	bdb	timbrel; tambourine
H8596	strongs_he	a tambourine
H8597	bdb	beauty; glory
H8597	strongs_he	ornament (abstractly or concretely, literally or figuratively)
H8598	bdb	apple-tree; apple
H8598	strongs_he	an apple (from its fragrance), i.e. the fruit or the tree (probably includ. others of the pome order, as the quince, the orange, etc.)
H8599	bdb	תַּפּוּחַ n.pr.loc. in lowland of Judah on border between Ephraim and Manasseh; תַּפֻּחַ n.pr.m. son of Hebron, acc. to 1 Ch 2:43
H8599	strongs_he	Tappuach, the name of two places in Palestine, also of an Israelite
H8600	bdb	your dispersions
H8600	strongs_he	a dispersal
H8601	bdb	baken pieces; thou shalt break it
H8601	strongs_he	cookery, i.e. (concretely) a cake
H8602	bdb	tasteless; unseasoned; whitewash
H8602	strongs_he	plaster (as gummy) or slime; (figuratively) frivolity
H8603	bdb	תֹּ֫פֶל n.pr.loc. in, or near, the ‛Arabah;—Dt 1:1
H8603	strongs_he	Tophel, a place near the Desert
H8604	bdb	unsavouriness; unseemliness
H8604	strongs_he	frivolity
H8605	bdb	prayer
H8605	strongs_he	intercession, supplication; by implication, a hymn
H8606	bdb	shuddering; horror
H8606	strongs_he	fearfulness
H8607	bdb	תִּפְסַח n.pr.loc. on Euphrates;—1 K 5:4, NE. limit of Sol.’s dominion
H8607	strongs_he	Tiphsach, a place in Mesopotamia
H8608	bdb	sound the timbrel, beat; twittering
H8608	strongs_he	to drum, i.e. play (as) on the tambourine
H8609	bdb	sew together; they sewed together; those who keep sewing
H8609	strongs_he	to sew
H8610	bdb	lay hold of, wield; lay hold of, seize, grasp, wield, wield, use skilfully; lay hold of, seize; grasp, wield, wield, use skilfully; be seized, arrested, caught; thou mayest grasp
H8610	strongs_he	to manipulate, i.e. seize; chiefly to capture, wield, specifically, to overlay; figuratively, to use unwarrantably
H8611	bdb	spitting
H8611	strongs_he	a smiting, i.e. (figuratively) contempt
H8612	bdb	תֹּ֫פֶת n.pr.loc. in valley, S. of Jerusalem
H8612	strongs_he	Topheth, a place near Jerusalem
H8613	bdb	תׇּפְתֶּה n.pr.loc. as a place of burning Is 30:33
H8613	strongs_he	Tophteh, a place of cremation
H8614	bdb	תִּפְתָּיֵא Kt, –תָּאֵי Qr, n.m.pl. name of official
H8614	strongs_he	judicial, i.e. a lawyer
H8615	bdb	hope; hope; things hoped for, outcome; cord
H8615	strongs_he	literally a cord (as an attachment); figuratively, expectancy
H8616	bdb	hope
H8616	strongs_he	Tikvah, the name of two Israelites
H8617	bdb	standing; power to stand
H8617	strongs_he	resistfulness
H8618	bdb	[תְּקוֹמֵם], וּבִתְקוֹמְמֶיךָ ψ 139:21, v. √, Hithpō‛l.
H8618	strongs_he	an opponent
H8619	bdb	blast-; instrument
H8619	strongs_he	a trumpet
H8620	bdb	תְּקוֹעַ n.pr.loc. in S. Judah
H8620	strongs_he	Tekoa, a place in Palestine
H8621	bdb	תְּקוֹעִי, תְּקֹעִי adj.gent. of foregoing [w.bp.ad]
H8621	strongs_he	a Tekoite or inhabitant of Tekoah
H8622	bdb	coming round; circuit
H8622	strongs_he	a revolution, i.e. (of the sun) course, (of time) lapse
H8623	bdb	mighty
H8623	strongs_he	powerful
H8624	bdb	strong; mighty
H8624	strongs_he	mighty, strong.
H8625	bdb	shekel; weigh
H8625	strongs_he	to balance
H8626	bdb	become straight; put straight, arrange in order
H8626	strongs_he	to equalize, i.e. straighten (intransitive or transitive); figuratively, to compose
H8627	bdb	be in order
H8627	strongs_he	to straighten up, i.e. confirm
H8628	bdb	thrust, clap, give a blow, blast; thrust, drive, give a blast, blow, strike, clap; thrust, drive; give a blast, blow; strike, clap; a horn shall be blown, who is there that will strike himself, into my hand?; a horn shall be blown; who is there that will strike himself, into my hand?
H8628	strongs_he	to clatter, i.e. slap (the hands together), clang (an instrument); by analogy, to drive (a nail or tent-pin, a dart, etc.); by implication, to become bondsman by handclasping)
H8629	bdb	blast
H8629	strongs_he	a blast of a trumpet
H8630	bdb	prevail over; overpower
H8630	strongs_he	to overpower
H8631	bdb	grow strong; grow arrogant; make strong, stringent
H8631	strongs_he	to become (causatively, make) mighty or (figuratively) obstinate
H8632	bdb	might; [תְּקֹף] n.[m.] id. [xw.ai.ab];—emph. Dn 2:37.
H8632	strongs_he	power
H8633	bdb	power; strength; energy
H8633	strongs_he	might or (figuratively) positiveness
H8634	bdb	תַּרְאֲלָה n.pr.loc. in Benjamin Jos 18:27
H8634	strongs_he	Taralah, a place in Palestine
H8635	bdb	increase; brood
H8635	strongs_he	multiplication, i.e. progeny
H8636	bdb	increment; interest; usury
H8636	strongs_he	multiplication, i.e. percentage or bonus in addition to principal
H8637	bdb	foot it, go about; go about, as slanderer; slander, go about as explorer, spy; slander; go about as explorer, spy; I taught, to walk
H8637	strongs_he	to cause to walk
H8638	bdb	interpret; translate
H8638	strongs_he	to transfer, i.e. translate
H8639	bdb	deep sleep
H8639	strongs_he	a lethargy or (by implication) trance
H8640	bdb	תִּרְהָקָה n.pr.m. king of Egypt, of Ethiop. dynasty
H8640	strongs_he	Tirhakah, a king of Kush
H8641	bdb	contribution; offering; lifted off; separated
H8641	strongs_he	a present (as offered up), especially in sacrifice or as tribute
H8642	bdb	what belongs to a contribution; attendant; secondary contribution; subdivision
H8642	strongs_he	a sacrificial offering
H8643	bdb	shout; blast of war; alarm; joy
H8643	strongs_he	clamor, i.e. acclamation of joy or a battle-cry; especially clangor of trumpets, as an alarum
H8644	bdb	healing
H8644	strongs_he	a remedy
H8645	bdb	cypress; holm-tree
H8645	strongs_he	a species of tree (apparently from its slenderness), perhaps the cypress
H8646	bdb	תֶּ֫רַח n.pr. m. father of Abraham loc. station of Exodus journey
H8646	strongs_he	Terach, the father of Abraham; also a place in the Desert
H8647	bdb	תִּרְחֲנָה n.pr. [m. ? f. ?] child of Caleb 1 Ch 2:48
H8647	strongs_he	Tirchanah, an Israelite
H8648	bdb	two
H8648	strongs_he	two
H8649	bdb	in treachery; treacherously; deceitfulness
H8649	strongs_he	fraud
H8650	bdb	mast
H8650	strongs_he	a pole (as a mast or flagstaff)
H8651	bdb	gate; door
H8651	strongs_he	a door; by implication, a palace
H8652	bdb	porter; doorkeeper
H8652	strongs_he	a doorkeeper
H8653	bdb	reeling
H8653	strongs_he	reeling
H8654	bdb	תִּרְעָתִים n.pr.m.pl. a Kenite family, 1 Ch 2:55
H8654	strongs_he	a Tirathite or inhabitant of an unknown Tirah
H8655	bdb	תְּרָפִים n.m. pl. a kind of idol, obj. of reverence, and means of divination (√ and etymol.-mng. dub.)
H8655	strongs_he	Teraphim (singular or plural) a family idol
H8656	bdb	pleasure, beauty
H8656	strongs_he	Tirtsah, a place in Palestine; also an Israelitess
H8657	bdb	תֶּ֫רֶשׁ n.pr.m. eunuch at court of Ahasuerus
H8657	strongs_he	Teresh, a eunuch of Xerxes
H8658	bdb	yellow jasper
H8658	strongs_he	a gem, perhaps the topaz
H8659	bdb	תַּרְשִׁישׁ n.pr. loc. a distant port, site not certainly known m. in Benjamin Persian noble
H8659	strongs_he	Tarshish, a place on the Mediterranean, hence, the ephithet of a merchant vessel (as if for or from that port); also the name of a Persian and of an Israelite
H8660	bdb	Tirshathâ
H8660	strongs_he	the title of a Persian deputy or governor
H8661	bdb	field-marshal
H8661	strongs_he	Tartan, an Assyrian
H8662	bdb	תַּרְתָּ֑ק n.pr.div. 2 K 17:31; not identified
H8662	strongs_he	Tartak, a deity of the Avvites
H8663	bdb	noise
H8663	strongs_he	a crashing or loud clamor
H8664	bdb	תִּשְׁבִּי adj.gent.
H8664	strongs_he	a Tishbite or inhabitant of Tishbeh (in Gilead)
H8665	bdb	chequered; plaited; work
H8665	strongs_he	checkered stuff (as reticulated)
H8666	bdb	return; answer
H8666	strongs_he	a recurrence (of time or place); a reply (as returned)
H8667	bdb	pledge; security
H8667	strongs_he	a deposit, i.e. pledging
H8668	bdb	deliverance; salvation
H8668	strongs_he	rescue (literal or figurative, persons, national or spiritual)
H8669	bdb	longing
H8669	strongs_he	a longing
H8670	bdb	gift; present
H8670	strongs_he	a gift
H8671	bdb	ninth
H8671	strongs_he	ninth
H8672	bdb	a nine; nonad
H8672	strongs_he	nine or (ordinal) ninth
H8673	bdb	ninety
H8673	strongs_he	ninety
H8674	bdb	תַּתְּנַי n.pr.m. Pers. prefect in Syria
H8674	strongs_he	Tattenai, a Persian
